review,sentiment
"I went to see Random Hearts with 3 friends, and at first, I thought maybe it was just me who wasn't enjoying the movie. After all, I didn't like As Good As it Gets and that movie won all sorts of awards. Well, it wasn't just me...none of my friends liked it either. It was unbelievable slow, much like getting teeth pulled. The only action that is in the movie is what is in previews. We didn't walk out of the theatre because we all assumed something more would happen. We weren't as smart as the 7 or 8 people who did walk out. I have never walked out on a movie in my life, but I definitely should have. This is all tough for me to write, considering I am relatively easy to please when it comes to movies. It takes a lot for me to think a movie is awesome, but not much for me to just like it. This movie didn't even come close in the like category. Not only was the movie about 2 hours too long, but it was like two separate trite stories in one, but they weren't smoothly sewn together. Plus, the ""soundtrack"" if you could even call it that was so annoying. Like Seinfeld has the same riff that is played over and over again (difference being that i like Seinfeld)..this movie had this jazz riff that it kept playing, which sounded highly inappropriate at times, especially when people were dealing with the deaths of the plane crash. Hard to explain what I mean, but trust me it was awful. I cannot say enough to make people not waste their money. After I left the theatre, I honestly wanted to write to the movie company and demand my $7 back..sheeesh, I could have gone bowling or something for that money.",negative
"This is a great British film. A cleverly observed script with many quotable lines, which captures perfectly what magic mushrooms can do to a man over a weekend. As per usual Phil Daniels is excellent along with that most under rated of British actors Geoff Bell. Peter Bowles with a joint hanging out of his mouth is a casting masterstroke and Gary Stretch with his brooding looks brings something strangely atmospheric to the piece. Although it seems to be billed as a biker movie, i think it will find an audience outside of this, purely on the premise that a lot of people have been there done it and got the t-shirt. also A great original soundtrack with a blinding version of Freebird. This really could be a 21st century heir to the famous Ealing comedies. Like the weed in the Welsh fields: it's a grower!",positive
"Based on an actual story, John Boorman shows the struggle of an American doctor, whose husband and son were murdered and she was continually plagued with her loss. A holiday to Burma with her sister seemed like a good idea to get away from it all, but when her passport was stolen in Rangoon, she could not leave the country with her sister, and was forced to stay back until she could get I.D. papers from the American embassy. To fill in a day before she could fly out, she took a trip into the countryside with a tour guide. ""I tried finding something in those stone statues, but nothing stirred in me. I was stone myself."" <br /><br />Suddenly all hell broke loose and she was caught in a political revolt. Just when it looked like she had escaped and safely boarded a train, she saw her tour guide get beaten and shot. In a split second she decided to jump from the moving train and try to rescue him, with no thought of herself. Continually her life was in danger. <br /><br />Here is a woman who demonstrated spontaneous, selfless charity, risking her life to save another. Patricia Arquette is beautiful, and not just to look at; she has a beautiful heart. This is an unforgettable story. <br /><br />""We are taught that suffering is the one promise that life always keeps.""",positive
"Unfortunately, one of the best efforts yet made in the area of special effects has been made completely pointless by being placed alongside a lumbering, silly and equally pointless plot and an inadequate, clichéd screenplay. Hollow Man is a rather useless film.<br /><br />Practically everything seen here has been done to death - the characters, the idea and the action sequences (especially the lift shaft!) - with the only genuinely intriguing element of the film being the impressive special effects. However, it is just the same special effect done over and over again, and by the end of the film that has been done to death also. I was hoping before watching Hollow Man that the Invisible Man theme, which is hardly original in itself, would be the basis of something newer and more interesting. This is not so. It isn't long before the film turns into an overly-familiar blood bath and mass of ineffectual histrionics - the mound of clichés piles up so fast that it's almost impressive.<br /><br />On top of all this, Kevin Bacon does a pretty useless job and his supporting cast are hardly trying their best. Good points might be a passable Jerry Goldsmith score (but no competition for his better efforts), a quite interesting use of thermal imagery and the special effects. I was tempted to give this film three out of ten, but the effects push Hollow Man's merit up one notch.<br /><br />4/10",negative
"This has to be one of the most beautiful, moving, thought provoking films around. It's good family entertainment and at the same time makes you think very hard about the issues involved. Every time I see the ""ghost of Zac riding the bike through the puddle at the end I can't help but cry my eyes out. John Thaw's performance is so touching and it is a shame he is no longer with us. Gone but not forgotten. A outstanding film. Full marks.",positive
"If this movie was about a fictional character, the movie could stand on its own and be judged objectively. Unfortunately for the viewer, the movie is based on ""facts"" that are shaded very unfairly toward Ruben Carter. Many of the smaller facts were disregarded (Carter was NOT number one contender at the time of the murders, there is no proof at all that he saved a friend from a child molester in his youth), but some of the larger facts, like apparently being robbed of a decision to Joey Giardello because of ""racist"" judges, is inexcusable to those of us who have seen the fight on tape, and completely disrespectful to Giardello. Why Hollywood feels the need to make a hero out of someone who, at best, was in trouble and around trouble much more than any normal person should be (was arrested multiple times for beating women) is strange to me. Ruben Carter was never, by viewing his actions in the 60's and even now, when he refuses to speak to his son, a person that people can look up to. Everyone knows that Jewison can direct, and Washington can act, but why they chose this story as their vehicle is beyond me. Is Hollywood so much in need of a black hero that they need to bend the truth in all of their bio pics to make them believable? (Heres a suggestion How about Denzel playing a movie about himself? Now thats inspirational) Based on all of the inaccuracies in the movie, I would suggest passing on this one.",negative
"This film is a brilliant retelling of Shakespeare's classic love story, complete with ""kinky sex, body piercing, and dismemberment"". It does follow the same spirit as all the other Troma movies [except Combat Shock...That sucker was depressing] but it's not only for Troma fans. Anybody who appreciates lowbrow visuals and a hilarious script will without a doubt fall in love with this movie.<br /><br />Don't expect pretentious, artistic-wannabe crap like the version of R&J with Claire Danes and Leo DiCaprio; this one knows its a silly movie and draws its humor from that. The acting is also surprisingly good, and you can just feel Sammy Capulet's pain as he tries to put his brain back into his head.<br /><br />The soundtrack, which contains many original and high-energy bands like The Wesley Willis Fiasco, Supernova, and The Meatmen is also four-star. This movie should be viewed by all, because it remains faithful to the original story while still being jam-packed with Troma's trademark gore/sex humor.",positive
"It's astonishing that some people saw this as art. We saw it as a poorly filmed (shaky hand-held camera and all), (generally) badly acted, unscripted mess that seemed more like a high school film project with the kids experimenting in black & white film making. Injecting mounds of poetry in place of a story does not an art film make. When we watched this in the theatre, people were starting to have fits of the giggles (us included) at the endless stupidity of this self-indulgent, meandering mess. And believe me, it does seem endless. Had we finished our candy and popcorn, we too would have walked out of the theatre with the other two dozen people who packed up and left looking for something more interesting to do!",negative
"It's rare that I come across a film this awful, this annoying and this irritating. It is without doubt one of the worst films I've ever seen.<br /><br />The plot, when it's not a blur of confusing and pointlessly over flashy editing, is ludicrous. Why did Domino become such a bad-ass tough bitch? Because her gold fish died when she was a kid and this ""traumatic"" event left her emotionally stunted, and hating everyone. When the dialogue is not clichéd or banal, it's littered with laughable lines such as: ""There are three kinds of people in this world: the rich... the poor... and everyone else"". At one point the bounty hunters have some guy tied up in the back of their bus who has a combination number tattooed on his arm. Because of a confusing mobile phone call, instead of rolling his sleeve up and just reading the number, they blow off his arm with a shotgun. At another point, the bounty hunters take a bomb to a meeting arranged with the mafia and threaten to set the bomb off unless the mafia let them go!? Clearly not going to the meeting would have been just too easy.<br /><br />Keira Knightley is unconvincing and dreadfully miscast. Mickey Rourke does manage to salvage some credibility from this mess.<br /><br />I have enjoyed some of Tony Scott's previous films, True Romance being one, but all I could think while suffering this drivel was that it must have been made by a complete idiot.",negative
"Now, I like sci-fi cartoons. However, when ""Robotboy"" appeared in Canada in late 2006, I watched the premiere and was inevitably appalled. The characters are generic and stereotypical (Do they REALLY need to make an African-American man wear tiger-stripe print clothing and speak in a Jamacian accent? WHY are all the Asian characters vibrant yellow and squinting? Does the mother HAVE to have big thighs and chest and constantly complain?) to the point where things become unrealistic, predictable, gross and sometimes disturbing. There are heavy similarities to, even stabs, at Astro Boy. Allow me to explain (dub names for the young): Robotboy/Astro, Kamikaze/Tenma, Constantine/Shadow, Gus/Abercrombie, Tommy/Alejo, Lola/Zoran+Kennedy, Moshimo/O'Shay, and it so on. Brief resemblances to ""My Life As A Teenage Robot"", ""Star Wars"", ""Teenage Mutant Ninja Turtles"", ""Kamen Riders"", ""Sailor Moon"" and co. are afoot. Not to mention the abundant racial/gender stereotyping. Don't even get me started on the innuendos. I'll just say they're hidden and quite dirty. But seriously. Don't even try watching this. Especially if you like Astro Boy.",negative
"I agree that the movie is a little slow at spots having many scenes of mundane everyday life and no dialog. And I wasn't impressed right after I watched it. However, after a few days, I realized that the movie stays with me and it evokes a melancholy mood which lingers in my mind. My appreciation of this movie increases. It certainly merits a higher consideration than those movies that are instantly forgettable.<br /><br />As many have commented, the movie is non-linear and that's a hallmark of European film-making as opposed to the linear narrative form that Hollywood favors. I don't really know whether it's true or not. Many also dislike its confusing structure and lack of clear explanations. To those viewers, I don't think there is much I can say to change their opinions. However, for others who have yet to see the film, DO expect to be challenged and DON'T expect the film to supply all the answers and you might come away enjoying it more than you would otherwise.<br /><br />The movie skips around a bit but really chronicles just 3 time periods. Pay attention to the hair style and you can easily separate out 2 of the 3 periods. It is also not as confusing as suggested; just enjoy and it'll all be clear at the end.<br /><br />Yes, lots of things are left unsaid or not shown, and lots of situations are left unexplored. But isn't that what life is like? A lot of time you're not sure of the motives of your friends/loved ones unless you confront them and even then, you can never be 100% sure if they told you the whole truth. This type of movies forces us to interpret the reasons behind the actions. The movie does, however, leave enough hints for you to make some reasonable assumptions. For example, Mathieu is manic depressive, to the point of suicidal. Why? I don't know, maybe his life is not turning out exactly as he expects it; maybe he misses his family but hasn't forgiven his father for abandoning his sick mother at her hours of need; maybe after all he sacrifices for Cedric, rearranging and indeed, shattering his life to be with him, he realizes that it is all ""coming undone"". I think the director meant to show us that he has always been a little off, mentality fragile by that scene w/ the dead bird. Maybe he has a very sensitive psyche and all these stresses are taking a toll on him. But we're also shown that he is not some animal torturing psycho by his loving interaction w/ the stray cat. Also, there is one conversation between the doctor and Cedric that sheds light on the reason behind the breakup and maybe the suicide attempt. The doctor asks him if everything is okay, and Cedric thinks so even though he cheated on Mathieu once, but that's nothing, according to Cedric. Is that the only reason, we don't know, there are probably others, all mixed up together. Is it paramount that we know exactly what they are? I don't think so, for this movie. Another telltale sign that they are ultimately not compatible is the historical ruins scene. Mathieu is interested in studying the ruins, Cedric is not. He is the one w/ the raging hormone who focuses only on the physical side without an intellectual side that Mathieu obviously needs.<br /><br />Finally, the ending is really rather hopeful and sweet. I was pleasantly surprised by the turn of events after the bleak tone that edges toward the end.<br /><br />I have two complaints for the DVD. One is the sound. It's very soft. I had to crank up the volume to hear the dialog and then when it switched to a bar or outdoor crowd scene, it became too loud. The other is that the subtitles can't be turn off; they stay on the screen. Most foreign movie DVDs not released by a major studio are shoddy this way unfortunately.",positive
"Awesome Movie! Great combination of talents! I'm a HUGE fan of David Duchovny and he is outstanding in this movie! I would love to see him in more movies of this nature. His talents are definitely under-used and has SO much more to offer besides ""Agent Mulder"" (although I'm a huge fan of that series too), Anyway, I want to see more of him. He is easily the Cary Grant of our generation. If you haven't seen this movie, you MUST! Great love story that shows love never dies... it's with you forever. Minnie Driver is great and how can you go wrong with a cast containing Mr. O'Connor and Mr. Loggia and Mr. Belushi? This movie didn't get any type of awards nod, but deserved one. Great job Bonnie Hunt! ** By the way... the soundtrack is great too! **",positive
"Netflix should mention this short feature on the info for Silk Stockings. Superior in every way to that over-produced fluff. This had much better Cole Porter songs and lots more energy. Silk Stockings turned out to be a big disappointment. Fred was getting too old for this sort of thing, though the dances and Cyd are lovely. I will be on the watch for the Garbo--Melvyn Douglas version of Ninotchka. Was Peter Lorre ill during the making of Silk Stockings--he seems to be very passive in the more active numbers and with less lines? Very glad that I ran across Paree--Paree by pure accident. Made the whole experience a lot more enjoyable. Bob Hope, as a simple ""song and dance man' is pure joy.",positive
"An interesting idea involving an alternative dimension inside a hospital. It recalled - Stephen Kings ""Langoliers"", ""Kingdom Hospital"" and old twilight zone episodes. Atmospherically strong, the set up was great. There were also some very clever 'time loop' moments which always have that head-melt appeal. The story had plenty of vague references which led me to believe that all the ensuing weirdness of - time slips / ghosts / a weird bat winged demon and a rather silly heavy metal attired ghoul-thing would be explained. And THAT was were Dark Floors severely let me down. Based on my viewing the movie gives NO EXPLANATION as to what is behind the events. Whilst, some ambiguity is always expected/welcome in these kind of films. Dark floors took it to new heights of vagueness. I don't expect things wrapped up in a pretty ribbon, but neither should I be left feeling ""Huh? .. is that it? ... Did I dose off? Maybe, I hit chapter skip by mistake?"" Dark Floors left me with a deeply unsatisfying suspicion that ""It was all a dream"" which is a shame because up until the last reel I was very much on board and enjoying the movie.",negative
"As is nearly always the case, when Britain comes up with an entertaining and/or successful sit-com or quiz show, the Yanks will come along and poach the format and produce their own, grossly inferior, version. Man About The House is, of course, no exception to that rule. The Yanks' version ( Three's Company ) was unwatchable, braindead pap that seem to run forever. A prime example of quantity over ( non-existent ) quality. The original, on the other hand, is a fondly-remembered gem that had the savvy ( like Fawlty Towers ) to pull the plug at precisely the right time ( unlike the 637 episodes of 'hilarity' that Three's Company came up with ). Jo was cute, there was brilliant chemistry between the Ropers, Richard O'Sullivan made it all look so easy, the scripts, whilst not exactly Oscar Wilde-standard, were consistently funny and Chrissy was THE most drop-dead gorgeous woman who has walked the face of this planet since The Dead Sea was merely feeling unwell. 'Nuff said.",positive
"well, i hated knocked up, i despised 40-year-old virgin, and this little gem is a worthless piece of trash movie. do yourself a favor, and skip it. i admit, i don't like the actors in this movie, and after my 18-year-old son showed me the cover of the DVD, i was like, ""i wouldn't like that movie,"" but at his insistence, i decided to give it a try, unfortunately. <br /><br />about two minutes into the movie i turned it off, i was so offended. it's just disgusting. any decent person would be offended by the filth in this movie. call me old fashioned, but shoving your pussy juice-covered hand into your friend's face so he will know you ""got some"" is over the line of decency, in my opinion. yeah, that's how this putrid little film starts, and i can only imagine it gets much worse from there. another real winner for Mr. Rudd. i bet he's proud as punch. imagine if you could only get worthless roles like he gets, would you stay in movies? despite the pay, i wouldn't. <br /><br />i should have known better; next time i will.",negative
"Footprints is a very interesting movie that is somewhat difficult to categorize. ""Psychological thriller"" is the most appropriate description I can think of. The female protagonist, Alice Cespi, discovers that she doesn't remember anything of the last three days. The only clue she has is a torn photo of a hotel. She is also haunted by a recurring, very vivid, dream about a science fiction movie that she believes she saw many years ago. In her pursuit of the truth behind her amnesia she doesn't trust anyone, but little by little it becomes obvious that she has visited the town where the hotel is located before. This is an exciting flick whose main virtue is that it is virtually impossible to predict how the events will unfold, and particularly, how it will end. The unusual loneliness of the main character and the unreliability of everyone else ensure that the good old paranoid feeling is present throughout the film, whereas beautiful colors and some spectacularly filmed sequences make this a visually attractive movie as well. The important part of the one and only Nicoletta Elmi, everyone's all time favorite redheaded obnoxious child star of Italian horror, is an extra bonus.",positive
"This film is worthwhile despite what you may hear. The performance of Marie Dressler (I hope I am spelling it right) as a drunken old sot is reason enough to see this film. It is an amazing performance. She is in a drunken stupor in three scenes for a good long while and she never does the same thing twice. You can actually smell the alcohol when she is done. Amazing. And Greta of course speaks her first lines on film and shes great. The Eugene O'Neill story is solid and like most O'Neill stories, very deep and intense. This is not light entertainment but if you appreciate those great character actors from the 30's and 40's you will like it. Some of the film is technically fuzzy but all in all worthwhile.",positive
"I don't know how to describe this movie. It's definitely one of the weirdest movies I've seen in a long time. It is very unsettling at times but also boring in other places. The scenes of dental torture are very elaborate and may attract anyone who's into gore & splatter. I found myself holding my teeth during some of the aforementioned scenes. The clever thing about the movie is that it plays with our fears and The Dentist is therefore quite unsettling.<br /><br />The humor of the film is somehow hidden and may not be recognized by everyone. But if you're a fan of weird and strange entertainment and teeth getting drilled to dust this is just the film you were looking for.<br /><br />If you read the comment and feel somehow attracted by this kind of entertainment, give it a try!<br /><br />My rating: 4/10 (maybe a little too weird for my taste)",negative
"Oh boy! Oh boy! On the cover of worn out VHS has a picture of Sandra Bullock and her name written on top. I think only reason they had chance to sell the movie in nineties, was because of Sandra Bullock's name. Bullock's fans don't have to disappoint. Sandra is only thing to watch in this movie and her performance is the only you can call acting. Rest of the movie It's fun to watch in first fifteen minutes because it's bad but after that it's going worse. Much worse. Directing is awful. Acting is awful. Script is awful. Dialog is awful. Action is awful. Music is quite good actually. Typical score for eighties action movies. This movie is so bad that it goes close to anything Andy Sidaris has ever produced. It's so bad that there isn't proper word to describe this poor attempt to be a movie. But still, there was Sandra Bullock. And super cool (sarcasm) Jake LaMotta who tried to be Marlon Brando. <br /><br />I think they can now bring the film out on DVD. It could be cool! And they should write on the cover: ACADEMY AWARD WINNER SANDRA BULLOCk IN HANGMEN<br /><br />1 out of 10",negative
"This is the only movie that my wife and I have ever walked out on. Totally sucked. We saw it in Omaha even. Not funny at all, looks like a 14 year old kid wrote the humor. I can't believe these real politicians were actually in the movie. awful.",negative
"Whatever rating I give BOOM is only because of the superb location photography of Sardinia and Rome. Otherwise, this is only for hardcore addicts of ELIZABETH TAYLOR (her downward phase), and RICHARD BURTON (his miscasting phase). Tennessee Williams wrote ""The Milk Train Doesn't Stop Here Anymore"" and is supposed to be very fond of this adaptation of his play--but apparently, he was the only one. Taylor reportedly hated it and Burton needed the money.<br /><br />Whatever, it amounts to a hill of beans with Taylor posturing and fuming in her shrill manner, exploding at the servants and exchanging bad baby-talk with no less than NOEL COWARD who seems to be a visitor from another film when he finally appears.<br /><br />It's so campy that among Taylor fans it's probably considered a ""must see"" kind of thing. But if you can sit through this one without a drink in your hand, you're way ahead of me. Sadly, this is the film that signified the end of Taylor being taken seriously as a film actress, even after winning two Oscars. For Burton, it was equally disastrous and the critics called it a BOMB. Judge for yourself if you dare.",negative
"This movie is silly and very short of being a funny movie. Unhappy 'easterners' are not pleased with being out west; so they hire a drunk wagon master(John Candy)to lead them back east. Sight gags were just not funny enough to carry this one. And Richard Lewis gets on your nerves very quickly; but then I honestly don't like him at anything he does. Ed Lauter is hilarious as the bumbling villain.<br /><br />The movie was dedicated to Candy. He died from a massive heart attack ten days before the movie was completed. A stand in and digital enhancement enabled Candy's character to be seen in the final scenes. Candy was a very good comedian and gave us some real good knee slapping, belly laughs in his career. This movie was just not the caliber of his best.<br /><br />Also in the film, you will recognize: William Sanderson, Gailard Sartain, Ethan Phillips, Ellen Greene and Rodney A. Grant.",negative
"It would be wrong and reprehensible of me to advise you to watch Killjoy 2, you must have better things to do, washing the car, throwing stones in a stream, but at the same time it's nowhere near as awful as you probably think it is. It's almost a proper film, which a lot more than most straight-to-DVD sludge can manage. Killjoy 2 is helped a great deal by Trent Haaga's manic turn as the eponymous clown, he throws himself into the role with such fevered abandonment that he almost tips the scales in the movie's favour, but, of course, it takes more than one man in big shoes. Tammi Sutton gives the most entertaining director cameo since Roger Corman in Creature from the Haunted Sea and the whole thing is nearly destroyed by the rushed, sugary ending. All over the place and almost good fun.",negative
"Dean Koontz's book ""Watchers"" is one of the finest books I have read. Sadly, the movie is a sad caricature of the book. The disillusioned middle-aged hero and the lonely spinster with whom he finds a meaning to his life are converted in the movie into a couple of silly teenagers, the stoic security agent and the conscientious sheriff are combined into a farcical villain - you get the picture? The moviemakers have taken a moving tale of love, horror and adventure and converted it into a Z-Grade horror flick aimed - very poorly - at the teen market.<br /><br />Buy the book and enjoy many hours of reading - it will be far, far more rewarding than watching the movie.<br /><br />",negative
"I picked up the movie with no cover and not even knowing what it was, but when I watched it I laughed so hard. It is now one of my favorite movies of all time. Rusty and the guys created a masterpiece I would highly recommend this movie to any one with a sense of humor. Thank You Rusty for giving us something to laugh at.",positive
"Having read another review, I thought this movie would actually be good. I do enjoy the ""B"" movies, but this couldn't even be classed as such. The photography is probably the only half-way decent thing in the movie. But the editing left much to be desired. It was very choppy and staccato. Whoever chose the music and sound did a terrible job. The music was awful, specially anything atmospheric or scene setting. If the acting had been better, they could have pulled the movie off. Unfortunately, I've seen better acting in porn flicks. If you want to see a ""B"" vampire movie, check out 'Blood Ties'. You'll be much more entertained.",negative
"I first heard of this film when Patton Oswalt talked about it on his ""Werewolves and Lollipops"" CD. He said it was a lost classic that is completely ridiculous. Being a lover of terrible cinema, I knew I was in for a treat.<br /><br />This film is, hands down, one of the weirdest I've ever seen. Certainly one of the weirdest shlock films. Basically, a demon took human form years ago for a woman, the woman died or something, the demon cried blood, the blood fell on the bed, the bed is now possessed and it now eats. Along with fruit, flowers and chicken, it also has a taste for people. The people can range between horny teens, mayors, gangsters, servants or professional orgy throwers. There's also a sick guy who the bed ate but put his soul behind a picture in the room.<br /><br />Most movies let you figure out the plot through exciting action. Death Bed takes another path: it basically tells you through narration exactly what's happening while slow, dull murder scenes take place. Also, I must say everyone who's eaten by the bed are surprisingly quiet. I would think if a bed is eating you through the ways of a 5th grade science fair experiment, it would sting a little. I guess nerve endings weren't invented until 1981 or so.<br /><br />The story is wacky, the direction is slow and pretty awful, the sets are sparse, the acting it fairly painful and the brother is one of the unintentionally ugliest actors I've ever seen. Probably would make a great party film if alcohol and smart-asses are involved. Certainly one you shouldn't miss.",negative
"Recently, a friend and I were discussing educational and ethical influences when we were growing up in the 1950's versus today. She mentioned Samuel Taylor Coleridge, who, in 1798, wrote The Rime of The Ancient Mariner. Both of us had been required to recite parts of the epic poem in high school and in English Literature courses in college. My friend said, ""Its messages even might be called metaphysical within today's context."" <br /><br />We tried reciting it and only remembered bits and pieces. (I have problems remembering Dr. Seuss.) I said I'd get two copies of the poem so each could read it. That was easy enough, but I was extremely surprised to find it had been made into a film. We looked forward to watching the film to see how it had been interpreted. After all, The Rime of the Ancient Mariner isn't exactly light reading. After each had read the poem, we watched the film together.<br /><br />We considered the film a remarkable achievement, especially considering it was made in the 1970's, before computers, before the so-called ""Ken Burns effect,"" and before special effects too often began compensating for a lack of substance. Particularly noteworthy are the 19th and 20th century illustrations culled from ""lesser known artists,"" such as Willy Pogany, the early Hollywood designer. <br /><br />The film is narrated by Sir Michael Redgrave, whom had taught the poem when he was a schoolmaster, adding a tone of authority and credibility in remaining true to the poem. <br /><br />Its mastery is in the layers of subtle messages, conveyed without ""instructing,"" or becoming an oppressive and obvious morality tale. We found it such a refreshing change from today's 'in your face' and 'clobber them over the head' mentality. Most of today's morality messages in film are two-dimensional: extreme violence, murder and mayhem mark the bad. The bad are really, really, bad, and good are super heroes. It is as if human character lacked any nuance. The Rime of The Ancient Mariner is a celebration of the individual, of character, of an appreciation for celebrating all the richness life has to offer, within the larger context of humanity, i.e., man's capacity to give to others. <br /><br />Proud of ourselves for having found this ""unknown"" gem, we then learned it had won the top award in its category five out of six times at ""name"" international film festivals. Another surprise was learning the film's director, Raul daSilva, is a recognized authority on early animation, and authored six award winning books about film. <br /><br />This film's message is just as relevant today, if not more so, than when Coleridge penned the original epic poem and when Raul daSilva translated it to film. If I still was teaching high school, which I did for five years, I'd grab this one and show it to all my students. There's a level of richness here that naturally leads to discussion about the big and important issues all of us face, whether in 1798, 1978, or today--in fact, as long as humanity has a spiritual component.<br /><br />Highly recommended.",positive
"I want to state first that I am a Christian (and that I do work in the film and TV industry) so I understand what it is like to work on a feature length film so props to the filmmakers in that regard. I'm all for positive, uplifting messages if they are true to the nature of life (that this is a fallen world and that things don't always work out ... even for followers of Christ). I'm glad that others are having such overwhelmingly positive reactions to the overt Christian message; for me it was just that the execution is where the film fell on its face. A movie lives and dies on its story and here you have one dimensional stereotypes, exposition aplenty, and spontaneous changes in character behavior that are inexplicably to say the least. I believe that a film does not have to club you over the head with its message to get the point across. I'm sure the Kendrick bros. will improve with time and that their storytelling methods will as well. Maybe they could direct someone else's screenplay as their next project.<br /><br />* Sports films are not exactly my first love but a good one (Hoosiers, Field of Dreams, etc) can inspire in a multitude of ways. If you would be interested in a PG-rated film that inspires, give Steven Soderbergh's 'King of the Hill' a look. All truth is God's truth ...",negative
"Sorry, but Jacqueline Hyde (get it??? - Jack L and Hyde - Jekyll & Hyde) has some of the worst acting this side of hardcore porn, not to mention a script apparently written by a first-grader with undiagnosed learning disabilities.<br /><br />Jackie Hyde inherits an old mansion by a grandfather she never knew she had. Guess who? Yes, an inventor of the special formula that slowly takes over one's body and mind - yes, that Mr. Hyde! <br /><br />Despite some nice skin scenes, this film fails to register any feeling or emotion other than uncontrollable laughter.<br /><br />As much as poor Jackie tries she just can't stay away from granddaddy's special formula and the result is an hour and half of wasted time.",negative
"Black Candles is rather a muddled mess from the same director that brought us ""Vampyres"" and much later, ""Rest in Pieces"", among others..I'm only noting the ones I've seen. At any rate, we have a couple making love and then somewhere near by a pin is poised over a voodoo doll and then pierces it, and the man keels over. Not sure if it was good for either of them, at that point. Fast forward to where the man's sister has come to the house to investigate and hear the reading of the will, or something to that effect, and of course everybody else except her is in on something, which happens to be devil worship. It's really hard to say who is who at moments during the movie and it does get a bit confusing at times. To spice things up though, there's a simulated bestiality scene (I HOPE it's simulated) with a black goat, sure to be a crowd pleaser. Ugh. At times this echoes ""Rosemary's Baby"", minus the baby, because the hostess is always giving one woman herbal tea and the place reeks of whatever nasty Satanic herbs these are too, because that keeps getting remarked upon. However, the herbs aren't the only thing that reeks about this film. The end seems to be back to the beginning again, and many viewers might find themselves wondering where they've been during the middle part. It's not unwatchable, it's just not very good, and I guess it all depends on what you like to see in films, and there wasn't much here that did anything much for me. 3 out of 10.",negative
"The movie is good and I think Tiffany Amber is very beautiful. I liked the movie. Can anyone tell me how I can get hold of the songs from this movie? Even the soundtrack will do. If that's not possible, can I at least get the names of the songs with their respective singers? I tried to look up amazon.com but its not there. I tried CD baby, not there either. I browsed through Google to get some details but there weren't any. I would appreciate it if someone could give me the answer to my question. I know that the songs belong to Country Music and is sung by a country artist. I just need the title names along with the singer. I would recommend this movie or rather the songs to any country loving person.",positive
"watch this movie. it's truly a good ride through the difficulties of making a indie movie, and what happens when it blows up in the film maker's face. there's a lot of stuff about punk rock, and the philosophy behind that movement and it's relationship to this project. so if you're into old punk, American punk, you'll dig it.... but, beware, there's a ton of bad acting bits from the failed project that are incorporated... yet they do come off funny at times. and, actually, some of the best parts are listening to people who have never been involved in movie making pontificate and what they went through in the three year period that it took to put this together. so anyone out there that's about to make a film, especially if you haven't been to film school or worked in the field, you should watch this and learn from the film maker's mistakes.",positive
"How can a major German TV station broadcast a mess like this? It's amazing how the main actors avoid every acting talent - Even the well-known Gottfried John is acting very poor - especially in the double murder scene - how amateurish.......! The screen plan is very , very extended - perhaps to fill out 2 parts of the movie. Be careful not to fall asleep while watching! The set is obviously very often a blue screen, f.g. the scenes on the ship with unreal sea in background...! In the German version the sound and the dubbing is very poor - probably reason: different languages of actors - but: other international productions do handle this much more professional. Advice: Do NOT watch - it's a diabolic waste of time!",negative
"Humphrey Bogart clearly did not want to be in this film, and be forced to play a part-Mexican or he would have been suspended. Believe me , he made the wrong choice! Presumably, after the success of ""Dodge City"", Warners tried a follow-up with Errol Flynn and his usual list of buddies, like Alan Hale, Guinn (Big Boy) Williams, Frank Mc Hugh and the ever-present John Litel, but they made the huge mistake of trying to present Miriam Hopkins as a love interest for Flynn v. Randolph Scott, and as a singer to really make things bad, because she proved one thing, and that is she cannot sing. The story was not too bad, but with Bogie clearly miscast also, it turned out to be a poor Western that was overlong, and on a low budget, but in fairness, color would not have helped.",negative
"This production is an insult to the Stooges, especially Moe. It is inaccurate and poorly acted. Many of the events depicted just didn't happen that way and too much was left out or skipped over. Read the books written by Moe and his daughter Joan instead. This was a waste of time.",negative
"This is not an entirely bad movie. The plot (new house built next door seems to be haunted) is not bad, the mood is creepy enough, and the acting is okay. The big problem I had is that, being familiar with Lara Flynn Boyle (from Twin Peaks and other shows), I couldn't get over how different she looks with her apparently new, big lips. I kept staring at them. They look so out of place on her face! They make her look completely different (and not better).<br /><br />Mark-Paul Gosselaar, the actor who plays Kim the architect who designs and pours his heart and soul into the house, does a fine job. And Lara (as Col) is also quite good (but those lips!) as the owner of the house next door. Her husband, Walker (Colin Ferguson) is appropriately wooden. The various characters who live in the house were also fine. I particularly liked Pie (Charlotte Sullivan) and her husband, Buddy (Stephen Amell), the first people to move into the house. The attempt to involve us in the overall neighborhood vibe fails, unfortunately, as the other neighbors are not particularly likable.<br /><br />For some reason the director was unable to make the ""haunted"" house particularly ominous. Other movies (such as Amityville Horror, The Legend of Hell House) manage to achieve that spooky feel, but it just doesn't happen here. The closest is when Col paints a depiction of the house.<br /><br />Another thing that didn't work for me is the plot twist that occurs with Kim, the architect. Initially, he appears to be a victim of the house like the others (it has sucked him dry of inspiration), but later he seems to have joined forces with it in evil.<br /><br />Overall, not a bad movie for horror fans if you can take your eyes off those big lips!",negative
"pardon my spelling. This is probably the funniest horror movie that ever existed. Think evil dead * 1000. The acting is horrible, you can see the makeup line on a certain lady's face. there is a lesbian scene, which makes no sense at-all. And the ending, haha ohhhh the ending... be prepared to have your stomach hurting from laughter. Now if you watch this film for more then 5 minutes and are still expecting something, take a look at your self, and ask what the hell is wrong with you. This is a very bad movie, meant to laugh at and enjoy for its pure silliness.<br /><br />Don't forget to watch all the outtakes after the movie, you can see just how low budget the whole thing really was. All in all this movie is a rare gem in demonstrating the pure and udder lack of talent/care/ability/money/ and anything else you would ever need to make a successful film. But its definitely worth watching.",negative
"This romantic comedy isn't too bad. There are some funny things happening here and there, and there are some rather memorable characters in it.<br /><br />The acting, however, is amateurish (with the exception of the banker). While some scenes are great fun, others are simply embarrassing. In particular, I found the ""romantic"" part of the story poor. <br /><br />All in all, I guess it's worth seeing if you like football and romantic comedies. It's not really a bad movie, and the ending did feel quite good. Just don't expect anything out of the ordinary. Fair enough if you have an hour and a quarter to kill.",negative
"This is certainly one of my all time fav episodes of Trek. There is just so much going on in this one film that its crazy cool. First the guys beam down to an alien planet thats about to explode. They meet a freaky librarian type dude (very well played). Then Kirk manages to get himself transported back to what is very much like 16th century earth. McCoy and Spock try to follow but instead nearly freeze to death on the frozen version of the alien world 100,000 years in the past. Kirk manages to get himself locked up and charged with witchcraft while Spock enjoys some amok time with a sexy cavegirl who was vanquished to the this frozen, awful world by some bad guy.<br /><br />Spock decides hes happy where hes at and gives McCoy a royal assestment whuppin' when the doc suggests they need to look for a way out. Anyhow,they all finally escape, leaving the poor cavegirl behind. It takes a ton of convincing before Spock finally gives in and leaves. You can literally taste the sadness at the end. Leaving the cavegirl all alone in her frozen wasteland just seems cruel and is really touching. Spock must have been out of his vulkin' mind to leave behind his greatest hope for love and being human. Albeit, in a not so nice neighborhood!<br /><br />Anyway, you just get so much bang for your buck with this episode....A love story, the Salem witch trials, Spock as a human, the desperation of being left in total isolation...abandoned, and three entirely different settings on the alien planet. Its amazing they managed to jam all this into one fifty minute film. This one is a classic, don't miss it....I want it on DVD fer shure vulcans!!!!!!",positive
"This is one of the worst films I've seen for years. The storyline has potential that is never realized. The actors are a poor choice, but considering the screen writing, their talent isn't wasted. I really wanted everyone dead as quickly as possible so I could get out and watch something else. Unfortunately, I did stay to the end and had a laugh at the murmurs of people moaning about how crappy this is. There wasn't booing, after all, this is England, just gentle moans about how crap that was. Then, I look on IMDb and see 288 people have given it 10 out of 10. I really just cannot see how those people are able to give that score. They must be a PR company working with the distributor. There's a hilarious set problem towards the end of the film, when in the graveyard and the hick attacks, look out for the dodgy scenery that rocks when touched (supposed to be a brick wall) - the blood effects are waaaay OTT - the film feels like everyone is making a spoof horror except the Director.",negative
"So we saw this on DVD at our apartment here in Paris. We're all here on an exchange program. We all laughed so hard cuz so much of what was going on in the movie happened to us! I mean yeah sure some of it was pretty clichéd but still true, know what I'm saying.<br /><br />I think I related more to the quiet guy (the Italian) than Xavier because I'm more of the observer in our group. Anyway, I wish I had a hot roommate like Cecile de France. She seems like a cool chick in the movie and for real, after I saw her hosting the Cannes Festival last month.<br /><br />Now I'm thinking I wanna go to Barcelona next summer after seeing this movie. I gotta check out the sequel too which just came out here in France.",positive
"I believe an entire book can be written about the odyssey to remake the classic film on which this film is loosely based. When Hollywood first started talking about such enterprise, the reaction was always negative because there were just too many aspects that could have gone wrong, starting with the solid ensemble that made the original unforgettable, and that's exactly where things begin souring here, with the selection of actresses that otherwise can do remarkable work, but that are not suited to the parts, and sadly enough, have been directed with the heavy hand of a director that doesn't understand or appreciate the source material.<br /><br />It seems as if there is no focus or direction, or as if the direction that has been taken is to obliterate anything that was good about the original film. This is called an updating, as in let's drain the story out of humor, snappy dialogue, and any interesting premise. Most of all, let's prove that women have come a long way, except that the problem is that we don't really get (at least by watching this film) where the women are truly going.<br /><br />For starters, casting Meg Ryan in the central role proves almost fatal to the movie because somehow she seems to have locked herself into some sort of limbo where women don't really change appearances, even after 20 years of working in the movies. Her Mary which proved to be a difficult role in the 30's, somehow grew from her interaction with the other stereotypes, like Dorothy in ""The Wizard of Oz"" by learning, observing, and realizing that she had a choice in the matter. It might not have been a choice that women would celebrate nowadays, but it was fun ride, and part of the fun, was the catty, silly, sometimes slapstick routines that elevated that movie into the realm of the sublime. In here, we are down to earth with a thud. By changing the nature of Sylvia, the film has lost a lot of its spark, and it isn't in anyway Annette Bening's fault. I couldn't help but admiring how she tried to save this sinking ship and got a sinking feeling as she struggled with the horrible lines she was handled. Thankfully I entertained myself by looking at some of her terrific outfits and kept reminding myself how talented this lady really was. Her Sylvia is wise but flawed, and she could have been a great creation. Unfortunately Ms. English wasn't paying attention to her own work and loses control of the one character that could have turned the film into a fresh direction.<br /><br />Yet that wasn't the biggest blasphemy of them all. In the original, we have Joan Crawford doing probably one of the best performances by a woman. Her Crystal is legendary, with conniving lines, incendiary moves, duplicitous maneuvers, and some very sexy poses. She was the link between the male and the female, and through her we knew what the whole catastrophe was about. She provided the tension between men and women. She was dangerous, sexy, the ultimate femme fatale. A woman of intelligence that we feared and admired, and most importantly, we wanted to destroy to save our heroine. Eva Mendes, as gorgeous as she is, is two dimensional in this outing because of weak writing, and once again, some bad casting.<br /><br />There are more atrocities in the film, such as the addition of a terrible role for Mensing as the dedicated mother who lives for having babies, and the rather annoying lesbian turn by Pinkett. Then comes the biggest waste of talent in the movie, as Bette Middler, who is a little unrecognizable in her make up, shows the spark of what could have been. Her acidic delivery reminds us of the contemporary angle the film could have taken. Her words revive and put a big of much needed naughtiness in the film, and it is exciting to see that it could really fly, then she is gone. She is in the film all of six minutes, and she fades away in the middle of the muddle.<br /><br />Here is a movie that raised our anticipation level and truly disappointed us, a film that could have joined the successful ""Sex in the City"" who made an amazing transition to the big screen because it respected its source material and didn't compromise. It gave us more, bigger and better adaptation. It truly updated what had made it successful before. ""The Women"" in its present reincarnation needs to go back and rework itself, much like ""The Hulk"" did it this year, find more suitable performers, a really good writer, and most of all, someone who truly treasures what good movies are about.",negative
"I loved this movie. To be very fair, the movie starts off very slowly, with none of the characters being terribly sympathetic. It continues in this way for a good half of the film.<br /><br />But, if you're patient, you'll be greatly rewarded. What the first half of the movie lacks in character development and/or sympathy is adequately compensated for in the second half. It's a bit like riding a roller coaster - a slow, uphill climb to strat off with, and then speed, twists and turns, and a few surprises.<br /><br />As usual, Meryl Streep is wonderful. She is the finest actress of our time. William Hurt is good, if a bit wooden in spots. Renee Zellweger does a very good job, showing that her performance in Jerry McGuire wasn't a fluke.",positive
"I am not a usual commenter on this website but seeing how underrated this movie is, I endeavour myself to write some comments and remarks about it. I had fun watching this movie, perhaps because Cat is everything I wish I could be, I am not going to post spoilers or reveal plots but there's are things that i really found amazing, the way she manipulates people it's just so divine. this is a very underrated movie, I lack of arguments here, I usually go enjoy and then speak little about it, when you go to the movies is to have fun, and i really enjoyed the 1h53 i stayed in the dark room. a must seen over and over again until the delight fades away. let's try not be so critical about it. thank you for reading.",positive
"The only thing worse than surfers without any waves is a film about surfers without any waves. For viewers who love surfing this film will be a gigantic disappointment since the total number of minutes of surfing footage struggles to reach three.<br /><br />The story is a slice of life about beached surfers who are waiting not for the perfect wave, but for any wave at all. J.C. (Sean Pertwee) is an aging super surfer who is flirting with a commitment with his girlfriend Chloe (Catherine Zeta Jones). Just as he is about to find grown up bliss with the woman he loves, three old surfing friends turn up and convince him to hit the beach looking for monster waves at the Bone Yard. The trouble is, there are no waves until the very end of the film, so most of the story dissipates itself on a meandering succession of disconnected beach happenings.<br /><br />The acting is mostly mediocre. Sean Pertwee has a few comical moments, but mostly his acting was mundane. Ewan McGregor was decent as the drug dealing wild man, by far the most interesting and peculiar character of the bunch. Probably the funniest performance was turned in by Peter Gunn as Terry who turned his corpulent body into a continual sight gag. Catherine Zeta-Jones was sexy as usual, but her character didn't really have enough meat for her to show much acting ability.<br /><br />There is really not much here on which to comment. I rated it a 3/10. It's a real beach bummer.",negative
"I'm sorry to see that it has been rated that low by many people. The series started off very good and after the first season it wasn't that good.<br /><br />People tend to forget the beginning of something and only look at the end. This is not good to do, you should look at the total, not the end result. It is sad that a lot of the ""usual"" characters died but, damn, we had a lot of nice NEW characters.<br /><br />Please do not attach yourself to a few characters but attach yourself to the series, the plot. Please do understand that I didn't like it when Boone died, when Augur died but well... it needs to be done. Can you imagine that everyone keeps living the whole series when they are in a lot of danger all the time? Come on, face it, if they didn't die they would be invincible. In this way you will always keep the tension, will he survive, will he die? I do realize that people attach their selves to characters, I do that too. My favorite character was Augur, the one who could get into every computer he wanted. He was the one who was mysterious, he could do things with the computer no one else could do.<br /><br />I wish to make one statement to all the people who vote negative, does a series which started so good deserve to have such low rating? Should we look at the final season instead of the total? Should we not see how good the series was when it started? Should we not see how much we enjoyed it?",positive
"This was a fantastic movie about two people, one a young teenage girl, and the other, a middle aged man, who are each looking for someone to help them fulfill a certain emptiness left by former loved ones.<br /><br />Both actors give brilliant performances that various audiences can relate to. The script, although written by Gorman Bechard, seems as though it was written from a woman's point of view. And at the same time, men can relate to the male characters because of how well they were developed and described in the movie.<br /><br />The end of the movie has an unusual but powerful and unexpected twist that leaves you speechless. I would recommend this film to anyone who has ever felt lonely or abandoned by a loved one. It is clear in this film that you are not alone.",positive
"I first flicked onto the LoG accidentally one night while waching television: since then, I have never missed an episode.<br /><br />It's humour is very weird, like a cross between Brass Eye's social commentary, the Fast Show's excellent one-liners, and an amazing plot that seems to develop each week without ever going anywhere. The best example of this was Hillary Briss's special stuff - what was that all about?<br /><br />The humour will not appeal to all. Some will say it's just too sick, and it's easy to see where they're coming from. Nonetheless, give it a try. If you don't like it, don't watch it, but if you do like it you'll be very glad you took my advice.",positive
"One of my favorite movies. Great cast, lead by Jonathan Silverman and Blythe Danner. Serious drama situations with brilliant comedic punches. An exact mixture of character and story. Real people with real problems, and everyone has a different relationship with each family member. Sensitively moves from slightly-sad to hilariously-funny. Read the quotes. This is the best adaptation of a Neil Simon play.<br /><br />If you wanna see more of Eugene check Biloxi Blues (starring Matthew Broderick who played in both stage versions) is OK, a bit on a darker side. Get away from the made-for-TV Broadway Bound.",positive
"I saw this film on True Movies (which automatically made me sceptical) but actually - it was good. Why? Not because of the amazing plot twists or breathtaking dialogue (of which there is little) but because actually, despite what people say I thought the film was accurate in it's depiction of teenagers dealing with pregnancy.<br /><br />It's NOT Dawson's Creek, they're not graceful, cool witty characters who breeze through sexuality with effortless knowledge. They're kids and they act like kids would. <br /><br />They're blunt, awkward and annoyingly confused about everything. Yes, this could be by accident and they could just be bad actors but I don't think so. Dermot Mulroney gives (when not trying to be cool) a very believable performance and I loved him for it. Patricia Arquette IS whiny and annoying, but she was pregnant and a teenagers? The combination of the two isn't exactly lavender on your pillow. The plot was VERY predictable and but so what? I believed them, his stress and inability to cope - her brave, yet slightly misguided attempts to bring them closer together. I think the characters, acted by anyone else, WOULD indeed have been annoying and unbelievable but they weren't. It reflects the surreality of the situation they're in, that he's sitting in class and she walks on campus with the baby. I felt angry at her for that, I felt angry at him for being such a child and for blaming her. I felt it all.<br /><br />In the end, I loved it and would recommend it.<br /><br />Watch out for the scene where Dermot Mulroney runs from the disastrous counselling session - career performance.",positive
"This movie was one of the worst I have ever seen (not including anything by or with Pauly Shore). I couldn't believe that a film could actually be THIS bad!<br /><br />Coolio has to be the single worst actor (again, not including Pauly Shore) to ever ""star"" in a movie. The temptation to hit the STOP button during this movie was huge (in fact, if there was a THROW IN THE TRASH button on my VCR, I would have been inclined to press that).<br /><br />Do yourself a favor, and do something more interesting than watch this movie, like watching the grass grow, or watching golf on TV.",negative
"I'm guessing that we all, no matter if we are fans of cars, luv the sound of a Dodge Challenger as it growls along the road, the noise a 57 Chevy make as it screams with ecstasy when it tears round a corner and, most of all, the blast of sound as a classic vehicle bursts into flames as it explodes. I'm not the biggest car enthusiast by any stretch of the imagination, but any of the above really does rev my engine! There's no denying the importance of transport on cinema. It has even been said that the invention of the train was one of the biggest influences on early cinema (looking out a window almost like a moving picture and the idea of being transported to a different time/space). But the car remains the most popular and most luved, it's even got its own genre: the carsploitation genre. A genre that focuses purely on the beauty of cars. In effect, it's just porn! Car porn! And I'm not talking about that rather nasty documentary on Channel 4 in which men actually had sexual intercourse with cars. Whatever floats your...car, I guess. Moving on... whilst RUNNING ON EMPTY isn't quite as pornographic as VANISHING POINT (Richard C. Sarafian, 1971) for instance, with its close ups of the car in motion, all it's bumps and curves (!), this doesn't mean that the car isn't the main focus of this film. In fact, the cars themselves become characters (more on that later). They're objectified and fetishised as much as the women, in fact, maybe even more. And holy holy, are these cars something! Every car in this film (besides the ones in the background) are simply beautiful  works of art, there's no question about it.<br /><br />As I was saying, these incredible cars are, in a way, given characters themselves. You actually start sympathising with the car! SPOILER  Most notably during the scene in which the car is being wrecked and burnt SPOILER OVER. This has become almost a convention of the carsploitation genre; the evil 1978 Plymouth Fury from CHRISTINE (John Carpenter, 1983), Satan's custom Lincoln Mark III in THE CAR (Elliot Silverstein, 1977), the nifty little Mini Coopers from THE Italian JOB (Peter Collinson, 1969) to the friendly Volkswagen Beetle in THE LOVE BUG (Robert Stevenson, 1968) and of course each car from DEATH RACE 2000 (Paul Bartel, 1975) and even WACKY RACES (1968-1970) all of which had their own character. Ironically however, this emphasis on the car often over takes (!) the human characters! And this is certainly the case with RUNNING ON EMPTY, in which only one human character (the blind character who drives his car with his hearing rather than sight) has any sort of dimension, the rest are very much stock characters. These are all your stereotypical Australian 1980s teenagers; big hair, annoying accents and none of whom would look out of place in NEIGHBOURS, especially the Kylie Minouge look-a-like. But who gives a damn? It's all about the cars racing and crashing! That's it! If you don't like that you really are watching the wrong genre.<br /><br />The car scenes are certainly the selling point of this film, and the best thing it's got going for it. They are fast; very fast! And we're not talking about the rather annoying technique some films seem to use where they record the car 'speeding' at around 40mph, and then speed it up. Oooh no! Not with this film you don't. These cars are zooming along at top speeds in real time  no fancy editing tricks here. So, we've got speed. Check. What about crashes? Check, check, check! Whilst there isn't cars crashing EVERYWHERE a la the incredibly BLUES BROTHERS (John Landis, 1980) , when cars do crash in this film, they certainly crash! It would seem that they use gunpowder or something similar to build the cars as one little hit and KABOOM they're up in flames. It kind of reminded me of THRILLER: A CRUEL PICTURE (Bo Arne Vibenius, 1974) in that sense.<br /><br />Between these simply awesome scenes (especially the very start and the very end) there are quite a few scenes which slow everything done and, in my opinion, fail to add very much to the film. Note: more exploding cars needed! However there are a couple of exceptions here which are great scenes  SPOILER especially the attempted rape scene.<br /><br />So, all in all, this is a man's film! A boy's film! Full of cars vroom vroom vrooming around the outback and a couple of tits thrown in for good measure too. I'd recommend this little film to anyone even if they are keen cyclists (!)  it's a great film which you can just switch your brain off, sit back in your leather chair and put on full volume! I'll give it 3.5 luvs out of 5 luvs  Bruuuuum! P.S  Amazon are selling this for just over £2  it's a real bargain although the DVD lacks any special features whatsoever.",positive
"Seeing this movie, as I just did for the first time on Turner Classic (which lists it as ""Dangerous Female""), can only multiply your appreciation for the 1941 Bogart-Astor version. Ricardo Cortez must have been getting paid by the smirk. I hope he remembered his dentist and his Brylcreem salesman in his will; they made him the actor he was. The women are all good, but no better than that. Well, Una Merkel is a little better. More interesting are the ""original"" Joel Cairo and Mr. Gutman, who competently deliver many of the individual tics but almost nothing of the set-changing atmospherics of their successors in the roles, Peter Lorre and Sydney Greenstreet. Humphrey Bogart and Mary Astor somehow transcended the essential seediness of their characters in the remake; here, Sam Spade and Ruth Wonderley(!) can't. <br /><br />This movie doesn't exactly stink; it lies there like a big slice of ham. Its chief value today is as a reminder that great movies like the '41 ""Falcon"" don't just happen. On the 1-to-10 scale I rate it a 4, mainly for the camera work and the supporting players.",negative
"Based on one of the books by Gabriel Marquez and it might be brilliant literature, this cinema-adaption really sucks as it's more like fighting against sleep rather than enjoying some cinematographic delices. The story is about an old couple whose son died and living a life that is heavily dominated by poverty, and wherein the main character is a cock that hopefully one day brings some money for a forthcoming cockfight. I am in no mood to spill more words on this useless pretentious piece, just perhaps that you can see Salma Hayek in here, but sitting 90 minutes in front of your screen for just that? No gracias.....",negative
"This movie was incredible. I would recommend it to anyone, much better than what I had already anticipated. It was definitely a heart-wrenching spectacular movie. It is an amazing story, with amazing actors and creators. Definitely another great movie with Denzel Washington. (shouldn't surprise anyone) Derek Luke did a wonderful job as well.",positive
"I saw this picture in 1940 for $.11 and I would like to secure a DVD in 2006 The film was the greatest adventure of the time and,like all epics,is still an entertainment marvel (B&W and all)You get a sense of real bonded friendship in the chemistry between the actors and the performances of Sam Jaffe & Eduardo Cianelli are outstanding (This could not be done today I particularly liked the ending where the colonel recites the end of Kipling's poem over the body of Gunga Din and tells the ""Untouchable"" ""You're a better man than I am Gunga Din""They don't make movies of this character today.The only cast member that is still alive today is Joan Fontaine",positive
"This movie is all about entertainment. Imagine your friends that you love spending time with, the ones that you know inside out becoming a bit silly and perhaps taking on a character or two. That's what this film is about. An inventive script and brilliantly performed. It's not about pleasing the masses with this one, it's about having fun with a bunch of brilliantly talented people. Which is what I'm sure they all thought when they signed up for it. <br /><br />The above review sounds completely unfair and I think that the person who wrote that was in the wrong frame of mind when they watched the film. In a lighthearted moment, there is great dignity in it if you care to look.<br /><br />A job well done, I thought it was a great film. I'd watch this before the North American norm any day.<br /><br />In a nutshell, it's not the best film you're ever going to see but it has a hell of a lot of moments. I haven't laughed that long in an age.",positive
"Yes it's a Fast Times wannabe, but it's still decent entertainment.<br /><br />Some of the comedy parts are really funny. The scene when the three guys visit the Spanish lady is hilarious, with a little flamenco music in the background. The reaction when her sailor husband comes home is a riot. The guys' exploits in dealing with crabs are funny as well when they try to ""drown them"" and when they visit the pharmacist. <br /><br />The abortion scene is a Fast Times ripoff too, but it does do a good job of capturing the terror of the situation. You really feel for what Karen is going through, and for Gary in his mad scramble for cash to pay for the abortion and accommodating her recovery.<br /><br />The ending is painful to watch, but refreshingly realistic. First-time viewers will not be prepared for it and it will be a shock.<br /><br />There is a decent eye-candy for guys with young girls and the milf Spanish lady, but heterosexual guys will probably want to skip the penis-measuring competition. <br /><br />Underrated soundtrack too. Check out early, early U2(!), The Cars in their prime and an appropriate tearjerker song by James Ingram for the surprise ending.<br /><br />Some people will hate it and it is somewhat dated, but those who like teen flicks or grew up in the early 80s should like it.",positive
"This movie has got to be one of the worst I have ever seen make it to DVD!!! The story line might have clicked if the film had more funding and writers that would have cut the nonsense and sickly scenes that I highly caution parents on.... But the story line is like a loose cannon. If there was such a thing as a drive thru movie maker-this one would have sprung from that.It reminded me a lot of the quickie films that were put out in the 1960's, poor script writing and filming. <br /><br />The only sensible characters in the whole movie was the bartender and beaver. The rest of the film, could have easily been made by middle school children. I give this film a rating of 1 as it is truly awful and left my entire family with a sense of being cheated. My advice-Don't Watch It!!!",negative
"You know that mouthwash commercial where the guy has a mouth full of Listerine or whatever it is and he's trying really hard to keep from spitting it up into the sink? That's a great metaphor for this movie. I kept watching, even though it was really difficult. But keeping mouthwash in your mouth will leave you with a minty fresh feeling. This movie left me with a bad taste in my mouth. I should have spit it out when I had the chance.<br /><br />The premise is corny enough to be fun. For the first time in like a thousand years, Gargoyles have returned to Romania, and all of the priests who knew how to fight and kill these things are long dead. It's up to Michael Pare and some other secret agents to get to the bottom of things before the Gargoyles run amok. Unfortunately, the premise is completely lost in bad dialog and less than enthusiastic acting on the part of the human leads. The best acting is done by the CG Gargoyles.<br /><br />In the end, this movie feels like a poor man's Van Helsing. If you check your brain at the door, this might get you through a dreary Monday night. I gave it 3 out of 10 stars.",negative
"I was prepared for a bad movie, and a bad movie it is, so I guess I shouldn't complain. Twentysomething Tom (gay poster boy Robert Stadlober) has so many issues he doesn't know if he's coming or going. I wouldn't have stayed but for the pretty girls: Serious Mavie (Anna Brüggemann); no-nonsense Angie (Emma Daubas); Sarah Baumann as the star of the movie within the movie. And then there's Tom's soul mate, wild-eyed Margarete (Jana Pallaske). She reminds me of Béatrice Dalle and Gina Gershon. If you've got to remember, these are fine memories. She looks good even in the most ridiculous outfits, and I mean ridiculous, even by Berlin standards. I wonder whether I'd have liked this movie when I was the characters' age. My guess is I wouldn't. Watch out for indie idols Oli Schulz and Max Schröder of ""Der Hund Marie"" performing as street musicians, feeling no pain.",negative
"For animation buffs it's a must, but even general audiences will enjoy THE CAMERAMAN'S REVENGE, a very early example of 'pixilation' by the hard-working pioneer Wladyslaw Starewicz. Starewicz and his helpers painstakingly manipulated a cast of flexible insect figures to tell this story, paving the way for the likes of Willis O'Brien, George Pal, Ray Harryhausen, and legions of modern digital effect creators.<br /><br />THE CAMERAMAN'S REVENGE is only about 10 minutes long, but packs in lots of amusing detail as the story follows the amorous adventures of two beetles from their home to a nightclub, a hotel, a cinema, and, eventually, a prison cell. There are two brief dance numbers at the nightclub (performed by a frog and a dragonfly), a scuffle between a beetle and a grasshopper, and a large-scale donnybrook at the cinema, which ends with the projector bursting into flames. Pretty elaborate goings-on for 1912, when even John Bray and Winsor MacCay were just getting started, and Walt Disney was still in grade school!<br /><br />It's interesting to note, too, what an impact the alteration of a silent movie's title cards can have on the story being told. I've seen two versions of this film offered by two video companies, and watched them back-to-back, and although the image content itself is almost identical, two different sets of intertitles tell two very different stories. (And the plot outline someone provided above tells yet a third story, which suggests that there's another version out there somewhere.) The British Film Institute's print, which has rhyming intertitles, tells the story of two sibling beetles, each secretly married, who hide this information from one another in order to inherit their late father's fortune. The other, Russian print, tells a simpler story of married beetles who are each guilty of infidelity. In the Russian version Mr. Beetle visits his girlfriend at the ""Gay Dragonfly"" nightclub, while in the English version brother Bill Beetle visits his wife at the music-hall. Personally, I prefer the straightforward-- and spicier --Russian story; the BFI version tries to cram too much plot into what should be a simple tale, and some of the rhymes are a bit awkward.<br /><br />Still, in any rendition, THE CAMERAMAN'S REVENGE is a delightful film, and would make an ideal lead-in to that other great animated work which features beetles, YELLOW SUBMARINE.",positive
"Not exactly a new story line, but this romantic comedy makes the concept work. A young man(John Cusack) and a drop dead gorgeous woman(Kate Beckinsale)keep meeting by chance and wonder if they are meant for each other. Although both are promised to others...oddly enough they still feel that their soul mate is out there somewhere. A little sappy in some places, but viva la love. Being a romantic I am almost obligated to be riveted. My favorite scene is where Cusack is on the ground and snow starts falling. The finale is almost too sweet, but most deserving. This is not one of Cusack's deeper roles, but who in the hell could not be smitten by Beckinsale. Notable support is provided by Jeremy Piven and Molly Shannon. John Corbett plays the worst role I've ever seen him in. On the other hand Eugene Levy is quirky and funny. Watch this with your soul mate.",negative
"Men, do I love police movies filled with action, shooting, chases etcetera.<br /><br />Boy, was I let down after watching this short and unsatisfying movie. We've seen it all before, the hostages, the bank, the surrounding... Yet, 2 bad guys that shoot down multiple officers and innocent people who simply stay in the line of fire - without getting hit due to some Kevlar.<br /><br />Not just a few shots, no, hundreds of shots. Going back into the bank, where the dumb hostages didn't lock the safe or doors when the bad guys went out. How stupid did the director think we'd be.<br /><br />Okay, the shots in between that fake a documentary were good, but after seeing the film I only got the thought: why didn't the police get a decent shooting course? And why where there so many cops and was SWAT on a real long break. Truly bad.",negative
"I can not believe such slanted, jingoistic material is getting passed off to Americans as art house material. Early on, from such telling lines like ""we want to make sure they are playing for the right team"" and manipulative framing and lighting, A Love Divided shows it's true face. The crass manner in which the Irish Catholics are shown as hegemonic, the Protestants as peaceful and downtrodden, is as poor a representation of history as early US westerns that depict the struggle between cowboys and American Indians. The truth of the story is distorted with the stereotypes and outright vilification of the Irish Catholics in the story; a corruption admitted by the filmmakers themselves! It is sad that people today still think that they can win moral sway by making a film so easily recognized for it's obvious intent, so far from attempting art. This film has no business being anywhere in any legitimate cinema or library.",negative
"Shot in the Heart is wonderful. It brilliantly illustrates the plight of Gary Gimore, a convicted murder who requested death. Shot in the Heart shows the ordeal that Gilmore's family, torn up by hatred, went through. This movie is an incredible psychological study, and is wonderfully depressing and uplifting. 10/10",positive
"I usually like hongkong - martial arts - fantasy movies but I hated this one. Once Upon A Time In China, Shogun Assassin, A Chinese Ghost Story and even Big Trouble In Little China are my favorites but this film sucked! Too much fancy tricks and stupid story.<br /><br />4/10",negative
"This is a great example of a good, dumb movie. No, it is not high art by any means. Nor is the script anywhere close to a Woody Allen or Mel Brooks. BUT SO WHAT! The Killer Tomatoes series (four movies and a cartoon series) are basically good-natured romps gleefully trampling on the kind of territory the Zuckers ruled before they switched to making serious flicks.<br /><br />As the title suggests, this fourth installment of the Killer Tomatoes trilogy deals with the Killer Tomatoes plot against France. In this case, Professor Gangrene (John Astin's 3rd time in the role) has a plan to rule France through an ancient prophecy about the return of the rightful King of France. Steve Lundquist returns as Igor, a humanoid tomato who wants to be a sportscaster and who just happens to be a dead ringer for the long-lost true King of France. Obviously he also plays the aforementioned l-l t K of F, happily skewering the French language.<br /><br />Opposing them is the fearless Fuzzy Tomato (like the others, FT was introduced in the second film and would be a main character in the cartoon) and his human allies. Mark Price, recently unemployed as a result of the conclusion of the FAMILY TIES series, plays a thinly disguised version of himself, passing himself as ""Michael J Fox"" as a way to win the girl of his dreams. And Angela Visser is a dream as Marie, gleefully bouncing between unabashed virginal sexuality and borderline psychosis. Oh that the former Miss Netherlands had had more of a film career! Another returning member of the Killer Tomatoes stock company is Rick Rockwell (now best known as the hapless title subject of ""Who Wants to Marry a Millionaire?""). Like co-creator John De Bello, Rockwell works both in front of and behind the camera in this series.<br /><br />What can you say about Jon De Bello? Not much, really, except that he had a singular vision and managed to pull it off and, having done that, has apparently dropped into obscurity. John, if you ever see this, thanks for giving us the Killer Tomatoes.<br /><br />The script is heavily but not obnoxiously aware that this is just a movie. Like RETURN OF THE KILLER TOMATOES, the action occasionally veers off the set and into the middle of the film crew. And Mark Price has a funny forum to complain about his own lack of success compared to his former costar Michael J Fox. This is the biggest budgeted of all the Killer Tomatoes flicks and is a nice send-off to the series. Okay, the show then moved to Fox Kids as a cartoon series (which was also quite clever), but cartoons just aren't the same.",positive
"With a catchy title like the Butcher of Plainfield this Ed Gein variation and Kane Hodder playing him will no doubt fly off the shelves for a couple of weeks.Most viewers will be bored silly with this latest take on the life of Ed Gien.<br /><br />The movie focuses on Ed's rampage and gives us a(few)glimpses into his Psycosis and dwelling in Plainfeild.Its these scenes that give the movie a much needed jolt.<br /><br />What ruins this is the constant focus on other characters lives and focuses less on Eds.Big mistake here.<br /><br />Kane Hodder is a strange choice to play Gein,but He does pull it off quite well,and deserves more acting credits than he gets these days.Prascilla Barnes and Micahel Barryman also show up.<br /><br />3/10",negative
"On many levels it's very good. In fact, considering that this was a low-budget British indie by a first time feature-director with a largely neophyte cast, it's a magnificent achievement. I don't know how much it cost. The figure of £8,000 was bandied about in publicity but you never know how reliable a figure like that is. The point is that this film looks like it cost a couple of million quid and it clearly cost a tiny fraction of that Great special effects, terrific production design, effective props and costumes, excellent photography, good acting and direction, an impressive score and an absolutely stunning sound mix. Even having said that, much of the script was great. The characters were clearly identified and all had something to do. This is a movie about ten men all dressed roughly the same in one location and it would be easy for them to be nameless, faceless blanks but these were ten characters - mostly that was done through the dialogue and the way they reacted to things. Throughout the middle act, when the plot was developing, the script told the story well and showed how it affected the characters. If the whole film was like the second act, it would be stunning.<br /><br />Before the ship blows up, twelve people make it to individual escape pods or 'e-pods' which blast away from the ship. They're not much more than automatic metal coffins and the poor sods inside are trapped, cramped and have no real idea where they're going - but that makes sense. I like the e-pods - they're an excellent idea done very well and make more sense than a nice, roomy escape capsule. I also like the way that we are specifically told, later, that they are designed for ship-to-ship escape but can just about make planetfall in an emergency - because, let's face it, these guys were bloody lucky that their ship was blown up so close to a planet. That said, it doesn't look to me like there are 116 unused e-pods still on the freighter and you have to wonder how the prisoner is able to get into an e-pod - but in he gets. (And it has just occurred to me: shouldn't the Captain have gone down with his ship rather than being the first guy out of there?) Anyway, the e-pods all land on a barren planet with nothing but sand and sparse vegetation - or at least on a sandy, sparsely vegetated part of the planet which may have icy wastes and lush jungles elsewhere. Nah, it's a planet in a sci-fi movie - it will be exactly the same all over. We have to accept that all the e-pods come down within a few miles of each other so that the ten survivors are able to meet up, firing flares into the sky to locate each other.<br /><br />The Captain, a muscular mountain of a man who could have a pretty good career in action flicks if he gets the right agent, decides that they should try and contact 'Captain Behan' with whom they were intending to rendezvous. But they cannot do this from the planet, they need to get into orbit. The engineer says that if they combine the power units from two e-pods they can probably give one of them enough juice to lift itself on anti-grav doodads high enough to blast above the atmosphere. It can all be done on automatic but it will need a 'pilot' to send the signal. The captain valiantly volunteers for this but in a commendably sensible move the engineer points out that putting the heaviest man into the somewhat dodgily repaired e-pod is ridiculous and that it needs to be the lightest member of the team. That's Kid. I really liked the way that he now points out that his name is David and the Captain starts using it, treating him with dignity and respect. That was good storytelling and good characterisation.",positive
"It's now 2005 and 15+ years since this cartoon first aired. I haven't actually watched it seriously or closely in about 10 years. Now that I'm an adult in my 30s I can look back with a serious eye as I watch the episodes again.<br /><br />In concept, the cartoon is partly an homage to the classic Looney Tunes but also its own original show. There are a few episodes that are structured like the old cartoons. For example, there is a singer that attacks Buster and so he exacts revenge on this singer's concert -exactly like the old Bugs Bunny cartoon. The ensuing cartoon is similar to Looney Tunes, just in a different era. If you look at the old Looney Tunes, they did an awful lot of stuff exactly like Tiny Toons did. The old Looney Tunes made a lot of social commentary and parody. There were celebrity impersonations. There were a lot of corny period jokes, slang, and dialog. The comedy was surreal and wacky. You can say this exactly for Tiny Toons as well. The comedy styling is 'spiritually' the same. Most definitely a throwback to the classics which hadn't been done well (if at all) in cartoons in the decades prior to this show. We recognize the cultural references in Tiny Toons and we can roll our eyes when something we don't like comes up. But the reason we don't think Looney Tunes are corny is because we weren't alive back in the 40s. Also, Looney Tunes was original back in those days but today cartoons are rehashed over and over. So it's easy to perceive Tiny Toons in an unfair light due to our exposure to current events and our overexposure to cartoons in general.<br /><br />There certainly are differences in many respects - the timing, the delivery, and obviously the duration of the shows. They are two different styles from two different periods, being done under two very different circumstances - Looney Tunes being made for adults in theaters and Tiny Toons being made for kids watching TV. Even so, they did a good job making an original show with original gags AND still paying homage to and patterning after the comedy stylings of the old Looney Tunes.<br /><br />Since Tiny Toons had a lot more time to play with, they had some genuine moments of great animated inspiration. You only have to look at episodes like 1 minute to 3, the baby Plucky toilet episode.. there are so many more. For example, one of the best comedy dialog exchanges ever animated is in ThirteenSomething when Babs and Buster are on the phone in a split screen, hoping each misses the other. The miscommunication is spectacular. Notably, the character development in this episode and in several others (usually the ones penned by Deanna Oliver or Sherri Stoner) is rather good. The female characters were taken seriously as personalities and developed, unusual considering the opposite is usually true for cartoons of that period.<br /><br />This was the first modern cartoon that had lots of both pop culture-referential and self-referential humor. This was way ahead of its time. Tiny Toons really opened up a door for writers to take comic liberties that are so common in the cartoons today, instead of doing the boring old crap we endured as 80s kids. Yes, I loved Transformers and Thundercats, but Tiny Toons totally jumped away from all that. It was a breath of fresh air. Bakshi's New Adventures of Mighty Mouse may have been a precursor, but Tiny Toons made this surreal style of comedy cartoon writing a real success.<br /><br />As a kid I totally overlooked some jokes. For example, one episode is an homage to the Marx Brothers that I completely ignored as a teen. Now I have a newfound respect for it. There are so many inspired gags that I never noticed that are genuinely brilliant. It's that kind of comedy that makes me think of Looney Tunes and Family Guy. I NEVER noticed that kind of comedy as a kid. I've been thinking this for most episodes I watched recently.<br /><br />You'd notice these kinds of things if you actually WATCHED the show. Unlike some other reviewers here who I know are unfairly judging it, I've seen all the episodes and have thought about them thoroughly, exposed both as a kid and as an adult.<br /><br />You can tell there was an awful lot of care taken with the voice acting too. I'm not talking about just the main characters, but the side characters were done really well and creatively too. But back to the main characters, some of the main characters were brilliant. Tress MacNeille had, in my opinion, her best performances in this cartoon. She hasn't been the same since. Rob Paulsen also did some incredible stuff here, too.<br /><br />This is all not to say the show didn't have some bad episodes. It had plenty. It had a lot of mediocre ones, too. But by far it certainly had a lot of genuinely funny episodes. Especially back when it first aired it was actually funny to watch.<br /><br />Out of 10 I give the show an 8.5 - and kudos for pushing the envelope and breaking down the doors leading to a new era of cartoons.",positive
"I saw this Australian film about 10 years ago and have never forgotten it. The movie shows the horror of war in a way that Hollywood usually glosses over. The relationship between the soldiers of the two warring countries is highlighted by the differences in culture and the ultimate knowledge that in the end we are all really not different on the inside. If you can find any type of copy of this--buy or rent it. You won't be disappointed, just awed.",positive
"A family (mother-Patricia Clarkson, father-Jake Weber, son-Erik Per Sullivan) go out for a family get together in some remote house in the middle of winter. They accidentally hit a deer while driving there. This angers some of the locals--especially Otis (John Speredakos) and things slowly (VERY slowly) go wrong.<br /><br />I was expecting the worst when I started watching this. The bulk of the reviews for this, on this site, are extremely negative. Well...I disagree. First off it's NOT a horror film. The horror doesn't even begin until the closing 30 minutes. It plays more like a family drama with horror elements thrown in. On that level, it's pretty damn good.<br /><br />First--the bad stuff: The pace is WAY too slow; Jake Weber is a horrible actor; WAY too many false dream sequence scares; the wendigo barely figures into the film and the clear view we get of the wendigo at the end is laughable.<br /><br />The good stuff: Pretty good dramatic script; Clarkson is excellent as the mother; some great direction with eerie sound effects which are a little scary; a pretty explicit hot sex sequence between Clarkson and Weber (which actually is necessary for the integrity of the plot!); pretty good acting by Sullivan (only 10 at the time!) and Speredakos and a completely unexpected tragic ending.<br /><br />I think many people are annoyed with this film because it's being pushed as a horror film--which it isn't. So, if you can ignore that, I think you might like it. I'm giving it a 7.",positive
"OK, so in any Wile E. Coyote-Road Runner cartoons, we know that WEC is going to set up all sorts of traps for RR, but always maim himself in various ways. That certainly happens in ""Beep, Beep"". Predictable? I guess that it is, but when you think about it, these cartoons show how the more you try to harm someone else, the more you get harmed; sort of like how Daffy Duck always tries to undermine Bugs Bunny's integrity but Bugs sees around it.<br /><br />Overall, this is another classic from the Termite Terrace crowd. Sometimes, I think that if we really had wanted to ease Cold War tensions, we could have just let the Soviet Union see Looney Tunes cartoons; I'm sure that they would have loved them. Another great one.<br /><br />PS: I learned on ""Jeopardy!"" that Wile E. Coyote's middle name is Ethelbert.",positive
"The Monkees, surprisingly, are a big favorite of mine. Yes, they might have been the original manufactured rock band; a gimmick that certainly has reached overkill in the 21st century. However, their music holds up as some of the best the 1960's had to offer. Last Train To Clarksville, Daydream Believer, I'm A Believer, (I'm Not) Your Stepping Stone, Valleri and Pleasant Valley Sunday are great songs, written by good songwriters such as Boyce/Hart, Neil Diamond, Goffen/King and John Stewart. While they weren't great musicians or songwriters, they had a likable screen presence and plenty of appeal and some of their own stuff was actually decent. Their T.V. show is dated stuff in 2007 but I still watch the show on occasion as a time capsule to life in 1966-1968; that magical and dangerous time in U.S. history.<br /><br />However, as we all know, as a portent of things to come for the likes of Kelly Clarkson, The Monkees didn't want to be considered manufactured and just puppets for their recording company. Despite their average talents, they wanted to write their own songs, produce their own albums and call the shots when it came to tours. Sadly, this turned out to be a disaster; especially when Peter Tork's choice of Jimi Hendrix as an opening act was nixed due to his stealing of the show and heavy sexual suggestions in his music compared to The Monkees G-Rated content.<br /><br />However, the final nail in the coffin for the Monkees (until 1986) was the infamous motion picture Head. Head was written by Bob Rafelson and Jack Nicholson while they were allegedly high on the Mary-Jane. The film received poor reviews and only made $16,000 in the box office. Today, the film is a cult classic, ahead of its time and delivers a message of what was on the minds of the youth in 1968, the Summer Of Anger.<br /><br />Head really has no plot. Basically, one to four of The Monkees lurch from scene to scene without any rhyme or reason. They go from eating in a diner, to seeing Davy Jones getting bashed by Sonny Liston, to a Western, to being sucked into a vacuum, to performing at a concert and so forth. The film basically offers up oblique opinions of what was wrong with American society. The Monkees bash commercialism, the war in Vietnam, American policy, censorship, the Establishment and greed. You have to read between the lines to see what the targets of derision were.<br /><br />The Monkees spend a lot of time boxed up at certain junctions of the film, symbolizing how they felt their record company saw them; as nothing but toys for them to play with when it was time to record another hit album. A scene where they are outnumbered 16-4 in the Western scene could be a symbol of them against the session musicians, songwriters, record producers and whatnot who controlled their careers and the cannon they fire at them is their way of saying ""Begone!"".<br /><br />The film is truly a psychedelic trip to behold. The flashy tie-dye colors, the hypnotic concert and belly dancing scenes and the druggy imagery is everywhere. The acting is actually very good but that's being biased as I like The Monkees T.V. show. A small soundtrack features ""The Porpoise Song"" and three songs written by The Monkees themselves.<br /><br />The film actually has some hilarious scenes on occasion; although maybe they weren't supposed to be. Mickey Dolenz beating up a Coke Machine that didn't give him a soda or his violent punch-ups in the boxing scene (I mean, he was a wiry guy who probably weighed no more than 135) had me laughing it up.<br /><br />All in all, this movie is an absolute must-see for any Monkees fan. I think a lot of people will feel this movie is indeed ""over their Head"" but for those obsessed with the 60's and society at the time will find it a great time capsule.",positive
"This is one of the worst movies I've seen in a long time. The story was boring, the dialogue was atrocious and the acting hammy. I'm not sure if this movie was the result of a film school homework project, but it certainly played like one. It is not even particularly successful in its central conceit of trying to appear as a single continuous take. The whooshing horizontal camera pans are a cheap and unoriginal way of hiding cuts.",negative
"This movie received a great write up in Blockbusters 'coming attraction' I was looking forward to the release date,08/07/02. The plot sounds reasonable, the cast alone should have guaranteed a side-splitter, but whoa there; apart from the 'off the wall betting events' this was quite a bore.<br /><br />This will never become a comedy classic, and I'm afraid it has done no help to the fine comedy reputation of John Cleese. Rowan Atkinson, now he was quite funny, in a Rowan Atkinson sort of way!",negative
"I do admit that my review is from a 2006 point of view, nearly 30 years after the making of this movie and at the time of its conception, it may have been a brilliant horror/thriller movie.<br /><br />Beginning on Halloween night 1968, 6 year old Michael commits the brutal murder of his 18 year old sister. Michael is committed to a mental institution and 15 years later escapes and returns to his home town to murder again.<br /><br />From this point it is clear that the movie will follow a basic and rudimentary path that is highly predictable. The beginning of every scene is easily predictable in the way it will end whilst the music for each scene containing Michael (the murderer) is exactly the same throughout the movie, thus alerting the viewer to the likely events to follow.<br /><br />For the horror/thriller enthusiast, there is a severe lack of blood/gore compared to modern day films although I am not akin to the amount that is displayed in this day and age. A happier medium could have been found.<br /><br />From a half hour into the movie, not one scene is unexpected. The acting for a horror/thriller film is fairly typical of the era and thus lacks any punch for the modern day enthusiast.<br /><br />A positive for the film is its lingering camera shots and dark lighting which creates a frightening atmosphere. A second positive would be the character of Michael's doctor, who provides clues to the probability of where the story may lead.<br /><br />However, it is clear that the star, in Jamie-Lee Curtis, is in the infancy stages of her acting career and thus fails to provide a truly frightened central victim.<br /><br />It is hard for me to rate this film as it was in its day, but from other horror/thriller films of indeed the 80s and to a lesser extent, the 90s, it falls far short of a truly great horror/thriller film.<br /><br />I suggest you move on and find a classic from the 80s. Cheers!",negative
"After seeing The Aristocats: Special Edition in a two pack with The Fox in the Hound, I decided to buy it since both of these films were childhood favourites.<br /><br />The Aristocats is a classic, definitely. It might not be a five-star classic, but it is a fun film and makes a good evening's entertainment. It is somewhat a light refreshment from the darker, more serious Disney classics. The Aristocats tries to be a light-hearted musical comedy, and I think it just about succeeds.<br /><br />The storyline doesn't really make much sense and I don't think the plot is particularly strong, but it is certainly not weak. The animation and backgrounds are a bit scratchy in places, typical of Disney's 70s films, but it does have a rustic, old fashioned charm about it.<br /><br />The Aristocats strongest points are the characters, the music and the humour. The music is very memorable - try getting 'Everybody Wants To Be A Cat' out your head in a hurry! The songs are written by the Sherman Brothers, who also did the music for The Jungle Book. There was one song called 'She Never Felt Alone' that was going to be in the film, but sadly didn't make it into the final feature. It is a shame, because I think it would have fit in very well.<br /><br />The characters are unforgettable. Thomas O'Malley is voiced by Phil Harris, and is basically Baloo in a feline form. Eva Gabor gives Duchess this warm and maternal feel and the kitten's voices actually sound like children, and not an actor imitating the voice of a child. The secondary characters are here by the dozen and yet you still end up understanding their personalities. Edgar, the 'villainous' butler plays a similar role to Cruella De Vil, but he's more comical than scary, often ending up in funny situations. Even though he's the bad guy, he's still lovable all the same.<br /><br />The two British geese - Abigail and Amelia really had me cracking up, along with their crazy (and drunk) uncle. I also like the dogs, who tend to argue over who is 'the leader.' I could go on, but I won't spoil it. But I can tell you, The Aristocats is funny and will entertain everyone without having to resort to rudimentary toilet humour.<br /><br />The bottom line - The Aristocats might not be Disney's crowning achievement, or even their strongest film from the 70s (that award is a tie between The Rescuers and The Many Adventures of Whinnie the Pooh). But it is an enjoyable romp and is sure to entertain. If you are looking for a dazzling work of art, you might be better off watching Bambi. But if you want a fun night in, The Aristocats is the way to go. It is a charming and lovable film and it's impossible to dislike. Enjoy! (And besides, it's good to have a film where cats aren't seen as the villains).",positive
"I wasn't really hoping for much when I went to see this. After Mst3king the heck out of JasonX with some friends though, I was hoping for a similar experience here.<br /><br />Unfortunately the movie took itself way too seriously. Do I care about Jason's problems? I'm sorry no. There are a legion Ft13th movies that cover that anyway. At at then end of the day, he's an undead serial killer, I'm just not going to get that sympathetic.<br /><br />Freddy was by far the most interesting aspect of the movie with the hallucinations and what not, but unfortunately they were few and far between and by the end of the movie, it had degenerated into a bad episode of celebrity deathmatch...only not funny.<br /><br />",negative
"I am a massive fan of the book and Orwell is certainly my favourite writer ever since studying Animal Farm at GCSE. I bought the DVD out of sheer curiosity, Burton is an actor I hold in high regard so when I heard that he played the role of O'Brien I was swung.<br /><br />I watched the trailer on the DVD first and some fears started to set in, mostly regarding the frankly terrible ""Theme song"", hearing the Eurythmics mechanically shouting ""1984!"" over and over again to an electronic beat is as bad as it sounds.<br /><br />The acting on a whole is pretty good, Burton and Hurt play their roles well and the tension that exists in the Ministry of Truth towards the end can be felt, especially in the harrowing Room 101 scene. However this is also where the movie is let down. The movie spends too much time focusing on the Love affair between Winston and Julia, which frankly isn't what Orwell was writing about. He was writing about a harrowing future, about how Ingsoc build up a mans beliefs and then shatter them all in the name of him being made to love Big Brother. The movie skips over what is essentially the most important part of the book, Winstons coming to terms with his position in life and the world, and his re-education via O'Brien.<br /><br />The comment on IMDb at the moment states that the movie sticks to the book is completely incorrect. Julia is not present when Winston visits O'Brien, they do not commit themselves to Goldstien's Brotherhood and confess their crimes. There is no obvious mention of the initial instances where Winston finds the article with the Unpersons but it does get mentioned near the end, if you have not read the book it is completely confusing.<br /><br />A terrible screenplay, which some excellent acting cannot rescue. Michael Radford seems to have completely missed the point Orwell was trying to make, and the electronica sound track is frankly terrible.",negative
"I just got done watching The Edge of Love (by the way, this is one of the worst titles so far this year) and it felt like a chore. Watching Keira Knightly's unlikable, skeleton-looking character made me cringe even more throughout the coarse of the film.<br /><br />It took me four nights to watch this it was so boring. The only good thing about it was Cillian Murphy. He's always good/believable and is severely under looked in many films. This, however, was just not good enough for him.<br /><br />Apart from the unlikable characters, boring storyline, the plot was also emotionally unsatisfying. I felt like I spent my time watching this for nothing (which I did). I should have done the smart thing and turned it off, but I kept it on out of respect for Cillian Murphy and the great cinematography.",negative
"I know it's not original, but what the hey? What else can be said about it? I feel unutterably silly just paying any attention at all to ""From Hell It Came"". The movie makes the important political and social issue of fallout from atmospheric atomic tests seem a matter for joking and dismissal, not the concern and alarm being raised by scientists all over the world at the time.",negative
"I saw Insomniac's Nightmare not to long ago for the first time and I have to say, I really found it to be quite good. If you are a fan of Dominic Monaghan you will love it. The hole movie takes place inside his mind -or does it? The acting from everyone else is a little rushed and shaky and some of the scenes could be cut down but it works out in the end. The extras on the DVD are just as great as the film, if not greater for those Dom fans. It has tons of candid moments from the set, outtakes and a great interview with the director. Anyone who has gone through making an independent film will love to watch Tess (the director), Dom and everyone else on the very small close personal set try to bang out this little trippy creepy film. It was pretty enjoyable and I'm glad to have it in my collection.",positive
"Only Connery could bring that particular style with a line like that Fatima crashes into Bond's arms when she water-skis up to the super agent in Nassau and apologizes, 'Oh, how reckless of me. I made you all wet.' The super agent replies, 'Yes, but my martini is still dry.'<br /><br />Barbara Carrera makes a great villain, stealing the show as SPECTRE executioner Fatima Blush Fatima is number 12 in the SPECTRE chain of command, and is a gorgeous assassin who takes intense sensations of pleasure in killing <br /><br />Fatima assumes all the deadly characteristics of Fiona, proving to be one of Bond's toughest adversaries She is a victim of her vanity She's good at what she does, and wants the world to know it But her vanity is her downfall Using every possible approach to eliminate 007, Fatima is a wild and cunning woman who makes love to the man she is about to kill <br /><br />Austrian actor Klaus-María Brandauer (Largo) does not make a very formidable opponent for 007 Referred to as number one in the SPECTRE chain of command, Largo resides in the Bahamas, and travels aboard his super yacht, the Flying Saucer <br /><br />Max Von Sydow becomes the fourth actor to appear as SPECTRE chief Ernst Stavro Blofeld, once more plotting to put the world at ransom <br /><br />Kim Basinger takes the part once owned by the lovely French actress Claudine Auger She is Domino, the mistress of Largo, who soon falls deeply in love with her rescuer <br /><br />Black actor Bernie Casey becomes the sixth actor to play CIA agent Felix Leiter after Jack Lord, Cec Linder, Rik Van Nutter, Norman Burton, and David Hedison...<br /><br />Edward Fox portrays the new, unsympathetic 'M.' Pamela Salem is the third actress to play Miss Moneypenny. Lois Maxwell was the first and Barbara Bouchet was the second.<br /><br />Valerie Leon is the sexy lady in the Bahamas who fished 007 out of the blue water and saved his life by making love to him in her own room Valerie was the Sardinian hotel receptionist in 'The Spy Who loved Me' when Bond and Anya arrive seeking Stromberg<br /><br />Prunella Gee is Shrublands physical therapist Patricia Saskia Cohen Tanugi is Nicole, Bond's Secret Service contact in the South of France <br /><br />Gavan O'Herlihy is Jack Petachi, the U.S. Air Force communications officer who duplicates the President of the United States' 'eye print' and arms two cruise missiles with nuclear warheads <br /><br />Rowan Atkinson is the bumbling foreign officer Nigel Small-Fawcett; and Alec McCowen is Algernon, the armorer who provides 007 some formidable items <br /><br />If you like to see Connery playing a tense battle of wills, disguised as a masseur, attacked by robot-controlled sharks, giving away a considerable amount of money for a tango dance, thrown into a medieval dungeon, don't miss this second of only two ""unofficial"" James Bond films",positive
"Diego Armando Maradona was, and still remains as the best football player, the game has offered. Not just an athlete, but an artist. This documetary if the 1986 World Cup will forever live in the memories of every football fan around the world. Because of his tremendous and unbelievable goal, which he scored against my own country(england). There's absolutely no point of diminishing this star. Although I dont undersand spanish, I can appreciate the argentine narrator. He actually cries of happiness, and can barely express his emotion..... Anything I wrote can be senseless and difficult to comprehend, but readers.....you have to watch this to know what I mean.",positive
"George Barry's ""Death Bed: The Bed That Eats"" is, at root, a dark fairy tale told via a horror-movie framework. It is, in my opinion, one of the best films of the 1970s, and it's downright criminal that the picture was basically stolen and distributed without Barry's knowledge (those responsible for this theft should be fed to the bed, ASAP). If you're looking for overt gore or rabid action, ""Death Bed: The Bed That Eats"" isn't the flick for you. ""Death Bed"" is a gentler, weirder drive-in picture; it plays like an utterly strange dream, half-remembered. I'd recommend reading Stephen Thrower's summation of ""Death Bed"" in Thrower's FAB Press book, ""Nightmare USA"" (he describes the movie's vibe perfectly). Whether intentional or not, I've noticed shades of ""Death Bed"" in everything from the ""Phantasm"" films to Michele Soavi's ""Cemetery Man"" to the magic-realism/slipstream fiction of authors such as Kelly Link. Barry is an original and in a fair world I'm sure he would've followed ""Death Bed"" with a number of fantastically bizarre films.",positive
"Much like the comedy duo of its title, ""The Sunshine Boys"" has become a forgotten classic 30-odd years later. It's hardly mentioned alongside other great film comedies of the 1970s. This makes no sense given the singular specialness of this film, perhaps the best Neil Simon ever wrote.<br /><br />Walter Matthau plays Willy Clark, once half of a legendary vaudeville comedy known as Lewis and Clark, now a bitter 73-year-old solo act who can't get a job in a potato chip commercial. His nephew and agent Ben (Richard Benjamin) is sure he can get work if Willy will only agree to reunite with his estranged partner Al Lewis (George Burns) for an ABC-TV celebration of show business nostalgia.<br /><br />Nostalgia is what ""Sunshine Boys"" has going for it in spades, right from the start when a series of 1920s film clips showcasing various entertainers from long ago flickers before us to the accompaniment of Cole Porter's ""Be A Clown"". Then there's the film's present-day setting in Manhattan, where flared trousers and wide polyester ties abound. The periods collide in Willy's glorious mess of a Manhattan apartment, where framed photos and cartoons of long-dead celebrities stare out from the walls at lurid tabloid headlines and empty Zabar grocery bags. If you were alive in the 1970s like me, you might even feel like you were in that apartment.<br /><br />Willy clearly has been living there too long. He's sleeping in front of the television when the kettle in the other room boils. Willy wakes up and picks up the phone.<br /><br />""Hello, who is this?"" A pause. ""Never mind, it's the tea.""<br /><br />Old men living alone can be sad material in almost anyone else's hands, but Simon's deft wit and unerring feeling for character turns this adaptation of his 1972 stage hit into comedy gold. The amazing thing about ""The Sunshine Boys"" is how much it rubs your noses in Willy's almost existential condition without turning you off at all. ""89 years old and just like that, he dies of nothing'"" Willy says of one old songwriting friend, before deciding the man probably died from writing a song that rhymed ""lady"" with ""baby"".<br /><br />Burns won an Oscar for his understated performance as the gentle but steely Lewis, but it's Matthau who brings this one home, his make-up and proud but ragged bearing really selling you on the idea he was already 73 when he made this. Willy is obnoxious in the extreme, fully deserving Ben's description ""crazy freakin' old man"", but you root for him throughout, enjoying his small victories even when they come at the cost of others' patience. His lines kill you, too, especially when he's trying to kill Lewis, for whom the TV reunion turns out to be a bad idea.<br /><br />""You're out of touch!"" Willy tells Lewis at one point. ""I'm still in demand. I'm still hot!""<br /><br />""If this room was on fire you wouldn't be hot,"" Lewis replies.<br /><br />Director Herbert Ross shoots everything in a very casual and understated way, with low lighting and mid-range shots even in emotional moments so as to leave room for the comedy and the film's overall zen message of grace through quiet acceptance. You never get the feeling you are watching a movie, one of ""The Sunshine Boys"" many charms, and Ross's direction, like the acting of the three principals, goes a long way toward achieving that end.<br /><br />Comedy is hard, especially when the subjects are people watching life pass them by, but ""The Sunshine Boys"" makes it all seem a pleasure, because, for us watching, it is.",positive
"This is a children's TV series about a Mary-Sue who is at the same time, mean and bitchy. I couldn't bring my self to sit through 3 episodes of Zoey101. Not to mention that Jamie Lynn Spears can't act to save her life! What message does this show bring to kids? If you're not perfect like Zoey, you're unworthy *rollseyes*.<br /><br />It's absurd how Zoey's character is exactly the type of person who would be despised in real life yet she manages to become so popular. Then there is Chase who is basically a lovesick puppy who worships the ground Zoey walks on. Then there is the fact that all the other characters seem to have been dumbed down in order to stop them from outshining Zoey. I'm sorry but the characterization in this show = extremely unrealistic.",negative
"Quentin Tarantino's partner in crime Roger Avary (co-writer on ""Pulp Fiction"") ventures out on his own (Q.T. goes exec. prod. this time) for this over-boiled French thriller.<br /><br />Eric Stoltz is Zed, safe cracker extraordinaire who has drifted over to France from the U.S. at the request of an old friend. There he teams up with a motley crew of drugged out hippies who, with little or no planning, think they can knock off a bank vault full of gold bullion on a French national holiday.<br /><br />Avary has reworked the robbery gone wrong theme that Tarantino developed so well in ""Reservoir Dogs"", only ""Killing Zoe"" is not good enough to survive on the strength of this alone, so Avary has thrown in a rather beautiful distraction. Julie Delpy is Zoe, a student come call girl who entertains Zed on his arrival in Paris. A stunning distraction she certainly is, but nothing more.<br /><br />I guess our director wanted to add a different angle to this basic theme, but sadly the move did not help to add the depth his shallow plot so desperately needed. There was never a story in this idea, which was nothing more than that, an idea. Even the surreal journey into the seedy dives of Paris is uninspiring. I figure one would have to concede that there was never much of a movie in the story of a bunch of gangsters shooting each other up over a botched jewellery heist either, that is until you add intricate characters and snappy dialogue. ""Reservoir Dogs"" had it, ""Killing Zoe"" did not.<br /><br />Stoltz's strong interpretation of the doubtful Zed and Jean Hughes-Anglade's mad portrayal of the obsessive ring leader do nothing to lift proceedings. In short, Avary has unsuccessfully attempted to conjure entertainment out of nothing.<br /><br />Friday, September 15, 1995 - Astor Theatre",negative
"This is the last time I rent a video without checking in at the IMDB reviews. The Limey is directed by Steven Soderbergh who also wrote wrote the truly awful Nightwatch with Ewan Macgregor and directed such trash as Out of Sight with the anti-talented Jennifer Lopez. Terence Stamp is a fine actor and it is a shame he involved himself in such a bad film. There is frequent confusing editing that seems like it was a last minute decision in order to make up for the lack or story, filming and just plain common sense. This film does everything wrong. What were they thinking?",negative
"First off I am in my mid 40's. Been watchin horror films since I was a kid so I have seen A lot of variety. IMO,this is not as bad as the multitudes that gave this a 1 or 2. <br /><br />Yes,it is a low budget horror flick. The dialog is soso and acting tolerable,sometimes. The basis of this film plotwise is actually pretty good. For those of you old enough to remember or lucky enough to have seen them on DVD. This is very much like a 1970's movie of the week. Just add in blood and minor gore,minor T & A and swearing, without big names. That is it to a T. I would rather watch this than Jason vs Godzilla or whatever other continuois crap is out there. Tho not as good, EVIL DEAD was a LOW budget film. At least give these guys credit for trying. With acouple MIL budget this could have been a pretty good flick. My score a watchable 4.",negative
"Like his early masterpiece ""The Elephant Man"" Lynch proves to his detractors that he can tell a straight, simple story without losing his artistic touch. This is a true story of an elderly retired man (expertly played by Richard Farnsworth) who decides to ride a tractor across a few states to pay a final visit to his estranged brother who now stands at death's door. A beautiful score from Badalamenti, exquisite photography of rural life (love those aerial corn-field shots), and a sly director's hand that reveals man's basic humanity, this is a beautiful slice of life film. Its extremely slow pace may lull some viewers to sleep, but those who stay for along for the ride will be well rewarded in the end.",positive
"I honestly fail to understand why people love this show so much. A friend of mine watches this and since I like sci-fi, I tried to watch along since the plot of the show sounded promising, but in truth it really is a very boring show. The only thing that will keep you awake during this show are the video game-like CGI-effects and the complete overuse of muppets. Note that I call it muppets because they actually really look like muppets, not like the aliens they should be.<br /><br />Speaking of which; the muppets and make-up effects are horribly overused in this show. You have this guy who could be best described as a alien/dwarf-hybrid, you have a pale girl who looks like a cheesy vamp-girl, you've got a floating potty-mouth frog-alien... It just feels very unnecessary and furthermore even to the point that you feel distracted from the whole storyline about a lost astronaut.<br /><br />Every episode is also too much of a stand-alone. The creators of this show directed this in such a way that every episode almost feels like a whole other show. At least up until the point that you see the main-characters/muppets again, that is. The whole plot about the main-character getting back to earth is way to much pushed to the background at points. The acting is also quite bad.<br /><br />Conclusion: if you want good sci-fi, just look somewhere else. This isn't even real sci-fi to begin with in my opinion, since the show is more aimed at fantasy-elements with all the puppetry and weird dreams going on. And if you just want to see muppets then I suggest you watch the Muppet Show and feel glad that this abomination of a show has come to a end.<br /><br />By the way; doesn't anyone have dejavu's with the concept of a living spaceship? Ohyeah thats right; Doctor Who started that concept almost about 30 years ago! This show is like a collection of 'sci-fi' leftovers. Scripts and events that were abandoned for a good reason, only to be picked up by this horrible show.",negative
"This movie will always be a Broadway and Movie classic, as long as there are still people who sing, dance, and act.",positive
"Steven Seagal appears to be sleepwalking through a dreadful movie shot almost entirely in close-up to disguise the complete lack of budget and resources. To pick on the technical flaws - silver F/A-18s and F-14s take of from a carrier for an air-strike, and miraculously become camouflaged F-16s for the actual strike - would give this movie more credibility than it deserves. Suffice it to say that the most interesting thing in the movie is the credit titles which fade on and then disappear in a lightning wipe, which presumably is available to all users of Final Cut Pro. Putting all your creativity into your own credit puts Michael Keusch in the same category as Marcel Mandu.",negative
"""Don't be greedy"" sums up the depth of this movie. All the rest of the baloney is big budget window dressing. The movie rotates through hiding the ball annoyingly and revealing too much. None of the potentially interesting plot tangents are developed yet the trite ones are hashed and rehashed to excess.<br /><br />The charm of DD, as others have pointed out, was in the schizophrenia device,the humor woven into the fabric of the movie, and most importantly, the acting. There is enough wooden acting in The Box to attract a giant mound of martian termites.<br /><br />The biggest problem with suspending disbelief during this mess is the glaring question, ""why would a technologically superior power capable of taking over the government need to do any testing at all?"" Awful failure of a movie.",negative
"I am writing this with 10 minutes left before the film finishes. I feel comfortable writing it now, because unfortunately I know exactly how this film is going to end.<br /><br />The premise is simple enough, rabid dog on the loose in a small town, kills people. Great - simple plot for a good fun camp 80s horror.<br /><br />Uhh ..no.<br /><br />The main problem is this is based on a book (Stephen King) and you can tell that is should not have really been adapted to film, at least not with the same plot. Why? Cuz its boring! The first 45 minutes tries to build depth to its main characters and create suspense. It however lasts too long (half the film!) - the characters are unlikeable and we never care for them anyway, and it just about creates zero suspense. The easiest film (according to plot and time) to compare this to it the classic Jaws. Everything that Jaws does right, Cujo does wrong. Jaws created good characters and a genuine feeling of dread. Cujo does neither. Jaws effectively creates a scary, creepy villain in its shark. Cujo has a dirty St Bernard running about growling and jumping, and not a lot else. Jaws is exciting and unpredictable. Cujo is a tireless bore that remains predictable right to the end.<br /><br />Also confusing is the plethora of subplots that just act as boring red herrings to the films main plot.<br /><br />If this film was rewritten for the big screen and had a better director this could have been good. But it wasn't. It was a waste of 90 minutes of my life.<br /><br />People on here are saying this is one of the best King adaptations - Im sorry you could not be more wrong. The Mist is a hundred times better, Thinner is 10 times better and even the one with the cats is twice as good! This in my opinion is one of the worst! The only good thing was the action scenes with the dog looked real, even though they were dull.<br /><br />Films ended now, and it didn't get any better. Avoid.",negative
"My interpretation is that the term 'distant' is used in the sense of the opposite of 'warm'; people who are not warm toward others. The film reminds me of the teachings of the Dalai Lama in 'The Art of Happiness' where his main point is that the key to happiness is connecting with others. Not only are the characters in the film insular, but they are also humorless, charmless, shy, quiet and unfriendly. These characteristics appear to prevent them, amongst other things, from forming and enjoying relationships and being able to talk about and deal with their problems. And as a result they are terribly unhappy. I see it as a strong vindication of the Dalai Lama's teaching (I'm not a Buddist by the way). If you are one of the people who thinks that their behavior is a natural response to living in a large city then I think you may be right but I recommend the Dalai Lama's book. City life need not be like this.<br /><br />I can see why some people found it boring - it does drag a bit in places and the characters are not particularly likable. And it does contrast to Lost In Translation where the insular characters are much more likable and do connect with one another even though they don't connect with people generally.",positive
"Even if it were remotely funny, this mouldy waxwork of a film would still be soberingly disrespectful. Stopping just short of digging up the boys' corpses and re-enacting 'Weekend At Bernie's'  but only just  producer Larry Harmon and the director of the frickin' 'Ernest' films use holding the copyright as an excuse to crap all over Stan and Ollie's legacy. Gailard Sartain does a fair Ollie impersonation but Bronson Pinchot wouldn't reach tenth place in a Stan lookalike contest; even if they were both spot on the film would be no less detestable. The less said about the surrounding catastrophe the better. Makes 'Utopia' look like a dignified swan song.",negative
"I'm not sure what the point of making this film was. It looked as if it was made by some historical society to be shown in your local 'Pistol Pete' museum. At first it appears that it could be the beginning of a Mad TV or SNL sketch. But then the joke is on you when there is no punchline and you realize that someone was taking this seriously. The story wasn't bad but the inclusion of the SASS members seemed to be a ploy (that worked) to get me to see the film. I swear, the trailer listed every character in the film down to ""dead cowboy #5"". The reason Westerns are so fun is the atmosphere and the characters it brings. I just had the feeling I was watching Civil War rean-actors dressed up as cowboys. Not even worth the digital video it was recorded on.",negative
"Nothing but the director's juvenile fantasy come to life. This 'movie' is nothing more than an excuse for the director/actor to play kissy face with an attractive young woman who would otherwise never give him the time of day.<br /><br />The plot is simple, the direction is nonexistent and the movie drags while the actor/director/writer/narrator narrates. Don't be fooled by the 'X' rating, there is no nudity and minimal gore.",negative
"These days, Ridley Scott is one of the top directors and producers and can command huge sums to helm movies--especially since he has films like ALIEN, GLADIATOR and BLADE RUNNER to his credit. So from this partial list of his credits, it's obvious he's an amazing talent. However, if you watch this very early effort that he made while in film school, you'd probably have a hard time telling that he was destined for greatness. That's because although it has some nice camera-work and style, the film is hopelessly dull and uninvolving. However, considering that it wasn't meant for general release and it was only a training ground, then I am disposed to looking at it charitably--hence the score of 4.<br /><br />By the way, this film is part of the CINEMA 16: European Shorts DVD. On this DVD are 16 shorts. Most aren't great, though because it contains THE MAN WITHOUT A HEAD, COPY SHOP, RABBIT and WASP, it's an amazing DVD for lovers of short films and well worth buying.",negative
"I am in a movie club at my school and I was forced to sit and watch this utterly dismal film. The film's story is not dismal, but the entire movie itself is exceedingly dismal. The acting was absolutely dreadful. The children were overly whiny. A metal pole could have done a better job. I wanted desperately to fall asleep, but because the television was so loud, I was kept from peace. The monkey's are neither cute, nor are they funny. The drama is laugh-worthy. I cannot remember when I saw a more dreadful film. The story is weak, thin, predictable, and completely fake. The adults try to be good actors, but they just can't seem to break through stereotypes. The girl even appears to want to leave the film via falling off a hill during the movie in order to leave it, I don't blame her. Micheal Anderson should publicly apologize for this film. Not just to me, but to everyone else who was forced to sit through this awful film. In fact, I apologize to you. Even if I had nothing to do with this project, I apologize for this film, because this means at least someone will. This film even surpasses the dismalness of films that of Rob Schneider and the Cheetah Girls. I would even go as far to say that it is even worse that Hilary Duff's collection of films, but that's pushing it. Just please don't see this film, or else you'll be pushed to write a review similar to this one on how awful this film is. I'm very sorry.",negative
"This is like a school video project and a propaganda film that puts the whole class as well as the teacher to sleep.<br /><br />Utterly boring long silent(yes, silent) strings of unrelated video clips.<br /><br />Instead of this movie watch the paint dry or the grass grow- it will be more interesting unless you enjoy seeing Arabs being malicious to everyone around them.<br /><br />Sulieman (the Director) should be embarrassed of this lame waste of film.<br /><br />It deserves a one for the movie quality, a zero for the ridiculous propaganda message and a negative number for the script (or lack thereof.)",negative
"I thought this movie was pretty good. Some parts were corny but that's understandable since it was made more than 55 years ago. I thought the best performance in the movie was given by Michele Morgan who played Millie convincingly. Jack Haley is also really good as Mike O'Brien. Even though I'm not a big Frank Sinatra fan, I think he was very good in this movie. If your have a craving for a silly, over the top musical comedy, Higher and Higher is the movie for you.<br /><br />",positive
"""Cat In The Brain"" is a series of extremely violent sequences knitted together by a plot that feels more like an overview, describing director Lucio Fulci's most notorious years of film-making. The movie could also be seen as a dark comedy of sorts, effectively spoofing the various claims that violent cinema causes violence in real life. Fulci goes further than that, he casts himself as the star, the central figure of the film thus showing the audience who is the man behind all the cinematic gore. ""Cat in The Brain"" is not about presenting a clear story and following it. Instead it pokes fun at some of the clichés that have been surrounding the horror genre for years.<br /><br />Lucio Fulci plays himself as a horror director struggling to keep his humanity intact. Years of violent film making have finally began to reach him. It starts slowly, steaks and meat in general begin to disgust him, his colleagues assure Fulci that all he needs is some rest. But that doesn't help and soon the grotesque ideas for his movies begin to overwhelm his daily thoughts. In an attempt to find a cure for his dangerously maddening mental state Lucio starts going to the local psychiatrist. Unfortunately that does more wrong than good and Fulci is thrown into an even bigger mess, as the psychiatrist turns out to be a psychopath, who mimics the murders from Fulci's films in real life.<br /><br />The film retains all the trademarks of Italian splatter cinema, good or bad they are all here. So any comments about the acting or the technical aspects and budget constrains are quite irrelevant as to the quality of the film. It is a visual experience, no doubts about it. Fulci throws in an incredible amount of violence easily surpassing pretty much everything he's made. Amputated by chainsaw limbs, cannibalism, child murder, decapitation, these are just some of the many grotesque acts witnessed in ""Cat In The Brain"". Some of them are obviously recycled from a few the director's less profile movies but they don't stand out of the context, and actually feel quite at home here. As I noted before the movie exists much better as a satire of the genre rather than a serious piece. The way some of the violence is presented does help establish that idea. Such sequences shortly after climax are rejected by the reality in the film, as they are revealed to be actually scenes inside a movie that Fulci's character is directing. This sort of ""film in film"" presentation lessens somewhat the impact of the gore. But in no way does it make it an easy to watch film. Oh no this is far beyond and above the levels of gore found in mainstream horror, and gorehounds will in no doubt be satisfied with that fact.<br /><br />Lucio Fulci was a very polarized figure. People either hate his work or love it. ""Cat in the Brain"" won't convince any of Fulci's detractors in the opposite but it is nevertheless an interesting part of his filmography. One that fans should really check out.",positive
"Probably the most accurate Stephen King adaption yet. Not surprising, since King himself wrote the screenplay. The story follows the Creed family moving into a beautiful Maine house. One of the other residents is Jud, a pleasant old man who knows a few things about the area. One is the highway that runs right through their frontyard. The other is a path leading to the Pet Sematary, where children for decades have buried the animals killed by the highway. Soon enough, Ellie Creed's cat, Church, is found dead. Luckily, this happens while the family, with the exception of Louis(the father), is away for Thanksgiving. Jud takes Louis to another burial ground, beyond the Pet Sematary, where Church is to be buried. Later, Louis is greeted(not so politely) by Church. He's returned, appearing to have chewed his way out of the bag he had been buried in. Maybe he was buried alive. Maybe not. Nothing more I can say without ruining the story.<br /><br />Of all the King adaptions I've seen this would be the most terrifying. The characters are real and the situations are normal. Mary Lambert does a great job directing the proceedings. Suspense is kept fairly high throughout the film, due in part to the plot development. The scene where Gage is killed will stick in your mind forever. Then, of course, we have the conclusion. Easy to determine what's going to happen, but Lambert pulls off some genuinely scary, and sometimes disturbing, moments.<br /><br />Overall, this is a good film and an excellent adaption. If you enjoy being scared and don't mind being haunted by some occasionally disturbing images then ""Pet Sematary"" is just what you're looking for. Non Horror fans will want to avoid this.",positive
"My God, what an incredible movie it is! Reminded me so much of the similar scene in Mel Gibson's movie ""We were Soldiers"" when ""the Company is not lost, they're just cut off"" And the other scene in Pearl Harbour when the British officer says to Ben Affleck ""If all Americans are like you, then God help the nation that goes to war with America!<br /><br />Put all 3 movies together and you would have enough BULLSHIT to fertilise the entire Sahara Desert.<br /><br />The story of the cut-off Battalion may be real enough but the movie could have done without all that American preachy jingoistic propaganda attached to it. There were audible groans in the cinema during the above-mentioned scene in Pearl Harbour (no kidding either) The Lost Battalion however is really in a class of its own .<br /><br />""Americans think they are unbeatableinspired bravery. "" I actually cringed and damn near puked at all the swill being spewed out throughout this diarrhoeic disaster (the movie that is) <br /><br />The fighting scenes were well made (3 stars for that) but if the script is manure, then wrapped even in brightly coloured ribbons, it is still manure. The writer, James Carabatsos, also wrote those other screamersHamburger Hill, No Mercy , Heartbreak Ridge. Someone, please shoot him before he writes any more such garbage.<br /><br />The Director, Russell Mulcahy is an Australian too. God, the shame!!!",negative
"It takes patience to get through David Lynch's eccentric, but-- for a change-- life-affirming chronicle of Alvin Straight's journey, but stick with it. Though it moves as slow as Straight's John Deere, when he meets the kind strangers along his pilgrimage we learn much about the isolation of aging, the painful regrets and secrets, and ultimately the power of family and reconciliation. Richard Farnsworth caps his career with the year's most genuine performance, sad and poetic, flinty and caring. And Sissy Spacek matches him as his ""slow"" daughter Rose who pines over her own private loss while caring for dad. Rarely has a modern film preached so positively about family.",positive
"The Haunting is a film that boasts a really creepy house, good effects work and sound work, a cast that seems to believe that everything around them is real and that house. There are scenes that make you jump, and the sinister aspects of what went on at Hill House in the past, I found interesting. There are genuinely creepy moments in the film and I liked the way the ghosts manifested themselves in sheets, curtains and the house itself. Jerry Goldsmith's score gave it the right atmosphere and the sound design had voices popping up around you. What I wish could've happened is for something a little more intense. Jan De Bont had a PG-13 rating to contend with and I think that he held back a little too much. Poltergeist scared me silly when I saw it many years ago, and it still holds up. The Haunting could've used a few more scenes of pure terror. The ending was for me, a little anticlimactic. Overall, I enjoyed it. The acting is good and there are moments that make you jump. I just wish it scared me more.",positive
"Co-directed by and starring Rutger Hauer, this film short was based on a short story by Dutch writer Harry Murlisch.<br /><br />In the 10 minutes of the film's length you will get to see a life-time as 'Harry' unravels his long-time fascination with a room he passes constantly in his youth. Returning to the city many years later he finds he has rented the same room.<br /><br />Using black and white film the textures are accentuated in this delicate telling of a tale. The voice of 'Harry' drawing you into his world.<br /><br />A subtle, tight performance from Rutger Hauer and 2 non-speaking characters. Wonderful soundtrack by Dutch musician Dyzack.<br /><br />At the moment difficult to see this movie as it is only available on DVD region 2 ""L'infidele"" (Liv Ullman) as a bonus track. But is due to be on the re-released DVD of ""The Hitcher"" - another tight, but very different performance from Hauer!<br /><br />See this film if you can!",positive
"I normally am a glutton for poor movies, but this thing stunk.<br /><br />Do not watch this movie.<br /><br />Terrible effects and very little humour, what the hell was the point of making this movie? No gore to speak of and no acting to speak of.<br /><br />I could only manage 45 minutes of this rat dropping of a movie, and that is rare for me.<br /><br />Something positive to say about this drivel? cover art was OK, I am pretty sure the movie has a ending too, even tho I did not make it to it.<br /><br />The rats were unorganized and blew their lines constantly,they lacked intensity and seemed just to be going through the paces for their paycheque. The actors were worse.",negative
"I can say without a shadow of a doubt that Going Overboard is the single worst film i have ever seen, and yes, I have seen Cujo. Adam Sandler is an abomination as Schecky Moskowitz, a wannabe comedian working on a cruise liner. That's the plot.<br /><br /> That's it! Nothing else in the film makes sense, it's all over the place like a mad man's breakfast, and not in a wacky naked gun kind of way, but more of a frustrating, 'throw both shoes at the t.v' kind of way. even General Noriega makes an appearance, for no reason i can comprehend (it certainly wasn't for humour). Add to the mix Miss Australia, who has the worst Australian Accent i've ever heared, and you have something which i won't call the worst film ever made, because Going overboard doesn't even fit the basic definition of a film. I highly recomend seeing this film, as it will elevate the standing of every bad film you ever see. I guarantee the first thing you'll say after seeing a bad film will be ""at least it wasn't as bad as Going Overboard"".",negative
"Just saw it yesterday in the Sao Paulo Intl Film Festival. Just before going I came here to see how it was rated, and at that time it was 7.4, a pretty nice rate...<br /><br />After 15 minutes I was dying to get out (never did this), but felt embarrassed to do so as the producer of the movie was in the screening.<br /><br />I did not like at all, the dialogs are shallow and lead nowhere, the characters are shallower than the dialogs, nothing lead anywhere, and the worst and worst: plenty of Siemens and Organics advertising on the movie. Despite the fact that I already paid to go to the movie and entertain myself, I still have to be bombarded by the main character chatting on the internet and Siemens mobile popping-up all the time on her lap-top; or another character having a bath or cutting her hair just to have Organics shampoo displayed enormously on the screen! All of this would be bearable if the plot, characters, romances, anything was good, but was bad, really bad! A ""don't know how to do"" sex-in-the-city.<br /><br />Don't waste your time or money.",negative
"As I sat watching this episode I kept glancing at the clock waiting for something to happen. As the hour wound down I thought they were really going to give us a big pop at the end, and then - nothing. The whole family is huddled around the Christmas tree like something from the Hallmark Channel then, fade to black.<br /><br />Perhaps one of the poorest season finales I've ever seen. Nothing at all to drum up any excitement for next season. The only thing thrown out as any sort of incentive to watch the next season was the ambiguous nugget offered up by Agent Harris while pawing a sub sandwich that the guys in New York were looking to get one of the guys in New Jersey. Wow, really? I would never expect something like that from mobsters, I'm on the edge of my seat.<br /><br />It almost seems like they're trying to get everyone to lose interest. They start more plot lines that end up just disappearing than any show I've ever seen. They tease and hint but rarely deliver any more.<br /><br />What's with the Arabs that hang out at the Bing? They keep throwing them in front of us and magically, nothing happens.<br /><br />Paulie knee caps some kid after Tony promised his mother that nothing would happen to her son and, poof, gone in the wind.<br /><br />And how many more meandering drug montages with Christopher are we going to have to endure? Please, have him get arrested or overdose or something interesting.<br /><br />This was one of the few shows that I used to looked forward to watching but now, forgetta-bout it.",negative
i was like watching it right and i was all like oh this is so totally awesome-full and then i was all like ya quite good indeed so i really enjoyed all the amazing dangers and all the British people and i think that the doctor is very a good doctor in his way of doing such wonderful doctor-y things and he was a very strange man and i was like maybe i won't like this guy because hes a new doctor and i like the old doctor thats not this guy but then i watched him and i was like oh this is awesome and i liked it so then i watched and enjoyed the great evil enemies and the great conquering of the evil guys and the happy doctor who is quite scary and happy looking,positive
"Apartmente'L is one of the most interesting movies that I have ever seen. I experienced extreme frustration while watching this movie as I was gunning for the two leads to reunite. That never happened in the end which disappointed me to no end. But the ending lends an even more cynical touch to a generally cynical movie. It is not a movie which people are likely to rewatch but one watch itself will have a deep impact on people. As of now I haven't rewatched the movie and I don't think I will.<br /><br />The story follows the experiences of a man, Max, who is engaged to be married to Muriel. He remembers his old girlfriend Lisa(he considers this the love of his life) as he listens, by accident, to Lisa talking on the telephone. Thus he tries to find Lisa. Here starts his extremely frustrating search for Lisa. There are many layers to this movie. There are undercurrents of jealousy, vouyeurism and so on. There is also another character called Alice who is involved in the whole confusion. The movie then moves through a whole range of twists and finally leads to an ending which could be interpreted in many ways. It is fascinating how this movie has only four main characters but the clever writing makes it interesting and unique. What I love about the fact is that a movie about obsession, jealousy is done in such a light hearted manner. It has a very fast pace which is probably the reason why it can appeal to a large audience. The main character, Max, has shades of grey and I felt the ending was perfect. I don't think he is supposed to be a clean character considering the fact he is searching for his long lost love while he is engaged and he also has a fling with Alice.<br /><br />The character of Alice is even worse. Her manipulation and her compulsive lying can really irritate viewers(that is the point, I guess). The scene where she breaks down in front of Lucien really shows another facet of her character. It shows a side of her that wants to be accepted and that she is tired of all the lying and the games and she wants to lead a normal life. In the end, she understands that she needs to get away from it all. The ending lends a cynical touch. Because it seems as if Max's love for Alice is temporary and fake. It is as if to say that love in general is a temporary emotion and it is better to choose the safe option(i.e Muriel) than to pursue something that is so fleeting(i.e Lisa or Alice). In many ways this is not really a romantic movie but a satire about romance(in a way).<br /><br />The performances deserve high praise. Vincent Cassel as Max gives a great performance. He perfectly portrays the confusion of a man who is not really sure about his engagement. His geeky looks are an added advantage as it fits the character perfectly. But the real star of the movie is Romane Bohringer as Alice. Her nuanced portrayal of a woman who is jealous of Alice and is in love with Max. The scene where she screams ""I am a nutcase too"" really shows her desperation and her yearning to live a normal life with a man who loves her.<br /><br />Btw I also thought lesbianism is another interpretation that can be drawn from this movie. Alice's actions can be explained in many ways. And her unreasonable obsession with Lisa may also be explained as a manifestation of a lesbian desire. It may be far-fetched considering she encourages Lisa to forgive her current boyfriend. But I got the feeling that she was a lesbian for a long time. She also avoids questions from Lisa regarding a boyfriend. She spends a whole lot of time with Lisa and she is happy during that time. That may lead many to question her sexual orientation.<br /><br />Overall I would give it a 9/10. I think it deserves it but I subtracted one because of the rewatchability factor. I think it is a perfect movie otherwise.",positive
"I recently saw this movie in my International Business class. I was not expecting anything other then another boring documentary (not to say I don't love documentary I've just hard bad luck with movies in that class) Imagine my surprise when this movie, that's actually a movie, came up. <br /><br />This film is a tell all of cultural differences in the work place and how they need to cooperate to get anywhere. The culture clash shows just how different the world is and just how differently we perceive ourselves until someone comes along and gives us a wake up call. I would highly recommend this film to anyone in business or who just wants a laugh, because yes it is funny. <br /><br />Well, that's about it! Cheers",positive
"In this unlikely love triangle, set in 19th century Italy, `The Beauty and the Beast' is being turned upside down and inside out and then some: Giorgio, an army officer and the very image of male beauty, is being transferred away form his (married) lover Clara and sent to a small garrison somewhere in Piemont. There - initially much to his horror  Fosca, the grotesquely ugly cousin of his commander, develops an obsessive love for him. He suffers her passionate and demanding displays of affection out of pity and concern for her health (she is gravely ill), but becomes more and more fascinated by her  until the dramatic finale<br /><br />Do not miss this most unusual love story, as twisted as it may sound. Valeria d'Obici, who deservedly won a price for her portrayal of Fosca, is as alarming as she is touching. Buy the video, read the book, go see the musical!",positive
"Watching QUINTET is not unlike watching a group of people playing a word game in Portuguese, or some other language you do not understand. You get the idea that they are playing a game, and if you watch closely enough, you may just begin to understand the rules. But, why bother, since it is clear you can't join in and you wouldn't want to if you had the chance.<br /><br />Director Robert Altman is not one to beg an audience to like his films, let alone understand them. Sometimes he lets you slip into the picture to be a part of the crowd, like in M*A*S*H, NASHVILLE and A WEDDING, films so full of hubbub and orchestrated chaos, one or two more bodies in the scene wouldn't make much of a difference. And other times, he seems to resent the fact that someone might even be watching his film; as in IMAGES or THREE WOMEN, where the stories are almost personal monologues made for an audience of one, Altman. With QUINTET, Altman seems to purposely dare anyone to become involved with the narrative. <br /><br />You can't depend on Altman to do the logical or the expected, which is sometimes the thing that makes his films so remarkably iconoclastic. But sometimes doing the unexpected isn't daring, just dumb. For instance, in QUINTET, we are introduced to a young woman who is apparently the last person on earth capable of getting pregnant, and she is, indeed, with child. This last ray of hope in a decaying society is almost immediately extinguished; Altman doesn't even wait until the end to play his last depressing card in this elaborate nihilistic and pessimistic tale. He lets us know how empty and meaningless life is right off the bat. Brave? Maybe. Stupid? Definitely. Devoid of a purpose, he tries to build a story on a rapidly melting iceberg, all the while reminding us how pointless the effort is. <br /><br />For the record, QUINTET, can at least claim to be prophetic. The story is centered on a treacherous game played by the various bored characters. It is a form of TAG (the assassination game): a handful of people target each other for elimination, each as a would-be assassin and each as a would-be victim. Two or more can form alliances to kill a third. As they die off, new targets are assigned. Whoever lives, wins. All of this happens at some exotic, inhospitable wasteland. It is, to a great extent, an extreme, sci-fi version of ""Survivor"" -- minus the commercial plugs and faked ""reality.""<br /><br />It is not a bad concept for a sci-fi epic. A post-apocalyptic setting, a microcosm of the world (the cast is pointedly multinational), a game where no on can be trusted or least not for long, and where no one really wins. Literally a cold war. A steely eyed director with a taste for dark humor and violent invention could have a field day. The mystery in QUINTET is not in the game or how it is played, but in why it exists it all. If the game ""Quintet"" is a metaphor for life, then Altman, seems to see nothing in the material but a chance to show life to be an empty, meaningless game -- a conclusion as obvious as it is untrue. Given the lively, albeit cynical nature of the rest of his diverse films, I don't believe that Altman believes in QUINTET either. And if Altman has no faith in his material, why should we?",negative
"Okay, you have:<br /><br />Penelope Keith as Miss Herringbone-Tweed, B.B.E. (Backbone of England.) She's killed off in the first scene - that's right, folks; this show has no backbone!<br /><br />Peter O'Toole as Ol' Colonel Cricket from The First War and now the emblazered Lord of the Manor.<br /><br />Joanna Lumley as the ensweatered Lady of the Manor, 20 years younger than the colonel and 20 years past her own prime but still glamourous (Brit spelling, not mine) enough to have a toy-boy on the side. It's alright, they have Col. Cricket's full knowledge and consent (they guy even comes 'round for Christmas!) Still, she's considerate of the colonel enough to have said toy-boy her own age (what a gal!)<br /><br />David McCallum as said toy-boy, equally as pointlessly glamourous as his squeeze. Pilcher couldn't come up with any cover for him within the story, so she gave him a hush-hush job at the Circus.<br /><br />and finally:<br /><br />Susan Hampshire as Miss Polonia Teacups, Venerable Headmistress of the Venerable Girls' Boarding-School, serving tea in her office with a dash of deep, poignant advice for life in the outside world just before graduation. Her best bit of advice: ""I've only been to Nancherrow (the local Stately Home of England) once. I thought it was very beautiful but, somehow, not part of the real world."" Well, we can't say they didn't warn us.<br /><br />Ah, Susan - time was, your character would have been running the whole show. They don't write 'em like that any more. Our loss, not yours.<br /><br />So - with a cast and setting like this, you have the re-makings of ""Brideshead Revisited,"" right?<br /><br />Wrong! They took these 1-dimensional supporting roles because they paid so well. After all, acting is one of the oldest temp-jobs there is (YOU name another!)<br /><br />First warning sign: lots and lots of backlighting. They get around it by shooting outdoors - ""hey, it's just the sunlight!""<br /><br />Second warning sign: Leading Lady cries a lot. When not crying, her eyes are moist. That's the law of romance novels: Leading Lady is ""dewy-eyed.""<br /><br />Henceforth, Leading Lady shall be known as L.L.<br /><br />Third warning sign: L.L. actually has stars in her eyes when she's in love. Still, I'll give Emily Mortimer an award just for having to act with that spotlight in her eyes (I wonder . did they use contacts?)<br /><br />And lastly, fourth warning sign: no on-screen female character is ""Mrs."" She's either ""Miss"" or ""Lady.""<br /><br />When all was said and done, I still couldn't tell you who was pursuing whom and why. I couldn't even tell you what was said and done.<br /><br />To sum up: they all live through World War II without anything happening to them at all.<br /><br />OK, at the end, L.L. finds she's lost her parents to the Japanese prison camps and baby sis comes home catatonic. Meanwhile (there's always a ""meanwhile,"") some young guy L.L. had a crush on (when, I don't know) comes home from some wartime tough spot and is found living on the street by Lady of the Manor (must be some street if SHE's going to find him there.) Both war casualties are whisked away to recover at Nancherrow (SOMEBODY has to be ""whisked away"" SOMEWHERE in these romance stories!)<br /><br />Great drama.",negative
"The Salena Incident is set in Arizona where six death row inmates are being transfered from the state prison for reasons never explained, while driving along the heavily armed prison bus gets a flat & the driver is forced to pull off the road. Then two blonde birds turn up & after seducing the incompetent prison guards manage to get the better of them, the six prisoners are released but in a shoot-out their getaway car is damaged leaving them all stranded in the middle of the Arizona desert. They decide to head to the nearest town, Salena several miles away & take the cops with them as hostage. Once they reach Salena they find it odd that the place is completely deserted with not one single other person in sight. They soon discover that the entire town has been killed by flesh eating aliens & they are firmly placed on the menu...<br /><br />Also known as Alien Invasion Arizona in the US on DVD & apparently having the working title Terror Town this rubbishy low budget sci-fi horror flick was co-written, co-produced & directed by Dustin Rikert & has no real redeeming features at all, to be frank The Salena Incident is the sort of film which gives films a bad name. The film could roughly be divided into two parts, the opening forty or fifty odd minutes focuses on the prisoners in a thriller feeling opening, the guards & the escape although it's pretty poorly written & staged stuff. The dialogue between the two blonde birds & the prison guards is so bad it's unintentionally funny as the two fit birds chat up the two not so fit prison guards. Funny stuff actually, unfortunately The Salena Incident is supposed to be a sci-fi horror film not a comedy. Then once the escaped cons & their prison guard hostages arrive at Salena it goes into sci-fi horror mode as the aliens turn up & start killing our clichéd character's off which is good because they are annoying. Look, the whole film sucks as it's badly written, thought out & made. I can't really be bothered to go into why but trust me The Salena Incident is awful on every level.<br /><br />As well as being just a bad, boring & stupid film The Salena Incident is also poorly made. The action set-piece scenes are awful, the aliens looks terrible & are never shown on screen at the same time as the human character's & as such it's sometimes difficult to tell what's happening. The special effects are poor too, the aliens look rubbish & the CGI computer effects are absolutely terrible as well. The editing is poor, the cinematography is poor, the sets are cheap & the whole thing is just an eyesore really. There's a bit of gore, there's some gunshot wounds, someone is ripped in half & a severed hand is seen.<br /><br />Obviously shot on a low budget The Salena Incident has low production values & looks cheap from start to finish. Filmed in Superior in Arizona. The acting is terrible from no-one I have ever heard of although the actress who plays the female doctor is pretty good looking.<br /><br />The Salena Incident is a rubbish sci-fi horror film that is terrible in just about every way, not worth 90 minutes of yours, mine or anyone else's time.",negative
"If you're going to put on a play within the prison walls why not go for the top playwright William Shakespeare? And if you are going to choose your cast from a whole lot of criminals serving long sentences for the most heinous crimes, you can be sure there will be plenty of time for rehearsals. In a Kentucky Correctional Prison a courageous project such as this was undertaken with amazing results. This film shows how it was all done.the casting.the rehearsals.the set and costumesand the final presentation of Shakespeare's play ""The Tempest."" It had not occurred to me before but there is an analogy between the setting of the play and the correctional prison. In the play the ship-wrecked characters are confined to an island with no contact with the outside world. Prison life too is much like that.<br /><br />With a simple painted back drop of a surrounding seascape, the characters in a most pleasing assortment of costumes bellow out their lines to an approving audience, may be not quite as Shakespeare intended but with good heart and true sincerity for sure.<br /><br />More interesting than the play itself were the little cameos of each man behind his character. One inmate saw the play as a lesson in forgiveness another as a redemption of his sins. It was quite moving to see the men wipe away a tear as they spoke of murder, shooting and strangulation. One had the feeling that they would all like to wind back the clock and reconsider their brutal actions. However (as someone said) the past was past, and the present was the beginning of a new future. At least the play gave temporary relief from the depressing thoughts of past events.<br /><br />The prison authorities should be applauded for allowing the play to take place. Such an event would put Kentucky on the map and hopefully other prisons might follow their good example. It seems to me that everyone stands to benefitnot only the Kentucky prison but the prisoners themselves who need to find new confidence and self esteem and be prepared for the day when they go out on parole.",positive
"Now we know where they got the idea of Snakes on a Plane. To put it bluntly, do not pay to see this movie. If you really want to waste 90 minutes of your life, then either catch it on cable, or get it as a free pick from NetFlix or Blockbuster. Do not pay to rent this. If you do pay to rent this, then you are one stupid individual. The acting was awful, the plot was awful, everything was awful except for the snakes. Whether they were real or CGI generated, they did look pretty good. But that being said, still this movie has to be one of the worst movies I have ever seen. Even the nude dancing scene was pretty bad that I actually fast forwarded through that. Don't sat I did not warn you.",negative
"While thinking of ""The Great Escape"" I allowed my mind to wander back to this little gem of a movie from my childhood. I had read and re-read the autobiographical novel from 1949 which inspired it, and when it came to the only cinema (we never used that word then , actually) in town that showed ""foreign"" films, I was first in line to buy my ticket.<br /><br />As someone brought up on wartime newsreels and propaganda films during WWII, I had an avid interest in exploring the realities of that conflict as reflected in the memoirs and stories of men who were there in person. That extended later to a keen willingness over the years to buy any book on the subject, and eventually to read the equally compelling novels of Hans Helmut Kirst and Erich Maria Remarque, which provided an even deeper sensibility. The movie versions, however, were unlike this one in that they rarely delivered the goods.<br /><br />The medium of black-and-white film has never been served so well as it was in those years. I have never seen any technicolor version of war that seems as authentic as do the deep chiaroscuros of films like ""The Wooden Horse."" If it is true that we are destined always to be captive to the images of our childhood, then I confess it freely.<br /><br />And there will never be another the likes of Leo Genn as the emblematic British war hero on film. Not even Sir Alec.",positive
"When I reviewed the video for a local magazine, I called it ""the greatest achievement in the history of the American cinema."" That was not wholly tongue in cheek. TW&TL remains Milius' best work, and it's sad that he has so little opportunity to work anymore. However, TW&TL remains a striking exposition of what once was known as The American Character, largely on the strength of Brian Keith's superb portrayal of Teddy R. (Obviously Milius--and Keith--admired TR tremendously to make two films about him, including ""The Rough Riders."") It's hard to fault this film at any level: a splendid balance of action, levity, relationships, and the serious topic of America coming of age in the world. Furthermore, TW&TL has exceptional appeal across the board: note the stats showing it rates best with under-18 males, females 18-29, and over 45! Clearly Candy Bergen struck a responsive chord with women as well as men.",positive
"Not all movies should have that predictable ending that we are all so use to, and it's great to see movies with really unusual twists. However with that said, I was really disappointed in l'apartment's ending. In my opinion the ending didn't really fit in with the rest of the movie and it basically destroyed the story that was being told.<br /><br />You spend the whole movie discovering everyone and their feelings but the events in the final 2 minutes of the movie would have impacted majorly on everyones character but the movie ends and leaves it all too wide open.<br /><br />Overall though this movie was very well made, and unlike similar movies such as Serendipity all the scenes were believable and didn't go over the top.",positive
"This was a shockingly bad movie and I literally gasped the first time seeing the Blue Screen puppets. Imagine the worst Blue Screen special effects you ever saw, make it somehow far worse, and then combine this with poorly made, rubber and Play-doh puppets that look like something from a semi-retarded pre-school art class. Then add some screeching, Yngwie Malmstein-esquire, melodic-metal guitar solos stuff that is way too loud and lasts way too long. The overall film is absolutely awful and makes ""Feeders"" look like ""Rashomon."" Its one of the worst movies I've ever seen, with every quantifiable metric spiraling dismally downward, much like a waterlogged turd in the perpetual, slow whirlpool of a broken Rest Stop toilet. Still, though, a film like ""Actium Maximus"" is not to be missed by the bad movie conesseuirs out there, even if only by looking up clips on YouTube or someplace. This movie is a bit of an eye opener, if you can stomach the ride. I think this director may be mentally ill, though, which is a bit debasing. Watching him discuss the project, you get the sense that he truly believes that he's created something wonderful. I guess he's the ""Star Wars kid"" of gonzo filmmakers. What a mess. :-)",negative
"Some teen agers go to an old deserted farm house left to one of them by their dead grandfather, unaware that there had been several murders there decades earlier because their grandfather had made a pact with the devil for a good harvest- couldn't the guy have thought of something better to sell his soul for? The man's grandson and his friends are set up to be the next sacrifice, for reasons which are never explained. The stereotypical teenage son and his girlfriend, the black guy with a white girlfriend, and the two lesbians have to do battle with three killer scarecrows- but, don't be tricked like I was, this isn't nearly as fun as it sounds. It's mostly just a lot of chit chat about ball kicking, dope smoking, and the lead actor complaining about never knowing his parents. The camera work is atrocious and shaky, maybe done on a hand held camcorder in some scenes, which maybe a good thing since the scarecrows look like they just came from some kid's birthday party, and apparently they could only hire two people to play the three scarecrows! Some of the best movies I've seen have been these low budget, independent horror movies, but this one is just pathetic. The cast and crew seems to have just been made up of a bunch of people who knew each other, had never acted before and had no intention of acting again, and had a few thousand dollars (I can't believe this movie cost $130.000 to make) and a weekend of free time on their hands- even the lesbian skinny dipping scene is lame.<br /><br />I think it's amusing also, that as of this writing, there is a sequel to this film which no one has even bothered adding to IMDb.<br /><br />* out of ****, and I only rate it that highly only because of the skinny dipping scene, no matter how lame it may be.",negative
"Brian Keith as Cole Wlikerson and Richard Jaeckel as Wade Matlock make excellent villains. They just love intimidating the locals in the most brutal way possible, and sneer sexily at any suggestion that there might be a more humane way to achieve their ends. It's a pity that goody-goody Glenn Ford gets in their way.",positive
"Let me say this about Edward D. Wood Jr. He had a passion for his work that I wish more people did have. If we all had the optimism and the commanding hope of Ed Wood, the world would probably be a much better place. Being familiar with Ed Wood's story and having seen the most wonderful biopic ""Ed Wood"" (1994) several times, I admire his boldness and his strives for the job he loved; I still admire his never-say-die attitude. He had a love for directing that I wish more people in modern-day Hollywood had.<br /><br />But that doesn't make his movies any more fun to watch. And ""Glen or Glenda,"" his first and most confessional film, is probably his very worst.<br /><br />""Glen or Glenda"" is a deadening cult movie about a cross-dresser named Glen (played by director/writer Ed Wood himself) who despite his love for his fiancée Barbara (Dolores Fuller), cannot seem to conquer his lust for transvestitism, in which he dresses in women's clothing and a wig and thus becomes...Glenda! Glen/Glenda's story is narrated by a doctor and he too is talked and watched over by a mysterious character called ""The Scientist"" played by veteran horror star Bela Lugosi. Oh, and there's also some sub-story about an Alan/Anne character who becomes a transsexual based on the Christine Jorgenson story, upon whom this movie originally titled ""I Changed My Sex!"" was previously to be based.<br /><br />Have I dropped your jaw yet? Well, as much as I want to warn you off this picture if you've never seen it, I would never tell a lie about a movie and there is not one word of falsehood in that plot synopsis I just gave you. Every thing in it is true. This is a movie about cross-dressers and transsexuals, a topic that does not sound very appealing to begin with and is not done in a very appealing manner. I'm sure that with a good screenplay, and a good director (it had neither) that ""Glen or Glenda,"" despite the subject matter, could have been a very moving picture. It is a confessional movie on Wood's part, as he was a transvestite in real life as well as on screen. But once again, that does not make it a good movie...or a watchable one for that matter. ""Glen or Glenda"" is a jumbled, disorganized mess of a movie that sinks into new trenches in the realm of bad cinema. It makes no more sense than does its notoriously silly scene where Bela Lugosi screams ""Pull the string!"" over inexplicable footage of stampeding bison. The majority of the movie is narrated in a monotonous voice, reminding me of some very bad short informative films I've seen before. It's like one of those really bad short films expanded into a seventy-minute feature and twice as dull. We sit there for ages waiting for the plot that never comes. There is no real attempt to even build energy with the camera being locked down in one position for many grueling minutes and long stretches of time where nothing at all happens. The only moments that are worth anybody's time are those of Bela Lugosi who manages to bring some light into these dark trenches. I guess Lugosi is supposed to be like the deity of the film, but personally, I couldn't care less who or what he's supposed to be. I'll tell you what he was: A gifted actor who wound up making trash. But he and Wood were very good friends and liked working with each other, so good for him.<br /><br />I will always admire Edward D. Wood Jr. for his passion for the cinema, but I will never as long as I live admire his movies. A film critic once called Ed Wood's movies ""innocent fun"" but I think even that is questionable. Innocent? Yes. Fun? No, sir. And if ""Citizen Kane"" is the Mount Everest of the cinematic world, then ""Glen or Glenda"" is probably the Mariana Trench.",negative
"quite good, don't expect anything high culture.......the acting is bad, the storyline fails, but it is still a fairly nice movie to watch. why? because it's dark, a little bit stupid, like unpredictable and just entertaining and fun to watch. do not expect anything, like i said, just see it for yourself and you know what i mean.<br /><br />it is a movie, without a plot or memorable acting, but there are enough scenes that will make you laugh, cry or at least make you feel compelled to watch it to the end...<br /><br />this is all i wanted to say....<br /><br />7 / 10",positive
"Well, I was hoping I'd heard wrong about this film as I'm a big fan of Ruggero Deodato and really didn't want to see him slip up; but unfortunately, this Giallo-styled supernatural load of nonsense is just as bad as I'd been lead to believe it would be - and that's pretty terrible! The plot doesn't work at all, as the film attempts to blend murders and a supernatural theme through a telephone and it all feels very forced and silly. Furthermore, the plot doesn't make much sense at all, and you have to ask yourself ""what's the point"" numerous times throughout the movie. The plot focuses on a young woman living in an apartment block and being terrorised by a telephone. The best thing about the movie is undoubtedly the presence of the beautiful English actress Charlotte Lewis, and unfortunately the good points pretty much stop there. There are a handful of deaths scenes, some of which are gory; but all of which are incredibly stupid, the one that sees someone get killed by coins sticks out especially in that respect. Overall, I really can't recommend this to anyone; non-Deodato fans are unlikely to impressed, and Deodato fans are likely to find the film depressing. Avoid!",negative
"Over the years I've watched this movie many times from seeing it on ""HBO"" and I now own a copy on DVD. I must say it's very memorable and entertaining in the meantime it's interesting and educational too. As any TV fan can relate to the time of the early 90's when the time came up to replace Johhny Carson the TV living legend of ""The Tonight Show"" who's it gonna be Jay or Dave? This original film from HBO ""The Late Shift"" stays true to form and depicts the real events very well showing the behind the scenes battle between networks heads of NBC and CBS and even ABC they were all fighting for the services of Jay and Dave. The acting makes it seem real as very little actual TV footage is shown with real life people as the actors portraying Leno and Letterman make it seem so real. I haven't read the Bill Carter book so I don't know if it stayed true to the pages, but I have highly enjoyed this film over the years. From the moment when it starts showing CBS entertainment heads watching Leno sub for Johhny and they decide they want to get in on the late night game. Yet when Carson announces his unexpected retirement NBC wants to stay loyal with Leno yet conflict arrives when Letterman wants a crack at the slot at 11:30 too. It was fun to watch the wacky meeting with Michael Ovitz(Treat Williams)who makes all networks want to consider Letterman for a show. It was interesting to see the scene of Johhny telling Letterman by phone in a direct way to walk from NBC and consider CBS. And by the way Rich Little was terrific as Johhny Carson his portrayal couldn't be matched. And plenty of tense moments were provided by showing the bickering and firing of Leno's talent manager Helen which NBC heads pressured him to do. Overall great film that showed what TV is really like and it proves that networks are power and money hungry while showing that's it's a cutthroat business. Clearly there's no business like show business. Great work from HBO very memorable and a watch anytime it showed the true story of the late night wars.",positive
"From what I've read a lot of people were disappointed by this film, compared to Part 1. Initially I could understand this but after a bit of thought I think they are wrong to be. Soderbergh continues his fact based telling of Che's life that he started in Part 1. Part 1 told a story of a revolution moving from unpromising beginnings to an ultimately successful conclusion. Part 2 tells a story of a revolution that moves from unpromising beginnings to a completely unsuccessful conclusion. It is not Soderbergh's fault that these 2 parts of Che's life had completely different outcomes. He bravely chooses to tell both in a fairly straightforward way. The viewer may feel a lot better coming out of the cinema after Part 1 than Part 2 but that is the reality of Che's life and not in my opinion any fault of the director. The film is far from perfect. It is probably too long. At least in Part 1 we saw different aspects of the war as the guerrillas had successes. In Part 2 they can't catch a break and we see their numbers constantly being reduced by death and capture. Che's capture and death are dealt with well. The film is greatly enhanced by the dialogue being in Spanish. Benicio Del Toro is again excellent as the charismatic Argentinian. So if you've seen Part 1 you will see a very similar telling of a very different story in Part 2.",positive
"This is a pretty simplistic romance. Girl finds boy, girl loves boy, girl loses boy, girl finds boy. Colleen Moore is the outstanding ingredient in this recipe, delivering a wonderfully varied dramatic/romantic performance, well deserving of an Oscar nom. Equally fine are the aerial combat special effects.<br /><br />Moore plays a French girl whose mother has turned over their field to a British aerial squadron during WWI. She is the ""daughter of the regiment"", loved as a little sister. Into this mix comes a fill-in for a downed flyer, Gary Cooper. At first they hate each other, then they love each other, then the entire squadron is sent out on a suicide mission. Cooper returns but crashes in the village and a red cross unit removes him. Moore searches for him, is told at a hospital he is dead, then wanders the streets until he calls from a hospital window and they are reunited.<br /><br />It's a nice little romance, but hardly more than that. Recommended for fans of Ms. Moore and Mr. Cooper",negative
"I am not one of those people that will walk out of a movie that was based on source material and automatically say, ""The book was better."" I know better than to demote the value of a movie just because it wasn't a faithful adaptation. There is a lengthy process and lots of decisions that go into making a movie that are sometimes out of the director's/editor's/cinematographer's/producer's control and certainly out of the original author's control. Therefore, it is unreasonable to expect a movie to be exactly the same, word for word, as a book or play or video game or Disneyland Ride, or whatever! A movie should be judged on its own standard and how it fits in society. Moreover, a successful movie should be made because the material is relevant to the society which it belongs and, if it is based on source material, its relevance needs to be reexamined and enhanced by the filmmakers. <br /><br />Films like There Will Be Blood follow this paradigm because while it was based on a novel written at the turn of the century, Oil!, it feels relevant because of things like the Iraq war and energy concerns that the film's country of origin, the US, was and is experiencing. Even King Kong, based on the original film, benefits from using new technology and concerns of animal rights that people have.<br /><br />With that said, I just don't understand why they even bothered to make this movie? Besides the great performances, guaranteed Oscar nods and Shanley's director/writers fee and royalties he will get, this movie seems to come from nowhere. It should have simply stayed as a play. The movie (which is essentially the same as the play) says nothing new about the reprehensible sexual atrocities committed and in many cases covered up by the Catholic church here and abroad. It says nothing new or different than the original play. I can't help but compare this movie to another movie that came out at around the same time: Frost/Nixon, which was also based on a play. Frost/Nixon, while about Nixon's regrets, seems relevant because it seems to have come at a time when President Bush was about to leave office. The regrets that Nixon had, as depicted in the play/movie, about the war and his presidency could just as easily reflected on Bush and his presidency. In that respect Frost/Nixon seemed more relevant and actually benefited from a wider distribution via film because it got people talking and reflecting about the political status quo in the country at the time. In contrast, Doubt felt like it was yesterday's news and didn't seem to offer anything that the play didn't offer.<br /><br />Of course the movie is ""good,"" the performances are outstanding, and the screenplay adaptation is apt, but so what? Why didn't it just stay as a play? Why, besides marketing and financial reasons, make it into a movie? It gave audiences nothing new to discus about the awful subject.",negative
"I and my brother are very big Asian movie fans, so when finding this movie hidden in a shop, I bought this one on DVD, because it sounded very promising and I couldn't wait to watch it. So I watched this movie with my brother and I must say, in the beginning it was very promising. Both of us really loved this brutal ball scene in the first scene. But i guess that was all. There are some interesting fights, but it is not a action movie, as it claims to be. Instead it's a love movie... with the cliché of love so extremely played over the top, even Shakespeare would vomit on this title. Sorry for my language. By the way: The characters act like being picked up from the street and given 100 for playing in this movie.<br /><br />Well, I and my brother watched it to the end, because we thought, it can only become better. But, heck, it never did. This movie challenged place #1 on my and my brothers ""worst movies ever seen""-list, only followed by ""Fantasy mission force"" - do not watch this either.",negative
"When I was 11, Grease 2 was like crack. It was a classless, shameful, euphoric, and powerfully addictive experience. My sister and I would watch it, rewind it, and watch it over again and again and again until we passed out or became too confused and hostile to stand one another. So, if you are an 11-year old girl, and you reviewed this film as ""brilliant"" or ""fun"" or ""better than the original Grease,"" you have your fledgling adolescent hormones to blame and you can rest assured that this unyielding fixation with utter rubbish will pass.<br /><br />If, however, you are not a little girl, you have absolutely no excuse to suggest that Grease 2 was anything but an inane, artless, slipshod embarrassment for all who participated in its production, distribution, and/or consumption.<br /><br />For the sake of criticism, I will dignify the film now by explaining why it blows <br /><br />1. In a well-executed musical, the songs should advance the narrative or develop the characters. In Grease 2, with a few debatable exceptions, to the music is obscenely pointless. Most of the songs appear to relate gimped innuendo about sex in an excessive and general way (""Score Tonight,"" ""Reproduction,"" ""Do It For Our Country,"" and ""Prowlin'"") without making one concrete statement about any of the film's characters or themes. Plus, all of the music is uncomfortably stupid and no one in the cast demonstrates even the crudest semblance of an ability to sing or dance.<br /><br />2. The T-birds should be badass, and if not at least somewhat likable, but instead each of them is an annoying wussy-dufus-loser. In the end, when Johnny Nogerelli offers Michael the sacred T-bird jacket and initiates him into the gang, Michael should kick it to the ground, spit on it, and duck away to fervently scrub any part of his body that was touched by it. But of course, he accepts it as if it is gold because despite the fact that they are a bunch of bumbling meatheads, there is no greater honor than to be one with the T-birds. <br /><br />3. Since Michael is beautiful, smart, kind, resourceful, and above average in everyway (his musical impotence notwithstanding), it is feasible that Stephanie would ultimately embrace him when he reveals himself to be the man behind the mask. Stephanie, on the other hand, is a slovenly, slack-jawed, bubble gum smacking, dirty sweatshirt wearing, gracelessly rude and trashy dingbat. So aside from being pretty (I guess), she harbors no likable characteristics, thus, audiences are given no justification whatsoever for the depth of Michael's attraction to her.<br /><br />I could go on and on, but I didn't want to mention the gross inferiority to its predecessor since there are apparently so many cranks out there who seem to feel that such a comparison is unfair. I will say this though, to those of you who think you want to revisit this mess for old time's sake: Grease 2 is an experience akin to re-living your first kiss. Only you are 32 now and kissing a snot-nosed 13-year old kid with acne and slobby braces. The magic is gone and you are left feeling dirty and disturbed. Trust me.",negative
"""It's not like that big mechanical toy"", says a character early on, commenting on ""Jaws"". Well, ""Blood Surf"" would only wish to have a beast as convincing as the shark of the ""Jaws"" series. In other words, the digital special effects of this movie are TERRIBLE. Acting and directing are not much better, either; they seem more suited to a deodorant or a bubble-gum commercial than to a horror movie. The attitude of the people who worked on this film shows contempt not only for the genre, but for the audience too. Saying you ""liked"" this film only encourages filmmakers to offer us more of this crap, further destroying the poor horror genre. (*1/2)",negative
"I know that many people will/have automatically given this film a rating of 1, just because it doesn't have the huge budget and top-of-the-line special effects that they are used to. I, however, knew what I was getting myself into when I popped this into the VCR.<br /><br />I don't think we get much more low-budget that this, unless we are filming a family reunion. The lighting is awful, sound quality is at times incomprehensible, and the acting is ultra-bad by almost all involved. BUT, this is still a fun movie and the plot is interesting enough. It centers around a fellow named Tom Russo (Asbestos Felt), who has been down on his luck with his job. He is very protective of his wife and does not allow her to work, putting even more pressure on himself. As he begins working more hours, we see him slowly transcend into madness and obsession and he becomes suspicious that his wife cheating on him and begins to brutally murder the various men (most repair guys) that he feels are responsible. <br /><br />I must say that the gore effects are extremely cheap, but fit with the overall tone of the film.. The brutal ways that Tom Russo comes up with to murder these men gives us an idea of just has mad he has become. The pacing of the film is also very good and there is rarely a boring moment. The ending really doesn't follow the rest of the plot of the film, as it seems to want to go from a psycho-slasher film, to a ""Dawn of the Dead"" wannabe, but it is entertaining nonetheless and I must give Tim Ritter credit for wanting to use an unconventional ending. <br /><br />I can honestly say that I enjoyed this film, but it is by no means a good film, if that makes sense. It's budget is its main stumbling block and the consequences are almost too much to overlook. I DO NOT recommend this to people who are totally spoiled by the big-budget movies and who can't have an open-mind to ultra-low budget films. You simply won't enjoy it. For others, and fans of gore--I say give it a shot. You will find at least SOMETHING redeeming in it! <br /><br />My Grade: D",negative
"It was very refreshing to watch this beautiful movie. The director maintained focus on the main subject without venturing into side plots (the doctor's family or stories of the other hospital patients), that are so typical of Bollywood assembly-line products. He kept the narrative simple to comprehend and made sure all the actors are true to the characters that they are supposed to portray. The rustic ways of the grandfather in the clinic, the cold and unemotional behavior of the surgeon, the zeal of the social worker gave the movie a feel of genuineness. I am also glad that the director did not fall for the temptation of adding songs or special effects and reduce it to the level of Anand or Safar. A couple of scenes toward the end of the movie, such as the boy visiting other blind children and a blind worker's workplace and also the final scene where the boy claps at the sound of splashing and birds chirping are sure make your eyes misty.<br /><br />Many Bollywood players do not realize that Oscar committee members value simplicity of the subject and genuineness and brevity of the movie more than the glitz and glamor. Shwaas is certainly a better nomination than Lagaan, which dealt with a subject that has already been beaten to death. No MPAA member is willingly going to suffer through 4 hours of jingoistic drama and a lot of song and dance.<br /><br />I look forward to more movies from director Sandeep Sawant in the future.",positive
"I'm certainly glad that a film was made about Carl Brashear's amazing life story. Coming as it did during the Civil Rights era, Brashear became an inspiration for people of all minority groups not willing to settle for a status expected.<br /><br />Brashear as played by Cuba Gooding, Jr. leads by example in the conduct of the life he has chosen. Very similar to Jackie Robinson who integrated baseball and made it stick by his character and conduct. As Brashear, Gooding knows that he does not want the sharecropper life that his father Carl Lumbly has and Lumbly makes it real clear to get more out of life than he's gotten.<br /><br />But while Harry Truman integrated the Armed Services after World War II, the Navy still has its restrictions. A black man can only be a cook or an officer's valet, the real fighting parts are denied him. That's not good enough for Gooding who applies to become a Navy deep sea diver.<br /><br />Once at the diving school at Bayonne, New Jersey, Gooding gets it all thrown at him, mostly by the Master Chief Petty Officer in charge, Robert DeNiro. DeNiro may have some leftover prejudices, but he's nevertheless a hero and one who can inspire if one can get passed racial divide.<br /><br />The best thing about Men Of Honor is the chemistry between DeNiro and Gooding. They certainly come from different places, but as they get to know each other, both turn out to be Men Of Honor.<br /><br />Other good performances to note are Charlize Theron as DeNiro's wife and Hal Holbrook as the head of the diving school, a guy the Navy just wish would retire for reasons you'll see.<br /><br />Men Of Honor is an inspiring story about people with courage to spare and the ability to change.",positive
"The first time I had the window of opportunity to see this all but forgotten classic was back in the early 1980's,at one of our art houses as a revival. As I watched this fever dream of an exercise in 1930's sexuality, I thought YOWZA! They got away with murder in Europe back in the day. Unfortunately, this film was heavily cut in it's original U.S. release by the blue nosed Hayes Office (the staunch government censorship board,started by the ""holier than thou"" Bible thumper, Will Hayes...a former Post Office official,if you can believe that),due to it's overall theme of human sexuality (Heaven's forbid humans actually had sex in the 1930's). The plot of Ecstasy concerns a young woman (played by Hedy Lamarr)who marries a much older man,and later regrets it. She (Lamarr)meets a handsome younger man & has an affair with him, resulting in a divorce from previous husband (another no no in Hollywood movies back then---Divorce!). Despite the fact that the film was produced in 1933, it was probably the director's first time working in the sound format (i.e. the film seems to possess techniques that were used mostly in silent films---i.e. 1920's expressionism's). It's still worth searching out for a window into early European talking pictures,along with Luis Bunuels L'Age Dor (1930),and Karl Gustav Dryer's 'Vampyre' (1931). Not rated,but contains that infamous nude swimming scene & some thinly veiled sexual references, which would fare little more than a PG-13 by today's standards (but would have easily landed the dreaded 'X',back in the 30's,if it existed then)",positive
"Why, o' WHY! ...did I pick this one up? Well... i needed a no-brainer in the summer heat, and the cover looked cool.<br /><br />Of course I should've known better. This is a really, really bad movie. And it gets embarasing when the makers know it's bad, and try cover it up by adding some sexy/beautiful women, and some sex-scenes to it. Well, folks... it does'nt cut it, does it!<br /><br />If you WOULD like a cool movie about a big reptile that is actually very, very good, well-played and funny: go rent Lake Placid! (that is an order)",negative
"Soldier isn't a great movie, and everyone that hated it has plenty of good reasons. But I liked Soldier alot, partly because my expectations were so low that what I saw surprised me.<br /><br />First, the art direction is tight and well executed. As far as science fiction backdrops go, Soldier was doing things with more design then 90% the genre. The sets, costumes and props were all consistent and competently executed; I didn't love all of their future military style, but I was impressed with the effort. For me, this made the movie worth the time it took to watch.<br /><br />Second, I'm a Kurt Russell fan. I grew up watching this guy in some of the most memorable movies of my youth ... The Barefoot Executive and his John Carpenter films. Soldier is essentially an action movie, and the role of Sergeant Todd is an essential action hero. It's not an award winning role, but Kurt musters up convincing emotion with VERY little dialog.<br /><br />Third, the fight scenes and battles are well choreographed. This isn't iron monkey, or even the matrix, but once again, it far exceeds the average level of quality in the genre.<br /><br />If you haven't seen it, and you like sci-fi action films, pick it up if you pass at your rental depot of choice. Just don't expect the next Bladerunner.",positive
"This is easily the most disappointing, least gratifying movie of the entire so-called blacksploitation genre, which, by the way, are films we generally enjoy a great deal in our home. Rather than being ""exploitation"" or demeaning, these films actually provide a priceless insight into an era. Well, not Bucktown.<br /><br />In this story, Duke returns to Bucktown to operate the night club left to him by his recently deceased brother. He quickly learns that the city is entirely controlled by a corrupt police force, bleeding protection money out of all the local businesses. Duke resists, and determines that he will rescue the city from the corrupt police. Unfortunately, he does so by calling in a posse of his friends (these people are vaguely explained as some former black-militants who have worked with Duke on ""jobs"" in the past) and they simply murder the entire police department in cold blood. And literally in the presence of hundreds of witnesses who do nothing to stop it. Ignorance is not a justification for murder, and it would have been much more entertaining to see the Cracker Police suffer for their actions as opposed to merely getting whacked in the street. While revenge is a ubiquitous and generally satisfying theme in films of this genre, it is a far cry from seeing Pam Grier track down the thugs who off'ed her family, cuss them out, give them a jujitsu ass-kickin' and set their 'fro on fire. That has art (and a reason for existing) and merits a level of respect that is quite undeserved by simply shooting someone in the back. Of course, in this bizarre tale, she is playing a woman completely under The Man's thumb, afraid of the Crackers who run her town and oppress her people. Indeed, her advice to Duke is, ""Run, man, they gonna kill you!""<br /><br />Following the sickening and gratuitous violence, we are expected to believe that the town's mayor wholeheartedly condones the actions of Duke and his friends, congratulating them and offering to throw a parade in their honor, as opposed to, say, calling the district attorney to press capital murder charges against them and have them taken into custody. Duke's posse declines the parade and instead opts to fill the numerous vacancies on the police force created by their recent killing spree. They immediately prove to be even more corrupt than their Cracker Police predecessors (to quote the mayor, ""They are ten times worse than what we had before!""). Now Duke finds he must again rescue the citizens of Bucktown from corrupt, protection-racket law enforcement officials and again make it safe for decent folk to operate a prostitution business in the streets. Unfortunately, Duke has already lost all moral high ground and sympathy due a hero, as he was a willing participant in the murder of the original police force. I wouldn't have cared one way or the other if he had rescued Bucktown or gotten plugged himself at this point. I suppose we are to be entertained by the clever way Duke has to outsmart the new Police Goons, but in reality the film has now just become an opera of gratuitous violence, Duke murders all of his former friends and allies in cold blood with the same absence of compassion he had when gunning down the Cracker Police. Duke is a pig.<br /><br />Finally, when everyone in town but Duke, Aretha, and the employees of the local brothel are dead and bleedin' in the street, our hero and heroine walk off into the night as though they had some admirable qualities or redeeming values; they don't. Duke is merely a murderous thug and Aretha his enabling misogynist accomplice. If you are interested in this genre of film, by all means, I highly recommend them, see Coffy, Foxy Brown, Truck Turner, Blacula, Sheba Babybut if in the process you should run across this DVD, throw it as far away as you possibly can! Drop it like it's hot! It should be treated as one would treat a glowing puddle of nuclear waste! There is no single film in the entire Blacksploitation era that is not dramatically more entertaining, satisfying and populated with more sympathetic and admirable characters than this piece of slime, obviously written by and targeted at some hormonally imbalanced high school sophomores.",negative
"This is only the second time I stopped a video/DVD part way through.<br /><br />I was willing to give this film the benefit of the doubt at first, even though it managed to be both shallow, clichéd and stupid.. AND joyless, plodding and pretentious.<br /><br />It was like an After School Special directed by that weird grade nine kid who thinks nobody understands him... creepy and sad, with voice-over narration that only the most deluded adolescent would consider poetry... and some singing, and... no, really, the poor child's suffering...<br /><br />Enough, already, especially when it morphed into a brazen, clumsy, and insulting Clockwork Orange ripoff. And did I mention the singing?<br /><br />This isn't the worst film I've ever seen, but certainly the one I've felt least compelled to sit through. I don't recommend it to anyone.",negative
"I almost made a fool of myself when I was going to start this review by saying "" This movie reminded me of BILLY ELLIOT "" but then I looked up the resume of screenwriter Lee Hall only to find out that he was the guy who wrote BILLY ELLIOT so it's Mr Hall who's making a fool of himself not me <br /><br />Am I being a bit cruel on him ? No because Lee has something most other aspiring screenwriters from Britain don't have - He has his foot in the door , he has previously written a successful British movie that won awards and made money at the box office and what does he do next ? He gives the audience more of the same <br /><br />Young Jimmy Spud lives on some kitchen sink estate . He is bullied at school and no one loves him . The only thing keeping him going is that he has aspirations to be a ballet dancer . No actually he has aspirations to be an angel but considering his household he may as well be a ballet dancer . He has a macho waster of a father who thinks "" Ballet dancers are a bunch of poofs while his granddad says "" Ballet dancers are as tough as any man you could meet . I remember seeing the Bolshoi ballet ... "" Yup Ballet is a main talking point on a run down British council estate those days - NOT . Come to think of it neither is left wing politics which seems to be the sole preserve of middle class do gooders who live in nice big houses , so right away everything about this set up feels ridiculously false <br /><br />Another major criticism is that this is a film that has no clue who it's trying to appeal to . I have often criticised Channel 4 for broadcasting movies at totally inappropriate times ( THE LAND THAT TIME FORGOT at 6 am for example ) but they showed this at 2 am and for once they've got it spot on . Considering the story involves politics , ballet dancing ( Gawd I hate it ) lung cancer and poverty there's no way this can be deemed suitable for a family audience but since the main protagonist is an 11 year old child and features angels and ballet dancers ( Don't blame me if I seem obsessed with the subject - there was no need to refer to them ) there's not much here for an intelligent adult audience either . <br /><br />Of course if Lee Hall had been told at the script development stage by the producers that he should write a story featuring a schoolboy and an angel and had flatly refused saying that he wanted to write about other themes and stories then I will apologise but throughout the movie you do get the feeling that once the film was completed it was going to be marketed to the exact same audience who enjoyed BILLY ELLIOT",negative
"Snakes on a Train is a movie I rented due to the pure amusement of the thoughts I had, about the movie. Snakes on a Plane was an enjoyable Action film, so obviously the film makers wanted to cash in on the success, with this low budget effort. At 85 minutes, Snakes on a Train is almost unbearable to witness. I had to keep pausing the film to do something to entertain myself, due to the lack of happenings in the film. Throughout the duration of the film, it's never fully explained why this girl has this curse, or why she keeps coughing up this green/purplish goo constantly. Not only that, there is endless boring dialog of the two main characters, Brujo and Alma discussing how to get rid of the curse. I can appreciate low budget film-making. I'm truly not picky on movies, i'm open to any genre or budget, but Snakes On A Train is truly one of the worst Horror films I have ever seen. Were the writers on Acid or something at the end of this film?. Why did the woman suddenly turn into a giant snake? and most importantly how on earth was it able to devour the train?.<br /><br />Bottom line. Snakes on a Train is a movie that needs to be avoided at all costs. Don't be intrigued like I was by the title, this is a movie that's seriously bad. Let's put these snakes to rest<br /><br />0/10",negative
"I wish I would have read more reviews and more opinions about this movie before I rented it. A waste of money. A waste of time. Very little dialog. The dialog was hard to understand in every way. The storyline and plot were both weak. The only thing that was nice at all was the cinematography.<br /><br />The characters were interesting. At the same time you will spend so much time trying to figure things out, because of the lack of dialog, that you will be rewinding the movie a lot. <br /><br />Do not watch this movie. It was a mess and will leave you feeling like a mess.<br /><br />You will say, what the heck was that, when the movie ends?",negative
"I basically skimmed through the movie but just enough to catch watch the plot was about. To tell you the truth it was kind of boring to me and at some spots it didn't make sense. The only reason I watched this movie in the first place was to see CHACE CRAWFORD!!! He is so hot, but in this movie his hair was kind of weird. But still hot.<br /><br />However, despite how hot CHACE is, it really did not make up for the film. I guess the plot isn't that bad but what really threw me over was the fact that they cuss in like every sentence. Is it that hard to express your anger without saying the F word every time?The cussing was annoying and the whole flashy, camera shaking thing gave me a headache.<br /><br />All in all, although the plot was OK, I found the film to be a bore and over dramatic. That's why I only cut to scenes with CHACE in it. LOL Anyways, not worth renting unless your a die-hard fan of a specific cast member like I was. Oh yeah the cast was Hot. The girls were HOT!!! But CHACE IS THE BEST!!",negative
"what a relief to find out I am not imagining this programme! the summary from taxman is great. I too remember finding it haunting and not particularly family viewing, I must have been 10/11 at the time I watched it. I think for a girl that age part of attraction was lead's very blond hair, and his permanently sad state. The theme was played on a flute I recall - although I cannot remember how it went. I think the intro showed him playing it - or maybe he played a flute in the programme and especially when he was sad? Maybe I am destined never to know how it ended or to see clip or hear the tune, but at least I now know it is not just me.",positive
"An unexpected pleasure as I had heard nothing about this film.<br /><br />Shameful since it warrants having a wider audience.<br /><br />A wonderfully humane story with a social message gently told, although admittedly predictable in its resolution. Solidly acted by the principals. Beautifully photographed with muted colors floating against grey that captures the nostalgic tone of the film.<br /><br />My recent foray into Chinese film (Shower, The Road Home, Not One Less) has been an exciting one that I hope to continue exploring. China and its people is an amazing canvas for film-makers. ""The King of Masks"" can be highly recommended as a starting point for anyone similarly interested in recent Chinese film.<br /><br />",positive
"The novel is easily superior and the best parts of the film are direct translations from what Greene wrote; for instance the quiet but grim humour that breaks into the scenes with Boyer and Lorre, or the murdered-child obsession that takes over some of the plot. Where the film deviates from the novel, it tends to the ludicrous.<br /><br />However I don't want to suggest that the film is bad in any way. It always looks the part and the story stays in the mind like a good 'un. Some of the minor characters were stock actors who could turn their hand to anything.<br /><br />It's a dreadful shame that the film's not available on DVD.",positive
I've heard a lot of different opinions about this film and then to find out that Paris Hilton was in it as well didn't give Me the best impression of the film .... then to be dragged to the cinema by a group of my friends and sit there expecting a pile of pants i was shocked to find that i was scared stiff all the way through the film ... it was predictable yes but the build up of the deaths and the whole atmosphere of the film made it REALLY scary for me ... i was watching through my fingers the whole way through. So i say go watch it and decide for yourself and if the fact that its a scary film doesn't convince you to go watch it then it also has Chad Michael Murray in it which can't be bad to watch for a couple of hours eh?,positive
"I found the pace to be glacial and the original story blown way out of proportion to the content. My wife slept through most of it and I did not try to wake her because I felt she was not missing anything.<br /><br />When Holmes and Watson enter the house and then are potentially caught, it is unclear how they could hide all of their entry and burglary tools so quickly. It is also unclear how the door to the study is locked, preventing the servants from getting in.<br /><br />The thing that puzzled me was right at the end when there was a glint in the eye of the broken statute. I have no clue what this was supposed to represent.",negative
"The one who says that Lucio Fulci is not one of the most important names in the history of splatter is probably mad.The Italian director is a legend among hardcore-horror fans,and his work exceeds the barriers of the genre(who can forgot his western,crime or fantasy flicks).This is probably his goriest film,and unfortunately one the last.A horror director(Fulci as himself) starts hallucinating about gruesome murders.He goes to a psychiatrist,who makes him believe he is the criminal.In this time,the doctor begins a long chain of serial crimes.With such a plot,the movie should have been filled with something.And there are roting corpses,crashed or melted heads,stabbings,decapitations,chainsaw dismemberment and many others.Kind of boring sometimes,the film is saved by the excessive violence that will definitely please the gore addicts.",positive
"I agree with most of the Columbo fans that this movie was an unnecessary change of format. Columbo is a unique cop with unorthodox police methods. This movie looks like a remake of any other ordinary detective dramas from the past. And that is the disturbing point, because Columbo is no ordinary detective.<br /><br />There are two parts in this film that left me intriguing. First, I can't figure out the title of this movie. It is misleading. Maybe a better title would've been ""The Vanishing Bride"" or something similar. Second, Columbo hides a piece of evidence without offering the reason (to the viewers at least) why he does it.<br /><br />I don't feel betrayed, just disappointed. I'm glad Peter Falk went back to the usual Columbo.<br /><br />",negative
"This show was so exhausting to watch and there's only two numbers Drowned World (Substitute For Love) and Paradise (Not For Me) were you can sit down and just contemplate it all. The opening of this show will go down in history as the most visually thrilling, as Madonna enters the stage via a gigantic Swarovski crystal ball that comes down from the ceiling and the huge screens from behind it show images of horses galloping. Horses play a role in this show due to Madonna falling off one. The infamous scene of Madonna on the crucifix is in this show as a huge screen counts to 12 million, the number of how many African children are orphaned due to Aids. At the end a website address comes up for anyone interested in donating. We then go into the theme of the environment and again images of politics and religion are shown. There's an interlude and then the show starts again to the music of I Love New York and Ray of Light this part of the show is one of my favorites with the dancers doing there funny hand movements. Towards the end there's the Music number with the song Disco Inferno mixed in with the song and the dancers make more of there presence known. The ending again is full of energy as the show wraps up to the tunes of Lucky Star and Hung Up and hundreds of golden balloons fall from the ceiling at the end the message ""Have you confessed?"" comes up. The DVD is worth buying and when it came out the soundtrack for the show was added as a bonus. Jonas Akerlund did a great job with the footage for this show keeping it consistent with the style of the tour.",positive
"(Caution: several spoilers)<br /><br />Someday, somewhere, there's going to be a post-apocalyptic movie made that doesn't stink. Unfortunately, THE POSTMAN is not that movie, though I have to give it credit for trying.<br /><br />Kevin Costner plays somebody credited only as ""the Postman."" He's not actually a postman, just a wanderer with a mule in the wasteland of a western America devastated by some unspecified catastrophe. He trades with isolated villages by performing Shakespeare. Suddenly a pack of bandits called the Holnists, the self-declared warlords of the West, descend upon a village that Costner's visiting, and their evil leader Gen. Bethlehem (Will Patton) drafts Costner. After much misery and numerous efforts to break Costner's spirit, he escapes, thus ending a lengthy section of the movie that could have been told better in a three-minute flashback.<br /><br />We now finally get to the major premise: the escaped Costner finds an abandoned mail truck and delivers the letters to the nearest town, hoping to get some food under pretense of being a postman. A number of the village people led by young Ford (Larenz Tate) want to get in on this postman act, which does not sit well with Bethlehem and his bandits, and Costner finds himself the unwitting and unwilling leader of a band of postmen at war with the Holnists.<br /><br />The idea of The Postmen versus The Bad Guys is not as ridiculous as it sounds. The Holnists depend for their livelihood on the fact that the villages they prey on are isolated from one another; the Holnists can destroy any one village, but could not stand against all their victims united. To unite, the villages must communicate with one another, and a working mail system would thus be a big step toward putting the Holnists out of business. So it really makes a lot of sense that Bethlehem would get medieval on our heroic mail carriers. Unfortunately, Bethlehem's eventual defeat is not the result of the villages uniting against him, but instead your old standby cliche, the one-on-one brawl between him and Costner. Nor is there even any real attempt by the communities to use the mail to work together to solve their problems; all the mail seems to be the standard ""Hi, Aunt Debbie"" stuff played for maximum sentimental value.<br /><br />THE POSTMAN is one of the most predictable movies, shot for shot, that I have ever seen. Now, I don't purposely try to ruin movies for myself by straining to figure out what's going to happen next. But here we're talking about the kind of predictability that requires no effort; I just knew what was going to happen next whether or not I wanted to know. After a lion is prominently showcased eating people, a Holnist bandit seeking the escaped Costner ventures into the bushes after a noise, and we are then ""shocked"" when the lion eats him. A bunch of unoffending villagers are rounded up and shot by a firing squad, and one of the villagers sings out some Famous Last Words right before being shot, to my immense lack of surprise. A covered statue is unveiled to show exactly what everyone knew was going to be there: Costner bending to pick up a letter from a cutesy kid we saw earlier in the movie. A man tells Bethlehem that no sir, you can't just take my wife; Bethlehem runs the unsuspecting sod through, though he is the only person in the theater who is unsuspecting.<br /><br />But it is rank, cloying sentimentality that really undoes THE POSTMAN. Olivia Williams, playing Costner's lover Abby, is worst served. She pours her heart into the material and gives her very best effort to make it sound natural and sincere. She tries so hard, it's heart-breaking. But nobody could ever have made the lines ""I have a gift for you, Postman . . . You give out hope like it's candy in your pocket"" sound like anything but the syrupy pap that they are. Another example is the scene where a mounted Costner thunders past a little boy, ignoring his proffered letter, only to turn around, stare at him for what seems like five minutes, and then thunder back to pick up the letter. Why didn't Costner just pick it up the first time? No real reason; it's just an artifice that tries and fails to give us a feeling of elation by dashing the kid's hopes and then restoring them.<br /><br />Schmaltz and predictability unite at the end as the statue of the Postman is revealed. I sat thinking, ""Please don't tell me they're going to show the statue and then cut back to the scene with the cutesy kid. Surely that is too saccharine, too obvious for even this movie."" Then, alas, the music swelled and we did indeed cut back to the dreaded little boy smiling as his letter to his maiden aunt is whisked away, and I held my head in my hands and thought, ""Somebody shoot me."" It felt like having thirty pounds of apple pie rammed down my throat.<br /><br />Gen. Bethlehem is a more humanized villain than normal. Your standard-issue post-apocalyptic villain is the meanest, toughest S.O.B. in the valley. Bethlehem is shown to be a little nothing of a man inside, who tries to make himself feel important by beating up on others. Although some menace is thereby sacrificed, Bethlehem is credible in a way most villains aren't. Unfortunately, Will Patton overacts. And although we are told early on that Bethlehem utterly destroyed his last challenger in five seconds of hand-to-hand combat, Bethlehem's actual fighting skills shown at the end of the movie are absolutely ludicrous.<br /><br />The acting is otherwise pretty good. Costner has done better, but his Razzie was an overreaction. As mentioned, Olivia Williams is very impressive. Larenz Tate as Ford does a sincere and credible job. James Newton Howard's score is competent, though short of the epic standards the movie was going for. But it's not enough to save this film.<br /><br />Rating: *1/2 out of ****.",negative
"WARNING:I advise anyone who has not seen the film yet to not read this comment.<br /><br />When I first started to watch this movie my expectations were it was a vampire movie, that is going to be awesome considering how Rodriguez and Tarantino both helped make the film. I began about 15 minutes into it and already my hopes for this movie were down the drain, which shocked me. First, the story it was going with was not at all appealing in anyway possible, and just flat out boring and uncompelling to the point where I just wanted to turn it off. I was getting more frustrated with this movie as it dragged on, but I guess I had hopes that it would get better.... then when it finally showed vampires it BLEW MY MIND, in a VERY bad way. I thought,""Okay this movie started with some backwash horrible story about these two criminals, then VERY slowly turned into some vampire movie which I thought it was going to be from the beginning, in like, the last 30 minutes?"" To add on to that, they try to make the main characters all cool and awesome and mean around the end when they're just not; A bunny would've been more intimidating than these characters! This movie is a horrible piece of crap!!! From Dusk Till dawn disgraced me and left a terrible taste in my mouth, disheartening thoughts in my head, and left my body unable to move from the horrible shock that I just wasted 108 minutes of my life away on a horrendous film. I do not understand how George Clooney, Quentin Tarintino, Cheech Marin and Danny Trejo, all being the good and honorable actors that they are, could take part in this useless filth. In my opinion, From Dusk Till Dawn is one of the worst movies ever made that I have suffered my eyes on. Do not see it, you'll be doing yourelf a GREAT favor...",negative
"I've watched a lot of television in my 51 years, but I've never had so much fun week after week, as I had watching Oz. The acting by the entire cast was excellent. The writing was just perfect, with every character remaining consistent throughout the six year run. I also enjoyed the mayhem and the ultra-violence. It may sound odd, but it was at times, comical finding out how one of the characters would eventually end up dead. I particularly enjoyed the true romance and love between Beecher and Keller. Those two men really knew how to throw down, in every way possible. I truly hope that HBO will continue to show us re-runs of this great show FOREVER! I've watched every episode at least 4 times yet I still look forward to Tuesday and Thursday nights at 11 p.m. for an episode of this fun and very entertaining show.",positive
"This movie is very much like ""Flashdance"", you know that dance flick with Jennifer Beals. That film is probably the most boring film I have ever seen since it's not even bad enough to be funny. ""G.I. Jane"" is much better than that film, but that doesn't say much. Here Demi Moore sweats a lot and there's high music and we get to see her fight and everything, but it is certainly not very engaging. I really think the idea behind the film is kind of interesting, but the script is too clichéd and Ridley Scott can't do anything about that. Well, like I said... It's better than ""Flashdance""... (4/10)",negative
"Now I love Bela Lugosi,don't get me wrong,he is one of the most interesting people to ever make a movie but he certainly did his share of clunkers.This is just another one of those.<br /><br />Lugosi plays Dr.Lorenz,a doctor who has had his medical license pulled for unexplained reasons.He is however doing experiments to keep his wife young and beautiful.It's revealed that she is 70-80 years old yet Lugosi looks to be in his mid 50's so why he is married to this old woman is never really explained.<br /><br />Anyway these treatments or experiments involved giving brides who are at the altar being married some sort of sweet smelling substance whereby they pass out but are thought to be dead.Then Lugosi and some of his assistants steal the body on its way to the morgue and take it back to his lab where it's kept in some sort of suspended animation or catatonic state.Then the stolen brides have a needle rammed somewhere in their bodies,maybe the neck,and then the needle is rammed into the body of Lugosi's wife to bring her back to youth and beauty.We never really see where Lugosi sticks the needle or what it is that he draws out of the brides but it somehow restores his wife .Apparently old age makes you scream with pain because Lugosi's wife does a lot of screaming until she gets back to her younger state.Helping Lugosi in his lab is the only good thing about this movie....a weird old hag and her two deformed sons....one son is a big lumpy looking slow acting fellow who likes to fondle the snoozing brides and the other son is a mean little dwarf....little person, to be politically correct in today's world.At night these three just sort of pile up and sleep in Lugosi's dreary downstairs lab.Who these 3 are and how they came to be Lugosi's scared assistants is,like a lot of stuff in this film, never explained.<br /><br />So anyway a female reporter is given the assignment by her gruff editor to find out where all the stolen brides are going to.She quickly figures out that the one common thing among all the stolen brides is a rare orchid that is found on them.So she asks around and is told that there is a world renowned orchid expert living nearby who just happens to be the one who developed this particular orchid.This expert turns out to be creepy Dr.Lorenz.She quickly tracks him down and upsets his little house of horrors.I'm not sure where the police were during all this but they came in to mop up after the reporter had done all the dirty work.<br /><br />It seems that Lugosi's movies always had some sort of unnecessary silly plot line that just made the whole thing stink to high heavens.I mean a world famous orchid expert kidnaps brides by sending them a doped up orchid he himself is known to have developed? D'OH!<br /><br />And then later it's revealed that the young ladies don't even have to be brides for the procedure to work so why would Lugosi keep kidnapping brides from heavily guarded churches for his experiments and create all the attention and newspaper headlines? Why not just grab a prostitute off the street like a normal weirdo pervert would do? This clunker reminded me a lot of another Lugosi stinker,""The Devil Bat""....same silly plot lines and bad acting and same silly 'reporter gets bad guy' deal.<br /><br />But Lugosi is always good--he is creepy and sinister enough to keep you interested at least enough to keep watching him.The woman playing the reporter was just a terrible actor....she had no emotion whatsoever,she just delivered her lines like a machine gun ,spewing them out as quickly as she could.Everyone else pretty much blew too,when it came to being good actors.<br /><br />But this thing is watchable ,if only for Bela Lugosi fans.Lugosi was always so intense even when the picture was a dog.He must have known he was doing terrible pictures but maybe he also knew that if he gave it everything he had a little of that intensity might shine through past all the bad plots and bad acting which surrounded him.<br /><br />And he was right----we horror fans will always have a love for Bela Lugosi.He gave it his all every time he was in front of the camera.We do give two f**ks for you,Bela.",negative
"""9/11,"" hosted by Robert DeNiro, presents footage from outside and inside the Twin Towers in New York, on September 11, 2001.<br /><br />Never too grisly and gory, yet powerful and moving. ""9/11"" is a real treat. Anyone not moved by this television show is immune to anything.<br /><br />5/5 stars --<br /><br />",positive
"THE RUNNING MAN, along with TOTAL RECALL, is my favorite Schwarzenegger movie. No, this isn't 2001, but it's not meant to be. And the acting and script here isn't even up to par with other Arnie movies like PREDATOR or THE TERMINATOR. But I submit that the IDEA behind this movie is one of the coolest ever to hit the big screen. A state-sponsored game show in which criminals convicted of serious crimes compete against ""heroic"" stalkers armed with all kinds of weapons (the runners are equipped with none) in order to satisfy the public's lust for sport and blood. The ultimate prize for a winning runner: freedom. Or so the rules claim.<br /><br />For a movie with such over-the-top gory death scenes and cheesy one-liners, it really does have a lot to say. Someone else has pointed out all the commentary on culture/government presented in this movie, so I won't go into it here. Suffice it to say that if you can look beyond the seemingly silly feel of the movie, you will enjoy it very much (especially if you're a big SF fan with a lot of imagination). Like I said, it's not trying to be a serious art film, but it IS surprisingly layered for a 80s shoot-em-up flick. The premise is borrowed from a Richard Bachman (aka Stephen King) short novel, but diverges fairly strongly from its source material, especially towards the end. (The book ends rather nihilistically; needless to say this movie doesn't.) I enjoyed both, but I like the movie better.<br /><br />My favorite line: ""Guess it's caused from steroids.""",positive
"This is one of the funniest movies I have ever seen. If you know the Real World and the people from those shows, this movie will be top notch, if you have never seen the real world you will still think it is an extremely funny movie but you won't get some of the inside jokes about the actors and the tv show.",positive
"Went to see this as Me and my Lady had little else to do on a sunday afternoon I like films that deal with sleazy,loser characters and this is full of em. After a slow start we get some good turns from the cast but it is the actual 'Bellini' that both makes and lets the film down. The 'Bellini' is one of the funniest scenes I have seen in a film for a long while but is too short and could have made this a masterpiece overall 71/2 out of 10",positive
"I think you would have to be from the USA to get a lot of the jokes. But if you liked Princess Bride and Forest Gump, You would like this movie. You can't compare the quality of the filming to those of course, but having the cameraman trip was obviously done on purpose. Killer Tomatoes is a hundred times better than Nepolean Dynamite. Just my opinion. I'm sure that people from France would not appreciate the caricatures of the French. So this film isn't for a world audience. And while I am not a trained film critic, I know what I like. I couldn't stop laughing through the whole movie. My sides and my jaws were hurting at the end of the movie.",positive
"I don't expect a lot from ghost stories, but I do expect a story to make a bit of sense! Is that asking too much from the screenwriters and filmmakers? When the bad guy, all of the sudden, becomes a homicidal maniac solely because a bunch of crows start pecking him, then I have a problem spending $9.00 for a ticket! Alfred Hitchcock would be spinning in his grave. Didn't anyone learn anything in their college Film 101 class? A good movie has at its roots an INTERESTING story!<br /><br />Here are some of the ridiculous messages in this movie: If you have desperate financial problems move from Chicago to the middle of no-where in North Dakota to grow Sunflowers (I kid you not!). If your toddler has serious neurological problems from a car accident move away from some of the best hospitals and speech therapists in the country to an isolated small town, which, at best, has a community hospital. Hire a drifter to live & work with you, out of the blue, without checking any references, when you have a teenage vixen daughter, a wife and toddler. ( I'm glad they're not my parents!) <br /><br />A town where everyone knows everything would have no problem missing a triple homicide, just outside of town. And, of course, blame the man's lunacy on a bad crop of Sunflowers! (Doesn't anything else grow in North Dakota?) A couple of days after you buy your rundown house - with huge vines growing everywhere - that it reminds you of Jack and the Beanstalk, a guy from the X-Files, ala Smoking Man, (I'm glad to see the cigarettes didn't get him, I guess he doesn't inhale!) will just suddenly sneak up on you while you're working to offer you the sale price of your home, plus 15% more, for absolutely no reason!<br /><br />I think you get the picture. I have seen so many godforsaken awful movies in the past month, it just blows my mind! Is it that difficult to make a movie that doesn't treat the audience like an idiot? I'm glad at least the crows in this sorry film turned out to have the some brains! I wish I could say the same for whomever thinks they are going to make money off this celluloid piece of trash!",negative
"Set in and near a poor working class town in the mountains of rural Italy, it's a story of madness. The landscape may be quite picturesque, but there's madness herein, concealed behind the mask of a person who seems outwardly normal. This person kills little children.<br /><br />In style and tone this film resembles Dario Argento's famous Italian giallos, those fascinating whodunit horror films, except that Argento's films are much better looking. Still, the visuals in Fulci's ""Don't Torture A Duckling"" are competent, with some interesting compositions and lighting. Lightning and thunder on a rainy night enhances suspense in one sequence wherein one of the ""ducklings"" is vulnerably alone.<br /><br />In one sequence the gore is a bit overdone. But this is no slasher film. A legitimate theme undergirds the story. And that theme is that madness can take many unexpected forms, not just the obvious delusions of people who practice voodoo or black magic.<br /><br />Plenty of red herrings render the puzzle solution difficult if the viewer doesn't assume an agenda on the part of the director. Don't dismiss someone who might not seem to be a suspect. The twist near the end provides good misdirection. However, in one scene midway through, a line of dialogue could have been added to clarify the relationship between two characters, one of whom is the murderer. The film's finale takes place on a beautiful mountaintop with the wind whistling in the background. We see flashbacks to clues and get insights into the killer's mindset.<br /><br />I don't care for the film's widescreen projection. But background music is effective, and ranges from jarringly creepy at the beginning to low-key jazz, to indigenous Italian songs. Acting is generally average, though in a couple of cases, it's a bit overdone.<br /><br />Though not as visually brilliant as Argento's giallos, ""Don't Torture A Duckling"" nevertheless is a fine film, one that contains a thematic storyline and enough of a whodunit puzzle to interest most viewers who like thrillers and murder mysteries.",positive
"If you want a complete waste of time, because pulling lint out of your belly button or cleaning the wax out of your ears or grouting your tile is your idea of a carnival thrill ride, then you'll not want to miss this one.<br /><br />For one thing, forget the VHS cover. NO body in this movie looks that attractive (ie, the Indian girl). Someone else commented that whoever posed for the cover is not the same girl and I agree. The cover is THE most exciting thing about this movie.<br /><br />To put this in perspective, I bought this VHS for 99 cents at K-Mart and three minutes, no, 40 seconds into the movie, I knew I had been ripped off.<br /><br />I finished watching it because 1) I did pay 99 cents after all and, 2)there might possibly, conceivably been a hair of chance some scene in this turkey was worth more than a pinched loaf.<br /><br />There wasn't.<br /><br />Good grief, Fonda. I know you were hard up for roles when you did this, but this is beneath you.",negative
"In a future society, the military component does not have to recruit; rather, their candidates are chosen at birth, culled from nurseries and designated to spend their entire lives in the service of the government. They are given over to the war machine, body and soul, for no reason other than to protect and serve; they have no personal identity other than a name and rank, and no autonomy whatsoever. This is the fate of those whose destiny is predetermined for them in `Soldier,' directed by Paul Anderson and starring Kurt Russell. The scenario is hard and bleak as the movie begins by depicting the training of the soldiers during advancing periods of time, from preadolescence to adulthood. Russell is Sergeant Todd, the best of the best, and we glimpse his career as he discharges his duties in an exemplary manner in campaign after campaign; he is what he was born to be, a soldier. But even the best cannot go on forever, and the day arrives when Todd and his peers are no longer the elite. A new generation of soldiers has been created, products of advanced genetics and technology, and Todd's generation is suddenly obsolete. What follows is the story of a man who must fight for his life, while struggling to discover his own sense of humanity and individuality, traits new to a soldier who has known only two things his entire life: Fear and discipline. Russell gives a commanding performance as Todd, the soldier who above all else must obey orders without question while suppressing all emotion and individual thoughts. He has few lines in this movie, but Russell speaks volumes with his eyes. This role demonstrates that he is, in fact, one of the under-appreciated actors of our times; that he can disappear so entirely into the character of Todd is a credit to his ability, and with this part he has created someone quite different from any he's done before. And he's given Todd a depth and credibility that someone of lesser talent could easily have rendered as nothing more than a pretentious and superficial stereotype. Notable performances are also turned in here by Connie Nielsen (Sandra) and Jason Isaacs (Colonel Mekum). Rounding out the supporting cast are Jason Scott Lee, memorable as Caine 607, one of the new generation of soldiers; Sean Pertwee (Mace); Gary Busey (Captain Church); Michael Chiklis (Jimmy Pig); and Mark Bringleson (Rubrick). Anderson has delivered an action film with a message, a cautionary tale that transcends the genre of science-fiction. `Soldier' reminds us of the importance of keeping the humanity of our lives intact. It's an entertaining way of making us consider the alternatives, like a bleak future and a world in which good movies just wouldn't make a whole lot of difference. Much like `1984,' and `Mad Max,' this movie, which is ultimately uplifting, is going to make you take pause and think about the kind of Universe in which we all must live together and share. I rate this one 7/10.",positive
"...un-funny and un-entertaining, possibly the worst movie I have ever had the misfortune to watch. Think 'Ernest goes to..' humour done even worse. Myself and my girlfriend sat through it just to see if it could be as consistently dire as it seems in the opening sequence... Yes it is. Avoid at all costs.",negative
"I was really disappointed by this movie. Great actors in it, and potentially a great plot, but it just seemed to limp along.<br /><br />Charlize Theron was masterful in her role and beautiful, but it seemed like 90% of her on-screen work was in car chases done with Austin Minis. Product placement gone wrong, so very wrong.<br /><br />The direction seemed off, too. Edward Norton is the bad guy, and it was so obvious right from the start. Every time the camera would pass over him, it would linger too long and Norton would grimace or something. C'mon, Hollywood, give us a little credit! It's okay to surprise us with a plot twist without having to telegraph it.<br /><br />Sorry, but this movie was just below average. I have always been one to appreciate the work and talent that goes into a movie, but this one just didn't have it.",negative
"Footlight Parade is among the best of the 1930's musical comedy extravaganzas. A snappy script and an all-star cast including Jimmy Cagney, the lovely Joan Blondell, Dick Powell, and Ruby Keeler make this film a cut above the rest. Directed and choreographed by the creative genius Busby Berkeley, this film will have you grinning from ear-to-ear from start to finish.<br /><br />Busby, of course, is the undisputed master of the Hollywood musical with ""Gold Diggers of 1933"" and ""42nd Street"" to his credit (as Dance Director). Footlight Parade is graced by hundreds of scantily-clad chorus girls, a Berkeley trademark. The elaborate dance numbers were shot with only one camera and Busby was the first director to film close-ups of the dancers. His obsession with shapely legs and ""rear-view"" shots is amply demonstrated here. The overall effect is highly erotic and mesmerizing.<br /><br />Our boy Jimmy Cagney plays Chester Kent, a producer of ""prologues"" or short musical stage productions that were performed in movie theaters to entertain the audience before the talkies were shown. He's surrounded by crooked partners, a corporate spy, and a gold-digging girlfriend. Although Cagney had a solid background in vaudeville, this was the first film in which he showed his dancing talents. Joan Blondell is memorable as Cagney's wise-cracking, lovestruck secretary. And Ruby Keeler is adorable, as always.<br /><br />The film climaxes with three outstanding production numbers, ""Honeymoon Hotel"", ""The Waterfall"", and ""Shanghai Lil"", each one a masterpiece and not likely to be duplicated in today's Hollywood where so-called ""special effects"" have replaced creative cinematography.<br /><br />Claudia's Bottom Line: Clever and erotic, with some of the best musical production numbers ever put on celluloid. A thoroughly enjoyable Depression era romp.",positive
"Just to clarify, Matthew Poncelet wasn't a real person, but a character combination of 2 killers who were BOTH convicted and sentenced to die for a murder of two teenagers.<br /><br />I read the User Comments and they react as if Matthew was real. The character is based on a mixture of two killers, Elmo Patrick Sonnier and Robert Lee Willie (who murdered separate people) and the murder itself was based on the one Willie committed. The conflict of both Willie having someone else present and both parties swearing the other did the killing is worked into the story as well.<br /><br />Prejean's approach is unique in that she not only is ministering to the convicts as they wait for their death and aiding them in taking responsibility for their actions, she also reaches out to the victims' families, to help them know that the convict did, indeed feel remorse for what they did-effectively aiding both parties.<br /><br />Everyone posting here seems to have strong beliefs on the Death Sentence. It's not my place to say it's right or wrong-in theory punishing death with death makes some sort of Karmic sense, however denying a person their freedom for the rest of their days, although costly, makes more sense to me-being stuck in a small room 23/7 (with one hour of exercise)for the rest of their days to be reminded of the cruel thing they did seem a more apt punishment-they are technically alive, but denied living. Say someone killed someone so they could get out of the responsibility the person they killed required (like Susan Smith killing her poor kids by shoving her car into a lake). I find it fittingly ironic that they would not get that ""freedom"" they craved and would now have to spend the rest of their days imprisoned.<br /><br />Prejean's point comes through the story very well. She has my respect-she manages to find that balance-she isn't supporting a killer, she is guiding them to accepting what they did. If they didn't feel some kind of remorse, they wouldn't be asking for spiritual guidance.<br /><br />Ona final note, when Poncelet apologizes to Delacroix parent for killing his son, the parents of the girl who was also murdered mutters something about why he didn't apologize for her death. I think the point was that throughout the movie, Poncelet denies killing both kids. There is doubt in Prejean's mind he did both killings-there is a friend who was sentenced but not to death-my thought is that Poncelet killed the Delacroix boy and the other man murdered the girl-hence Poncelet was taking responsibility for what he did. Had he been responsible for the girl's death, he probably would have apologized for that as well.",positive
"this is film is probably one of the best i've seen so far. i would put it only second to All About Lily Chou-chou because it kind of gives me the same vibes....'9 souls' is about 9 prisoners who have just escaped prison to go and find some counterfeit money stored in a time capsule at Mount Fuji Primary School. they later find out that there wasn't much there and set off on their own ways. the first half of the movie is just a time for the characters to be introduced and for the main points to be stated. it is a comedic yet serious part of the journey. the second half, moved me to tears. as the movie progresses, each character goes and tries to fulfill their dreams, but unfortunately ending somewhat badly. in the end only 2 of the 9 escapees are left. the way that each character left the scene was very sad and you will probably feel tears in your eyes. a beautiful film directed fantastically. this is a movie for people who have enjoyed Toshiaki Toyoda's other films such as 'Blue Spring'.",positive
"The movie Angels of the Universe is a pure masterpiece and it proves once again that you can make a brilliant movie on a low budget, e.g American Beauty and Blair Witch Project. The Director Fridrik Thór Fridriksson gives the novel Englar alheimsins a new life on the white screen. The movie is a breakthrough in Icelandic film making because it's the biggest and the greatest movie that has been done in Iceland.<br /><br />The music in the film, played by Sigurrós, is very symbolic for the film, it is absolutely brilliant. I recommend everybody who are able to think to go and see this film as soon as possible, you won't be disappointed. I would bet on this film to win the best foreign film award next year  all over the globe!",positive
"My friend gives me these 3 huge boxes. ""They're laserdiscs of Flash Gordon serials,"" he says. ""I'm gonna have some giant coasters,"" I say. But not so. This serial rocks. (But I had to whine & moan to almost everyone I knew to find a laserdisc player for em).<br /><br />There is really a little of everything in this serial: There are lion-men, hawk-men, shark-men, Earthmen, & I guess you'd call em Mongo-men. The sets & costumes combine, Greek, Roman, Oriental, Egyptian and there's even armour like English knights. Awesome costumes. And some of it was a riot. Those horrible tights with shorts over em worn by Zarkov are beyond description. And the guys in the furnace scene seem to be wearing boxers.<br /><br />It's also funny the way they renamed the octopus to an octosack, the orangutan to orangapoid, and the tiger to a tigron. There's even a dragon (a Godzilla-like creature who threatens Flash on a couple of occasions before being killed off).<br /><br />You like the Invisible Man? This has got you covered. You like sword fights, wrestling (both animals & men), fist fights? Plenty for any taste. We have an underwater city, a sky city, a city on top of a mountain, and tonnes of secret passages and caves.<br /><br />Hokey effects? Massive amounts. The sky city is supported by radium furnaces stoked like old-time steamships. The rocketships are ""powered"" by fireworks and have constant backfires and/or humming noises. Lots of wires are visible holding things up (like food when Flash was invisible and of course rocketships). There's clouds out in space, but none around the earth when viewed from Mongo. ""Giant"" lizards show up briefly. Fighting sea creatures supposedly threaten Flash & co. on the way to the shark-men's underwater city. The ""gadgets"" in Dr. Zarkov's lab crack me up. And they seem to be the same ones no matter what lab he's in (he worked in Ming's lab and Vultan's).<br /><br />And yeah, we have romance. Everyone wants Dale; Ming, Vultan, Flash. But at least one person wanted Princess Aura (Prince Baron) just not the person she would have preferred. In fact, it seems a lot of the sub-plots concern intrigue on the part of Princess Aura to try to win Flash.<br /><br />Man I think the characters are awesome. That fat, horse-laughing, King Vultan was hilarious. How he managed those wings was pure artistry. And Ming! What can I say about Ming? He was perfect. They should have had him for the emperor in Starwars. Ming has got to be my favourite character in this serial. Princess Aura was quite a little character too. And she pulled it off nicely. I think she's a better actress than Dale Arden by a long shot. Even the sneaky high priest had a distinctive role. Zarkov was good, but not the strongest character---and he always stood in the background during fight scenes holding Dale. Now we get to Flash: Flash, of course, was the strong point, the leader, the hero---and he did it well. Crabbe is a good actor and this role fit him perfectly.<br /><br />After watching this, I think I know where George Lucas got the main idea for Starwars. Watch this, you'll see what I mean.<br /><br />If you ever considered watching an old serial (or any serial for that matter), this should be your first choice. The only reason I didn't give this one a 10 is because of a few story holes that could have been fixed easily, the way the giant lizards seemed just tacked in there, and a couple of weak characters (king of shark-men & king of lion-men).",positive
"What can you say about this movie? It was not terrible, but it was not good! Two days earlier I had watched Lillies and that was one of the best Gay films I have ever seen. So this was not the best time to watch a mediocre Gay flick.<br /><br />The story was silly and the acting was OK. It was not bad enough to turn off, but it had some bad moments and some terrible stereotyping. It was not very well cast either.<br /><br />Would I recommend this movie? No you would be wasting your time and money. I don't understand why movies like these are made and who is funding them. Spend your time Watching Noah's Arc on Logo instead. I think this is where this movie was trying to go but never got there.",negative
"This film was the first British teen movie to actually address the reality of the violent rock and roll society, rather than being a lucid parody of 1950s teenage life. In an attempt to celebrate the work of Liverpool's Junior Liaison Officers the opening title points out that 92% of potential delinquents, who have been dealt with under this scheme, have not committed a second crime. However, this becomes merely a pretext to the following teen-drama until the film's epilogue where we are instructed that we shouldn't feel responsible or sorry for such delinquents however mixed-up they might seem.<br /><br />Stanley Baker plays a tough detective who reluctantly takes on the post of Juvenile Liaison Officer. This hard-boiled character is a role typical of Baker. Having been currently on the trail of a notorious arsonist known as the firefly and does not relish the distraction of the transfer. However, as in all good police dramas he is led back full circle by a remarkable turn of events, back to his original investigation.<br /><br />His first case leads him to the home of two young children, Mary and Patrick Murphy (played by real-life brother and sister duo), who have committed a petty theft. Here he meets Cathie (satisfyingly portrayed by Anne Heywood) their older sister whom he eventually becomes romantically involved with. It quickly becomes obvious that the squalid environment of such inner-city estates is a breeding ground for juvenile delinquency.<br /><br />The elder brother of the Murphy family, Johnny, is the leader of a gang of rock and roll hoodlums. McCallum does an eye-catching turn as the Americanized mixed-up kid, who owes more to the likes of Marlon Brando, than any previous British star. One is reminded of Brando's character Johnny from 'The Wild One' who led a leather-clad gang of rebellious bikers in much the same way as this film's 'Johnny' leads his gang.<br /><br />Thankfully the preachiness of earlier Dearden crime dramas such as 'The Blue Lamp' is not so apparent. Instead we are presented with several well drawn-out characters on both sides of the law as the drama of the delinquents and the romantic interest between Heywood and Baker takes the forefront.<br /><br />The plot, whilst at times predictable, does deliver some memorable scenes. The disruptive influence that rock and roll music was thought to have had is played out in a scene where Johnny abandons himself to the music, leading a menacing advance on the police sergeant. The most grippingly memorable piece of film however is the climatic classroom scene where a bunch of terrified school children, including Mary and Patrick, are held hostage at gunpoint by Johnny. Obviously in the light of the real-life Dumblaine Massacre this scene seems all the horrifying. Understandably because of this the film is seldom aired or available to modern audiences.",positive
"I don't understand why this movie was released, it looked like something that you show your mates after you borrowed your mums handycam she bought in 1987. I am Australian and work for a video store in the UK and thought that if an Aussie film made it into our store it can't be all bad... boy was I wrong!<br /><br />If anyone writes a good comment about this movie they are either lying or the makers of the film.<br /><br />The picture was BAD, the sound was HORRIBLE and the acting, oh the acting, it was the WORST acting in the HISTORY OF FILM. <br /><br />It makes me embarrassed and offended that they used the word 'Aussie' in the title because I am proud to be Australian and this movie is seen in other countries and may give people the wrong idea.<br /><br />Please anyone who reads this and has seen this movie, take the time to find other Aussie movies to watch because you could choose any one of them and it would be better than that one.<br /><br />I could have made a better film if I took a camera, filmed my but for an hour, ate the film waited for it to pass through my body then threw what came out at the television... no offence.<br /><br />DO NOT WATCH THIS FILM!!!!!!!!!!",negative
"It is so nice to see Bruce Willis come down off his action throne and let us see that he really is a talented actor. He shines in this film as the near-40-year-old image consultant who has totally lost touch with his inner child--until he meets him face to face. This is one of those rare films that doesn't talk down to its audience and truly offers something for the WHOLE family. It is about caring for each other, keeping some of the child inside you, and realizing that you don't grow up exactly the way you thought you would. Willis seems to be building an impressive track record for working with kids (just witness ""The Sixth Sense"" with Haley Joel Osment), and he has great chemistry with Spencer Breslin here. There is some nice photography and music, and the ending is wonderful and uplifting. A great film to see with EVERY member of your family.",positive
"There are so many goofy things about this movie that I can't possibly name but a few:<br /><br />BOGART's character: 1. His name  Whip McCord (too easy, so I'll leave it at that. Boy, it makes `Humphrey' sound good.) 2. His long, curly hair and silly sideburns. 3. His Black Bart get-up, complete with spurs! 4. Not sure what shade of lipgloss they've got him wearing, but it ain't none too flattering.<br /><br />CAGNEY's character (Jim Kincaid ): 1. His lipstick doesn't do him any favors, either. 2. The man is being swallowed by his hat during the entire film! Could they not find a hat to fit him? Even a LITTLE?!!?! 3. His pants are too tight in the rear. 4. He blows the smoke off his gun one too many times, if you know what I mean, and I think you do.<br /><br />If you are a casual Bogart or Cagney fan, and figure it might be a change of pace to see them in a western, do yourself a favor and forget that thought. EVEN THE HORSES LOOK EMBARRASSED! (That is, when they don't look bored.)<br /><br />In all fairness, I admit that westerns are my least favorite film genre, but I've still seen much, MUCH better than this.<br /><br />On a comedy level, or as high camp, The Oklahoma Kid works. Otherwise, it's viewer beware. Therefore, see this only if a) you must see every western out there b) you are a TRUE Cagney or Bogie completist c) any of the above comments appeal to you. Woah..",negative
"Every time I watch this show I just want to turn it off and curse the makers for wasting my time week after week. The dialogs, or monologues rather, as everybody just rants on endlessly about nothing, are just becoming so tedious. For example, the episode I watched yesterday began with a seemingly unending rambling about how a particular dish (I forgot what it was, pasta with meatballs perhaps) always manages to turn the Gilmore family dinner into all-out war. And these were just the few seconds or so.<br /><br />So it seems every time, lots of lines, with absolutely zero content. The scripts they use must be enormous.<br /><br />But then every once in a while something happens. The babbling stops and suddenly there are these wonderful silent, emotional moments. For example, this week it was Lorelai's breakdown at the estate agent's. I just thought it was the best piece of TV I have seen for a long while.<br /><br />Almost makes everything worthwhile.",positive
"i actually thought this is a comedy and sat watching it expecting to laugh my ass off. pretty soon in became clear this is no comedy, or at least not a 'Jim Carrey type' one. what kept we watching was the characters - the movie starts with some pretty grim, troubled people, gathered together to try and fight one of their basic fears - fear of water, fear of swimming. we start to get bit by bit into their lives, witness their troubles, guess of their thoughts.<br /><br />actually i made it look much darker than it actually is, and besides the chain of events soon brings some light and hope to their lives.<br /><br />i probably wouldn't have watched the movie had i known its not a comedy but rather a drama, but i had good time, enjoyed the story and don't mind i spent about 90 minutes with it.<br /><br />many films treat the alienation between people in the western world, this movie shows how people can get together and help each other<br /><br />""and if in the light of dying day you meet her, don't let her pass you by and leave, don't loose her, she is your gift from the sun...""<br /><br />9/10<br /><br />peace and love",positive
"""Journey of Hope"" tells of a poor Turkish family and their odyssey of hope which spirals downward into despair as they travel to Switzerland in search of prosperity. Although this Oscar winning film is fairly well crafted, it is lacking in substance and has many implausibilities. Much of the film's 1.7 hour run time is get on the bus, get off the bus, get on the boat, get off the boat, get in the van, get out of the van, etc.; time which could have been better spent or left out completely. The story has a predictable conclusion, especially for those who have an awareness of the common crime of trafficking in illegal immigrants. A worthwhile and reasonably entertaining watch but over-rated.",positive
"I have been a Mario fan for as long as I can remember, I have very fond memories of playing Super Mario World as a kid, this game has brought back many of those memories while adding something new. Super Mario Galaxy is the latest installment in the amazing Mario franchise. There is much very different about this game from any other Mario before it, while still keeping intact the greatest elements of Mario, the first noticeable difference is that the story takes place in space.<br /><br />The story begins much like any other Mario game, Mario receives a letter from Princess Peach inviting him to a celebration at her castle in the Mushroom Kingdom. Upon arriving at Peach's castle Mario finds Bowser and his son (Bowser Jr.) attacking the castle with their airships. Bowser kidnaps Princess Peach and then lifts her castle up into space. In the midst of the castle being lifted into space Mario falls off and lands on an unknown planet. Mario is found by a talking star named Luma and is taken back to the Luma's home, a floating space station, here Mario meets many other Lumas and also meets their leader, a woman named Rosalina. Rosalina tells Mario that Bowser has taken away the space station's Power Stars and scattered them across the universe, it is up to Mario to help the Lumas find them and save Peach, thus the adventure begins.<br /><br />The way you play the game is by flying from the space station to other galaxies, each galaxy consists of multiple planets that Mario travels amongst in levels via these shooting stars to retrieve the Power Stars. Mario can at many times walk all the way around planets without losing gravity, some planets are small and others are big, many planets are similar to classic Mario environments. The best thing about the game are the controls, all of the stuff like jumping and such is still the same, but the wiimote is used in many unique ways in this game. You shake the remote Mario will perform a spin that is used as the primary attack in the game, and it will as well activate the shooting stars. You can also point the remote at the screen and use the pointer to fire star bits at enemies or objects in the environment. Then there is the graphics, these are by far the best graphics on the Wii, it is just so hard to describe how great this game looks, you could probably almost say it looks as good as some 360 games.<br /><br />My only minor gripes is that the going upside down effect takes some getting used to, and also the story is pretty weak. The worst part is that you lose all of your lives when you turn off the game, no matter how many you had when you last quit you restart at 4 lives. Still these minor problems aside it's a superb game that is highly entertaining and is very challenging. This is the type of game that we've been waiting for on the Wii.<br /><br />A perfect 10 out of 10!",positive
This movie was a fascinating look at creole culture and society that few African Americans are aware. My own two children are by products of a paternal grandmother whose father was a member of the gens de couleur libre and a black skin woman whose parents were ex-slaves. He married outside of and against his culture and was cut off from all of his family except for one sister who took pity on her brothers plight; raising 8 children during the great depression of 1929; providing the family with food whenever she could. Of course she clandestinely aided this family fearing for her own ex-communication. My daughter was fascinated by the movie. We have made it a part of our library.,positive
"Poor Jane Austen ought to be glad she's not around to see this dreadful wreck of an adaptation. So many great Jane Austen movies have come out recently that this one deserves to be permanently buried along with two other movies I despise-The Man in the Gray Flannel Suit and the 1969 version of David Copperfield. My main beef with the movie is that it completely misses the point of the book. Jane Austen was poking fun at the Gothic mania in her society, and much of the novel is tongue in cheek. The movie, however, is serious and comes across terribly melodramatically. The lighthearted, fun-poking flavor of Austen's writing is completely and conspicuously absent from this ponderous foray iinto horror meets period drama. The scenes of Catherine's imagination are both gratuitous and uninteresting. Also, Henry Tilney is dreadfully unappealing. Why, I ask, would anyone fall for him? If you are looking for a fun-filled Jane Austen evening, watch Emma instead!",negative
"About the baby: Why wasn't big brother assuming he'd be hungry for a bottle or some nourishment or a diaper change? He should have been screaming non-stop after that many hours without care. Definitely stupid to take the baby from a safe place when he didn't need to.<br /><br />And why was the road miraculously clear whenever anyone wanted to drive somewhere? Didn't any uprooted trees fall on the roads and block them?<br /><br />I can't imagine the cops at the roadblock not immediately following after any young person who would crash it, especially when they said it was dangerous to go there.<br /><br />That being said, it was nice to have a movie children could safely watch, for a change.",negative
"I don't think a movie like this would be released today. It takes it's time to present the depth of the characters and the plot isn't full of twists and turns to keep you on the edge of your seat.<br /><br />But, what this film does have: an interesting study in how families' deal with grief. How when the language for healing and over-coming tremendous loss leaves us mute, and we rely on raw emotions instead. Grief without reason and patience is anger, even hate. And unfortunately, the lead character (a young boy who accidently shoots and kills his brother while hunting) in the film is given more than his fair share of it. He eventually leaves and moves in with his grandfather (Wilford Brimley) who makes it clear to him that it WAS an accident. I got the impression that this young man knew that in his heart, but needed to hear those words from his parents, and to receive their forgiveness.<br /><br />What I loved about this film: the lack of dialog. There was a tremendous emphasis on physical reaction, facial expressions. And the slower pace of the film allows you to really watch the reactions of the actors. Something we don't get to do alot of with today's films.<br /><br />",positive
"The show had great episodes, this is not one of them. It's not a terrible episode, it's just hard to follow up ""The man that was death."", ""All through the house"", and ""Dig that cat, he's real gone.""<br /><br />This episode is about a couple that has just been married Peggy (Ammanda Plummer) and Charles (Stephen Shellen). In the first five minutes you find out that Charles only married Peggy for her money. The two go on their honeymoon and their car breaks down on a dirt road and they have to seek refuge in an old abandon mansion. Charles soon finds out a secret of Peggy's family...<br /><br />In my opinion you should watch this episode, but just don't expect the same feeling as the rest of the episodes in the first season.",negative
"not a Larry Mcmurty masterpiece but it stands on its own as a good western, any of the lonesome doves do. who ever takes on the role of Woodrow call, does a great portrayal in their own style. It's also easy to see that they were looking to use this as a stepping stone to the t.V series (both version of it) and that the writers knew how to keep the flavor alive William Peterson was awesome in this, the geeky C.S.I guy is not the character he plays in this - this guy can do it all it seems<br /><br />it's deserve to be enjoyed by those who enjoy westerns<br /><br />4out5 stars",positive
"Of course the plot, script, and, especially casting are strong in the film. So many fine things to see. One aspect I liked especially is the idea of the antagonist--Luzhini's (Turturro's)--ex-mentor working his evil on the sidelines. His chess opponent--an Italian dandy in three piece and cane--turns out to be a real gent, and a truly fine chess player. To his credit the ""opponent"" nobly goes along with the plan at the end to complete the final game for the championship posthumously (Luzhin has taken a flyer out a window--sad, but so releasing to him)by way of the unstable genius' widow (Emily Watson.) In death, then, because of the gallantry of an honorable chess master, Luzhin's defence (which he worked out in a late moment of lucidity) is allowed to be played. The Italian gent commends the play and calls it brilliant. Talk about a dramatic ""end game!""",positive
"This depiction of forlorn Japanese forces in the Philipines is a tour de force in the utter meaninglessness of war. It is an effective representation of Japanese pacifist views after WW II. In the movie, Japanese soldiers have been left to fend for themselves in the jungles of the Philipines. Faced with impending starvation they resort to cannibalism and gradually lose what little humanity they have left. To call this film depressing would be something of an understatement. The viewer is left with an utterly despairing sense of life's lost value in modern combat. The final scene is almost too nihilistic but the film is a worthy statement none-the-less. Highly recommended.",positive
"A wonder. One of the best musicals ever. The three Busby Berkely numbers that end the movie are spectacular, but what makes this film so wonderful is the incredible non-stop patter and the natural acting of Cagney and Blondell. (Keeler is also lovely, even though she may not have been a great actress). There's a freshness in the movie that you don't see in flicks today, much less in the usually stilted 30s films, even though the plot, involving the setting up of movies prologues, is quite dated.",positive
I wasn't planning on watching wasted when I saw the MTV preview but since I had nothing better to do or watch on a Sunday night I watched it.<br /><br />Wasted was no Requiem for a Dream but it was a very good movie considering it was made by MTV. One thing that drew me to watching it was Summer Pheonix the sister of the late and wonderful River Pheonix stared. I suppose talent runs in the Pheonix family because she was good and so is Jaquien though niether are River. Nick Stahl also gives a great preformance as a junky jock. There isn't much else to say about wasted. It was a dark depressing and insightful look into the lives of three small town junkies. I recomend it to those who like the subject. 8/10,positive
"This 1974 Naschy outing is directed by Leon Klimovsky, and a cursory glance at the publicity photos and packaging might lead you to believe that this medieval romp lies somewhere between ""Inquisition"" and ""Sadomania"". Sadly not.<br /><br />This is a strictly PG affair with tame torture sequences, no nudity and little edge at all. Naschy (of whom I am a fan) struts his stuff as Gilles de Lancre, ""antiguo Mariscal de la nacion"". Sadly he is more pantomime villain than anything else. One gets the feeling with this film that we have seen him (and it) done all before. Strictly therefore for Naschy completest only.",negative
"Don't watch this film while, or soon after, eating.<br /><br />Having said that, Begotten will stick with you for the rest of your life, like it or not. Based on the nihilistic philosophy that life is nothing more than man spasming above ground (to paraphrase the title sequence/introduction), this will more than likely contain the most intense and grisly imagery you'll ever see in a film.<br /><br />There is no dialogue, only image after image describing the cycle of life. The film's combination of stark black and white photography compounded with some truly creepy background sounds work to drive home the maker's message.<br /><br />The movie begins with God (portrayed as a bandaged and obviously insane man) slicing open his torso with a straight razor and subsequently dying in his own filth. After his death, Mother Nature emerges from his corpse to impregnate herself with his blood and semen and gives birth to Man, represented by a maggot of a human convulsing on the earth.<br /><br />The landscape is a barren waste, populated by hulking shrouded humanoids who eventually happen upon Mother Nature and Man. After a slew of violent scenes depicting the rape of Nature and destruction of Man, these humanoids proceed to pound the remains of the corpses back into the ground, and the cycle of life begins anew.<br /><br />I actually rented this from Blockbuster one night, based on the cover art and hype content, but this is definitely not a Blockbuster-type film. Don't expect narrative, dialogue or any pulled punches. This is intense imagery based on a dark subject.<br /><br />I give this movie some high marks for the filmwork and audio, but I don't think I'll be watching it too often, if again. I like my movies dark and unique, but this one is exponentially more than I expected.",positive
"I used to LOVE this movie as a kid but, seeing it again 20+ years later, it actually sucks. Up The Academy might have been ahead of it's time back in 1980, but it has almost nothing to offer today! Movies like Caddyshack and Stripes hold-up much better today than this steaming dogpile. No T&A. No great jokes except for the one-liners we've all heard a million times by now.<br /><br />I recently bought the DVD in hopes that it would be the gem I remembered it being. Well, I was WAY off! The soundtrack had only 2-3 widely-recognizable hits (not the smash compilation others had mentioned) and the frequent voice-overs were terrible. The only thing that was interesting, to me, was predicting what the character's lines were before they said them. Yep, I watched this movie that much back then! <br /><br />The only reason I am writing this review is to give my two cents on why this movie should be forgotten, sorry to say. :(",negative
"I'll be honest-- the pimped out purple plane with Snoop Dogg at the helm is an amusing visual gag. It would have been a decent concept for a 30 second commercial, or maybe a 3 minute music video. But the producers have committed the age-old concept comedy sin of stretching 30 seconds of material into an hour and a half of film, and the results are predictably lame. The remainder of the 89 minutes are filled with the typical gamut of racist and sexist humor and fart jokes, offensive and-- worst of all-- painfully unfunny. The threadbare plot screams under the weight of its contrivances. Best to be avoided unless you are drunk or stoned.",negative
"The `plot' of this film contains a few holes you could drive a massive truck through, but I reckon that isn't always top priority in horror. Two elderly sisters in rural England keep their brother in the cellar since more than 30 years. Now, he escaped and started a killing spree, focusing on militaries that are homed nearby. `We only did we thought was best for him' they keep on repeating and  strangely  all the army officers love these women and don't doubt their sincerity, even though 5 of their men died. I don't know whether to find the revelation near the end suspenseful  or tedious! In a way, this film reminded me about `Arsenic and Old Lace'. In that black-comedy classic, two half-insane siblings mother their goofy younger brother as well, yet they do the killing there. The old ladies in `The Beast in the Cellar' are by no means less crazy, though. The `horror' in this early 70's film is very amateurish and cheap, but there are a few neat attempts to build up the tension. Too many `old-ladies' talk about the good ol' days, though and that rarely is something you seek in a horror film with such an appealing title. Flora Robson, who may be recognized by classic film buffs, plays one of the sisters. She gave image to the Queen of England is the legendary Errol Flynn swashbuckler film, the Sea Hawk.",negative
"For a low budget project, the Film was a success. The story is interesting, and the actors were convincing. Eva Longoria, who now stars on the TV Show ""Dragnet,"" is sexier than ever. The locations were ideal for the ganster plot, and the director shows his talent by taking on many roles for his project. Of course this low budget film could use better editing transitions and more special effects for the gun scenes, but the music keeps this script moving. Although this film has it's share of problems, such as continuity, I must say that I would rent the director's next movie. If your a film student, you could learn a few things from the director's commentary.",positive
"Okay, it was very good...but Best Picture? Please, not even close. Munich was better, Capote was much better, Good Night and Good Luck was much better...Brokeback Mountain - well, that should have won! The Academy voters seem to act like the current day Democrats - please just a little of everyone, but don't dare take any concrete positions. That's why we have a complete moron in office in the US.<br /><br />This has been the WORST AA presentation ... and forget 1987 ... since way before that. Hollywood is so afraid of it's bottom line, that it can't be set ""straight"". Many voters apparently didn't even see Brokeback Mountain. Get real and get with it.<br /><br />This was the most pathetic year since I have been watching in the mid- 60's and I was only two.<br /><br />Wake up, whoever you are. Hollywood IS mainstream, and that's what happened to the Box Office in 2005. King Kong, the last Star Wars film, another Batman film, a re-make or whatever of Charlie and The Chocolate Factory, and much more to come in 2006.<br /><br />At least there were original best pictures, i.e. Munich, but heard that one before, Capote - great; Katherine Keener should have won, even though now we know Reese can sing like a Cash/Carter, etc., Syriana was a much better picture than Crash. That film has been done, since the early 1960's and we have to make that the best film? What a horrible Oscar night and a horrible year to end with in 2005 and another boring year in 2006. At least the BAFTA for best picture went to Brokeback, and what about the horrible song that won? Pathetic. I think we only have about 20 years left as America or the USA, before someone comes in and changes up things a bit. Maybe it will be China since they own so much of this country ... or India, because they have all the high-tech jobs and are the largest democratic country in the entire world.<br /><br />America has become the land of the fat, the pathetic, and the stupid. Trash can be found in more places than Florida, West Virgina, South Dakota, and in the mid-West.<br /><br />Drive-through a local McDonald's or Burger King for goodness sake. Order all you want until you get a heart attack. Put yourself out of your misery.",negative
"It's funny... one day before i have seen this movie i had been watching a documentary about Leni Riefenstahl, so comparison kind of came automatically... of course there isn't any :)<br /><br /> This movie is weak in every aspect... acting is not convincing (especially the one who plays Simona...) and unnatural..., editing in confused and always leaves a taste of unfinished shot, music doesn't fit, the story doesn't flow, it gets boring and the movie comes out much longer as it is... oh, and the characters aren't very well shown, you actually can't tell much about the girls (except what you see)... The movie also tries to shock with explicit cursing (which is very laughable :)<br /><br />So... 2/10",negative
"Anyone who thinks Kool Moe Dee, Carol Alt, and Corey Feldman comprise a list of good actors must be smoking something I'd love to try sometime. Where to begin: lousy soundtrack, hammy acting, ""action"" in places. This is the typical amateurishly written hack fodder that washed-up has-been and never-was's love to star in. I actually felt embarrassed for the ""stars"" in this ""film"". The only thespian missing to top this turd was Gary Coleman, who if he would have been in the movie, would have made it at least somewhat howlingly bad, rather than just plain bad.<br /><br />There was one part in the film where Carol Alt screamed, ""DO YOU THINK I'M AN IDIOT?!?"" Yes, Carol, I do, your agent does, and PLEASE for the love of all that is decent and holy... GO AWAY and stop degrading yourself like this! This film is something Anna Nicole Smith would take part in.<br /><br />I would tell you what the plot was, but that would be one more sentence fragment to this article, plus my mind drifted many times during the movie anyway, so I barely paid attention.",negative
"Watching The Tenants has been a interesting experience for me. It is the first film I have ever seen where I have shuttled at speed through parts of the (non)action - and I can normally watch anything from turgid action movies to Serbo-Croat indie and find them fascinating.<br /><br />The Tenants is frustratingly sluggish and over-orchestrated. One of the main problems of the script is there is little realistic character dialogue, apart from the set pieces where characters 'collide' in a very structured setting (to make this work, the film needed to feel more conceptual, which it didn't). This leads to a lack of realistic character development; everyone seems two-dimensional.<br /><br />The worse for this is the character of Bill Spear, aka Snoop Dogg. I found his characterization very uncomfortable and very unsympathetic. At one point, I even stopped the film because I got so annoyed by the character's aggressive, violent and monotonal delivery, the lack of any other personality layer apart from that of the reactionary ""on"" switch (which gets really predictable after a while) and I so desperately wanted him to have some redeeming qualities. However, one reason for this jar might be the nebulous time scape of the film (supposedly 70s, it feels and looks more early noughties). If it had been more securely fixed in the 70s, his character might have seemed more understandable.<br /><br />The lighting of the film was also awkward. All the way through, the soundtrack attempts to provide a certain gritty, jazz-infused atmosphere that just did not come off, largely because the set was too well-lit.<br /><br />The Tenants, to me, is an unbelievable film. It doesn't depict real people or propose any interesting ways of thinking about race, identity or the life of a writer, be they white or black.<br /><br />Strangely, I came away with the feeling that this project needed David Lynch; his eerie, clastrophobic and obsessive look and feel would have lifted both the actors and the script into something quite remarkable.",negative
"Possibly the worst film within the genre in existence. It was announced as a comedy, but is simply tragically pathetic. I don't think anyone could have achieved anything more terrible and irritating if they were specifically requested to. It is toilet humour at its very poorest, I would avoid even watching the trailer. I only went to see it because it was announced that if you like Monty Python, you are bound to love this. Whoever wrote that was either biased or seriously deranged. I am still bewildered how one can honestly believe such a statement. Rarely do I leave the cinema, really it takes a lot of effort for a film to have that effect on me: this one did it in just 30 minutes.",negative
"1st watched 5/17/2002 - 3 out of 10(Dir-Ewald Andre Dupont): Fairly lame account of the Titanic disaster is the first filmed version of this much-heralded event. The replication of the disaster is not bad, but the drama around it is at some times silly, badly acted and way-too soap opera-like. The story is very much the same as the most recent Oscar-winning one except that we are shown how the crew tried to hide the actual disaster that was occurring until almost too late. Good for nostalgia purposes only and to get a feel for what James Cameron was competing against(barely) in his recreation.",negative
"Why bother to see this movie? It probably rates an award for being the worst career move of a major movie star since Clark Gable's laughable playing of an Irish patriot in Parnell.<br /><br />It's inconceivable that Bergman would choose both this movie and its director over a lucrative Hollywood career where she could choose among the finest scripts and directors being offered at that time. To begin with, there was no script to work with except a few notes. Then we are supposed to believe the polished Bergman as a poor refugee willing to do anything to be released from a refugee camp, including marriage to a poor Italian fisherman she doesn't even love. I read where Anna Magnani was the original choice for this part. If so, that made a lot more sense than to cast the luminous Bergman in such a proletarian part. But since she was in love with her director, common sense flew out the window.<br /><br />So she goes to live in this poor village where the men must toil to extract a meager living from the sea. A place she obviously hates to be and where she doesn't fit in.<br /><br />Her only friend is the village priest who knows she's not suited to the life of a poor fisherman's bride, but tells her that for the sake of love she must repress her true feelings of revulsion, and accept the poverty and despair she encounters each day. On top of all of this, there's this volcano always on the brink of erupting and drowning them all in hot lava. But like a true heroine, Bergman revolts against her misery by declaring war on just about everyone else in this dreary film. She even goes as far as trying to seduce the village priest, in a scene that would generate laughter if it were not so pathetic. Since her poor slob of a husband must lock her in a room to keep her from running away, she's forced to use her body to bribe a married man to take her off the island. To her, no sacrifice is too great; no man unapproachable if he is willing to help her to escape the island and her misery. I won't bother to tell you how this all ends. The no-script movie ending is as plausible as the rest of STROMBOLI. I even remember (from seeing it on late night TV) that it had two different endings! So be warned if you should feel brave enough to sit through this king-size turkey and catch the miscast Bergman. It led to her downfall in Hollywood for the next seven years and she was condemned for sleeping with her director while still married to Peter Lindstrom. None of the movies she made with this director(whom she later married) are noteworthy except as proof of a career gone berserk. I kid you not. It's pretty embarrassing.<br /><br />- - SoundTrack",negative
"THE MAN IN THE WHITE SUIT, like I'M ALL RIGHT JACK, takes a dim view of both labor and capital. Alec Guinness is a scientific genius - but an eccentric one (he has never gotten his university degree due to an...err...accident in a college laboratory). He manages to push himself into various industrial labs in the textile industry. When the film begins he is in Michael Gough's company, and Gough (in a memorable moment) is trying to impress his would-be father-in-law (Cecil Parker) by showing him the ship-shape firm he runs. While having lunch with Parker and Parker's daughter (Joan Greenwood), Gough gets a message regarding some problems about the lab's unexpectedly large budget problems. He reads the huge expenditures (due to Guinness's experiments), and chokes on his coffee.<br /><br />Guinness goes on to work at Parker's firm, and repeats the same tricks he did with Gough - but Parker discovers it too. Greenwood has discovered what Guinness is working on, and convinces Parker to continue the experiments (but now legally). The result: Guinness and his assistant has apparently figured out how to make an artificial fiber that can constantly change the electronic bonds within it's molecular structure so that (for all intents and purposes) the fiber will remain in tact for good. Any textile made from it will never fade, get dirty, or wear out - it will last forever.<br /><br />Guinness has support from a female shop steward, but not her chief. He sees Guinness as selling out to the rich. But when he explains to them what he's done, they turn against him. If everyone has clothes that will last forever then they will not need new clothes! Soon Parkers' fellow textile tycoons (led by Gough, Ernest Theisinger - in a wonderful performance, and Howard Marion-Crawford) are equally panic stricken by what may end their businesses. They seek to suppress the invention. With only Greenwood in his corner (although Parker sort of sympathizes with him), Guinness tries to get the news of his discovery to the public.<br /><br />In the end, Guinness is defeated by science as well as greed. But he ends the film seeing the error in his calculations, and we guess that one day he may still pull off his discovery after all.<br /><br />It's a brilliant comedy. But is the argument for suppression valid? At one point the difficulties of making the textile are shown (you have to heat the threads to a high temperature to actually enable the ends of the material to be united. There is nothing that shows the cloth will stretch if the owner gets fat (or contract if the owner gets thin). Are we to believe that people only would want one set of clothing for ever? What happened to fashion changes and new styles? And the cloth is only made in the color white (making Guinness look like a white knight). We are told that color dye would have to be added earlier in the process. Wouldn't that have an effect on the chemical reactions that maintain the structure of the textile? <br /><br />Alas this is not a science paper, but a film about the hypocrisies of labor and capital in modern industry. As such it is brilliant. But those questions I mention keep bothering me about the validity of suppressing Guinness' invention",positive
"lovely. i just love the movie. i want to see this movie because Rupert Grint is a fantastic actor. his expressions are great, spectacular. the movie was excellent. Julie Walters it was perfect too. I think that Rupert is the only boy with red hair that i love. Rupert have a beautiful smile, a beautiful voice. and a wonderful accent. i think that the movie was great and was great see Rupert in another thing but harry potter. and its a very good actor, so it deserves that and more. he just have a golden globe but probably it deserves an Oscar academy award. there are some actors that do not act very well but have a Oscar anyway. it does not matter. but he is perfect, brilliant and beautiful",positive
"Still haven't read a single Dan Brown book, but I watched all his movies adaptations. I won't fall into the game to rate this one with the previous because the scope isn't really the same: actually, this one is a thriller, a race against time filled with puzzles.<br /><br />The plot is very twisted, imaginative and the cast is excellent: I never been a great fan of Hanks but he delivers well. I noticed his jeans shirt (the one spilled with blood) because I search for one like this in vain! The Italian searcher is a brilliant newcomer for me but I really applauded Ewan MacGregor portrayal: his inner faith and calm is really impressive.<br /><br />I really like the debate between science and religion. The action taking place in the Vatican, it felt like vacation. At last, I am not sure it helps to add new converts into Christianism. With all the gold and man presence displayed, any one would ask what charity means and why women are so dismissed of the church life whereas they stand for half or more the believers.",positive
"So I'm looking to rent a DVD and I come across this movie called 'End Game'. It stars James Woods and Cuba Gooding JR and has the synopsis of a taught political thriller. Well worth a look then. Or so I thought.<br /><br />Boy, was I wrong.<br /><br />End Game has just about the most ridiculous plot I have ever had the displeasure of enduring. Now being something of a whodunnit, I can't really tear into it as I would like without 'ruining' it for those who have yet to experience this monstrosity. But questions such as 'Why has he/she/they done this?', and 'Where on earth did they get the resources to pull this off?' are all too abundant following the film's unintentionally hilarious conclusion.<br /><br />As for the acting - you know those films where you can almost feel that an actor's realised that they've made a terrible mistake in signing on for a movie, and this then shows in their performance? This is one of those. Accompany this with a laughable script and seriously flawed, irritating direction and you have the recipe for cinematic poison.<br /><br />Of course, this didn't make it to the cinema, and for the same reason you should not allow it into your living room; it is appalling.",negative
"Italy produced a lot of really great and original horror films in the 1960's - and this is certainly one of them! The first thing you will notice about Danse Macabre is the style of the film. Shot in beautiful black and white, and due to director Antonio Margheriti's use of lighting; the film almost looks like it could be a German expressionistic horror film. This, coupled with the horror-filled plot line ensures that Danse Macabre is a film that truly captures the essence of horror. Of course, the fact that the beautiful Barbara Steele appears in the film doesn't harm matters - and the good news continues as, in this film, she gets to flex her acting muscles more than she did in the films that made her famous. The plot is very aware of the time in which this was released, and so incorporates the great Edgar Allen Poe. We follow Alan Foster, a writer who accepts a bet from Poe himself and Lord Blackwood that he can't spend an entire night in the latter's creepy old castle. Everyone that has spent the night there previously has died...and our hero is about to meet the previous wager-takers! <br /><br />Nowadays, horror films don't tend to focus so much on each shot and the result is that there isn't much beauty left in the genre. It is refreshing, therefore, to see this film. Many of the shots here are incredibly beautiful - from the female side of the couple wearing just a see-through skirt, to my personal favourite - a shot of smoke creeping in from under a door. This my first Antonio Margheriti film, and even after seeing just this one; it's obvious that he was one of Italy's premier directors. Also interesting is the fact that screenplay was co-written by another of the Italian greats; Django creator Sergio Corbucci. The plot can meander a little too much at times, but there's always enough atmosphere on hand to make sure that the film never becomes boring - and the fact that it is always intriguing, even when the plot slows down, ensures the same thing. The way that Danse Macabre utilises the 'haunted house' theme is both well done and original, and helps to keep the story as eerie as possible. On the whole, fans of Italian and/or cult cinema will not want to miss this little gem!",positive
"This movie isn't about football at all. It's about Jesus/GOD!! It's the same kind of sappy sanctimonious religious drivel you get from those arch idiots who wrestle for Jesus, or pump iron for Jesus. Yeah, Jesus was totally buffed, liked contact sports, and definitely owned a full set of dumb bells. DUHHH! This movie should have been entitled ""Hiking for Jesus,"" or something along those lines just to let the general public know that the real intent of this movie is to convert people to Christianity, and to pander to those whose brains have already been thoroughly washed in the blood of the lamb. That the title is derived from the Bible is made clear when the head coach is reading his Bible and asking Jesus for help. The recent sports movie ""Invincible"" was 100 times more inspiring than this was, and Jesus wasn't even a factor. It was just the desire and determination of an individual with a dream.<br /><br />Any broad appeal as an inspirational sports movie is ultimately lost amidst all of the blatant Bible thumping and sanctimonious religious propaganda. One gets the impression that the sole message is the only way you can succeed and make positive gain is if you accept Jesus as your personal savior. But this is simply not true, and is therefore a lie being perpetuated by those who believe that it is true and want everyone else to believe it. The image of the winning athlete thanking Jesus when he wins comes directly to mind. What does he do when he loses? Does he curse Jesus? Of course not! When he loses Jesus isn't responsible. Jesus is only responsible when he wins. And the logic goes round and round and round, and it ends up exactly where the true believer needs it to be, every time!! I had to hit pause when the scene with the coach receiving a brand new truck came on so I could stop rolling on the floor laughing my ass off and catch my breath. Materialism is not what Jesus taught. I find it odd that most so called ""Christians"" seem to either forget or ignore this message from their ""savior,"" especially when I see a Jesus fish on the back of a huge gas guzzling SUV that passes me like I'm standing still.<br /><br />Another message this movie implies is that Jesus apparently cares more about the win loss record of a mediocre high school football team that he does about the millions of starving children in the world. The final scene where the insecure and unsure kicker boots a 51 yard field goal and it is hyped up as an unbelievably incredible miracle puts the final gag me with a spoon religious red flag on this turkey. I only gave it three stars because the guy who played the black coach could actually act.",negative
"No more corned beef and cabbage for her!<br /><br />This little romantic comedy clips along from scene to scene with a few exotic twists (some imaginary scenes and a costume party). All of this is centered around the wife of the husband(s) who is looking to break out of the doldrums, played by Gloria Swanson (she is twenty here!). Both the leading men have a natural air that is convincing and of course Swanson is perfect in all kinds of moods, from frivolous to worried to hopeful. <br /><br />Behind all the games and apparent lightheartedness is that old serious problem of staying in love and not straying in love. There's a little corniness, but director DeMille is on top of keeping it snappy and believable in all. As with many films from this period, the subtitles do not just tell what they are saying (or thinking) but often give a kind of philosophical insight, as if to justify the tragedy (or raciness). And there is that higher purpose here, probably better without the instructional text, but it's part of the narrative style, and it's kind of quaint. <br /><br />If you are looking for visual or formal amazement, you won't find it here. But as a story, well acted, and filmed with precision and economy, it's really a great example. The events might not come as a total surprise, but it's such a modern love story, set almost a hundred years ago, it's a gas. And did I saw Swanson was perfect?",positive
"Jim Carrey is one of the funniest and most gifted comedians in film today. With his hyperactive spontaneity and his rubber face he can just go crazy, and we love him for it. He has the ability to make mediocre comedies (ala Ace Ventura), and turn them into decent comedic outings. Or, in the case of 'Liar Liar', make them some of the most hilarious contemporary comedies around. Carrey has also proven himself capable of tackling dramas. He was excellent in both 'Man on the Moon' and 'The Truman Show.' The guy is remarkable.<br /><br />Then comes 'Bruce Almighty,' an ideal vehicle for Carrey, and a premise that should have worked; Carrey, after complaining about God and how his life stinks, is enabled with God's powers. However, the script is pure recycled garbage. Now, no matter how bad a script is, Carrey's improvisation alone sometimes makes an unfunny scene funny. The problem is that there are very few opportunities for Carrey to be unleashed because so much of the comedy relies on silly special effects, only some of which are amusing. Carrey is rarely able to improvise because he has to work around the special effects. The writers apparently thought that all these special effects and superpower sequences were funny, because the rest of the movie is simply filler giving Carrey nothing else to work with besides a whiny character who is absolutely humorless. He seems more like a 5-year yearning for our attention, wanting the viewer to find what he is doing funny, when it's really just annoying.<br /><br />I have always enjoyed Jennifer Aniston on 'Friends' and she was superb in last year's 'The Good Girl.' She too has a gift for comedy, but with the script as linear as it is, she is simply given the part of the bitter girlfriend. She comes across as nagging, grumpy, and there is no chemistry between the two stars.<br /><br />'Bruce Almighty' should have been a comedy that works. But it doesn't even have the guts to tackle the subject matter that it's making fun of; religion. A few minor giggles (his internet is Yehweh), but instead it's just turned into a comedic superpower comedy. Not to mention that it's tone shifts from silly to heavy-handed, and even black comedy at times. The movie fails on nearly every level. That's not to see it is entirely devoid of laughs, but it's close. Any movie that feels the need to incorporate scenes of a dog peeing to get it's laughs has problems. But hey, if you find pee jokes funny, go for it.<br /><br />",negative
"My mother forced me to watch this movie with her. She apparently will watch anything with a vampire counsel in it. I was bored throughout.<br /><br />At different points, Underworld: Rise Of The Lycans is reminiscent of Spartacus, Battle For The Planet Of The Apes, The Passion Of The Christ, and Mandingo! What it reminds me most of are those Italian sword and sandal pictures of the nineteen-sixties (not the good ones) that spend an inordinate amount of time showing Greek or Roman despots in robes talking and plotting incessantly while you wait impatiently for the muscle man hero and his lover, usually the despots daughter, to do something.<br /><br />This film was in desperate need of some color and suspense. The characters were pretty two-dimensional.<br /><br />The sets looked as if they were constructed entirely of pewter! I wonder how many Civil War Chess Sets were melted down to make this movie.<br /><br />All those wearing fishnet stockings on your arms and black lipstick, feel free to click NO.",negative
"Interesting topic. Pathetic delivery - script and direction. <br /><br />Our hero, Miles, thaws out and has his emergency world-first life restoration surgery. This is where the fun begins. The underlying issue is that Miles has NO SOUL!!! This is used to explain his quasi-erratic behaviour of being indirectly responsible for two deaths (I believe this to be the total number of deaths in 104 minutes). <br /><br />On the livlier side, Miles prefers the odd glass of brandy, blazing fireplaces and his young, maturing female cousin. The finale does indeed do justice to this film.<br /><br />Some thoughts: 1. Producer $$$ were parted with to create this tripe. J.D. Feigelson was the script writer and a (or sole) producer. Looks like he did not learn a lesson on ""how not to bring an interesting idea to life"" when one views his other writing credits. This will support the credibility of this script.<br /><br />2. Now available on DVD!!! This IS truly scary. Should be forever ""Bottom of the Shelf"" in VHS format.<br /><br />3. A re-incarnated human without a soul will default to an evil entity. <br /><br />4. The score offers minimal support. Not even an in-form Jerry Goldsmith could save it.<br /><br />5. Deserved the 0230 time slot on TV and a touch more entertaining than the infomercials + test patterns it was competing against at the time of my viewing.<br /><br />6. Thankfully did not spawn any sequels ala Wes Craven's ""Nightmare"" franchise. Chiller Too: The Return Return of Miles, or something like that.<br /><br />Despite my rating of 1, I still recommend this movie as a great example of how to kill an acting or script-writing career. This should apply to directing, however Wes Craven will eternally be exempt due to his sole good piece of ""A Nightmare on Elm Street"" 1984.",negative
"""This Man's Navy"" is, as other comments have indicated, a rare and well-filmed look at Navy lighter than air (LTA) activities. The LTA crews were justly proud that the convoys they shadowed never lost a ship to submarine attack. And the filming at the various NAS locations give a valuable glimpse at a type of aviation that is long gone. However, the first half of the movie is all about Beery, his relationship with his service pals, and him meeting the Tom Drake character and his mother, and getting Drake's leg fixed. Only then does the second film start. The second film is mostly LTAs in action, taking on a surfaced sub, guys get killed and much damage is caused. The look is fairly gritty and realistic, I imagine. Then we shift to Southeast Asia. Did the Navy have LTAs there? Never mind, this part is really wild, with a blimp being used to extract some downed aircrew from the jungle. And the Japs are shooting like mad. Shades of Vietnam, except the getaway is oh, so leisurely. This is a blimp we're talking about. In the end, a feel-good WWII drama about a very unusual part of the war.",positive
<br /><br />Robot jox is a great little film ok some of the sets are bad and the acting is not that great but the special effects are very good for a film of this size and age. You have to remember that this film is over 10 years old now and was made very cheaply in the 1st place so you cant moan to much about the bad parts. So just sit back and watch a cool film with great big robots in it.,positive
I can't get over how lazy the director is with this movie. Instead of setting up scenes in a creative way he relies on boring old zombie clichés.<br /><br />Where the two unarmed leads have to get down the college steps into the van he surrounds them with zombies yet neither of the leads is bitten. He can't be bothered to direct a decent fight scene so we see the leads shove their way down the steps.<br /><br />Sometimes the zombies limp about and at others they run like the wind. This is really convenient for the director because he can set up anything he likes without bothering with continuity in the behaviour of the zombies.<br /><br />With careful planning and a lot more inspiration this movie could have been so much better.,negative
"or: It's a bird ? It's a plane ? No, look... It's a disaster ! or: No need to look up in the sky.<br /><br />or: (... OK, that's enough.) If singer tried to make a romantic titanic like movie to crash the box office record, he failed. The SR structure can't do this, the dark and restricted color scheme (I would call it ""wishi-washi""), the boring usual dialogs, the clown with advanced alien technology, the missing fun and magic, etc. makes the movie completely disappointing.<br /><br />It simply doesn't work.<br /><br />The main thing at a character like superman is, that he is a superhero. That's the core, the most important thing.<br /><br />Love trouble and a sadly lost depressive Supersoftie can maximal only be a facet in a 2:40 long Superman movie, not the whole time.<br /><br />Because then it is not a superman or superhero movie anymore. It's like a (and in this case a very bad and boring) social study, where every 30 minutes a person flies around.<br /><br />That's a big difference.<br /><br />This movie is a joke. Holy skywalker, this is Superman, so give us Supervillains, Superaction and the most important thing, Superfun.<br /><br />We want ENTERTAINMENT ! Singer, if you want to make a 2:40 long soul love trouble drama about lost and sadly people ? Then take normal human characters and make a yentl remake.<br /><br />They say: Superman returns. And then, supersadlysoftie stands in the door.<br /><br />Maybe singer has tried to kill the legend without kryptonite, but one bad movie can't do this. Don't give up, they plan a sequel...<br /><br />Next time singer (and Warner Brothers), make a superhero movie, not a depressive superlame soap, or let it be. A superhero movie means a colorful fantasy with a lot of fun and magic.<br /><br />This movie is like a very cheap chocolate box with a super cover. Yes, technically there are all sorts in, yes, there is a lot of small talks, there are a few jokes, a view action scenes, etc, but the only one what all these worse pieces have in common is their poor quality.<br /><br />It's not more than a super boring patchwork and one of the worst movies I have ever seen in my live.<br /><br />The ridiculous cast strategy (Cast them young as possible, so we can make sequels in the next 25 years) gives the rest. Kate Bosworth plays a 22 year old star reporter, she's looking like 19. Superman was full five years away, so he slept with her 6 years ago, so she was 16, (looking like 13) and a daily planet reporter, wroting ""I spend a night with superman"". Warner Brothers, that's too much.<br /><br />Routh is not so bad, he is playing a little bit wooden, but the whole movie is wooden, so... ?! Temporary good were marsden and sometimes posey. The rest, forget it. Even spacey, this is not his terrain.<br /><br />Reeve/Hackman/Kidder were acting so easy, with fun. What a difference.<br /><br />The Jesus poses at the end are ridiculous too. What the hell should that be ? The problem here is, they mean this serious, not as a joke. Next time Spiderman or Batman or Ironman falls and rises like Jesus or angels ? Or they speak with god directly. Why not ? They are superheroes, saving human lives every day. So at least one talk with god every week should be possible... Oh my god.<br /><br />Maybe this was not the real announced movie, instead it is from a bizarre dull parallel universe.<br /><br />For the warner brothers this superlame depressive flick will be possibly the greatest disaster in history. Not only because of the money.<br /><br />I understand how difficult it (maybe) was to create and transport some messages or feelings, but showing lone, lost and sadly people isn't new and thousands of movies or TV-Shows did it better, in very old or new ones like magnolia. And the flying frogs there were more impressive than this flying superwoman, sorry, superman of course.<br /><br />Singer and WB, that's simply nothing. In fact it's even more than nothing, it's like a black hole that destroys the passion for (comic/superhero) movies and steals us three hours of our life.<br /><br />Mrs. Smilla's little brother. (Very angry and green like the hulk.)",negative
"Who were they kidding with this? There was just too much in this film that was hard to digest. Right from when Arjun (Ajay Devgan) unknowingly wishes death on his father to when he arrives in London with his uncle(played by Om Puri) only to abandon him minutes later. The only problem with that theory is that anybody who has ever passed through London Heathrow knows that such a fête would be impossible to pull off and especially not by an Indian. But the film problems do not end there, there's the issue of the two main leads (Salman Khan and Ajay Devgan) passing as rock-stars on the verge of achieving their dreams. I mean yeah we saw success come to Susan Boyle (a woman in the UK achieving her dreams after age 50) but that was a rare case. It was really hard for me to suspend my disbelief because I felt that the casting of Salman and Ajay was just ill-conceived. They would never cast Madhuri Dixit and Sridevi to play the same roles so why should we be forced to watch Ajay Devgan and Salman Khan (men well into their 40s) prance around desperately trying to hang on to their 20s? Let's not even talk about the most self-conscious actress on screen today, Asin. This is her second film (that I have seen) and she is just hopeless as an actress, so conscious of her looks that she only concerns herself with looking good and voguing for the camera rather than giving in a good acting performance. It's just hard to believe that she turned down all those other movie roles to star in this fluff and then be so fluffy as an actress, nothing to write home about at all. And to top all of that, the film just boringly dragged on. There's nothing special about it at all, trust me you will predict every clichéd thing that is going to happen in it.",negative
"Blue ribbon banners, stars and stripes forever, decorated generals, and unconditional surrender from the enemies which required tons and tons of radiation, this was the summon substance of the United States victory in World War II!! The celebration on Times Square as well as everywhere else in the United States suggests a national zenith!!! America is on top right!! one thing, one agonizing and painstakingly perverse thing..The period of adjustment!!..The actual celebration ended when the bottle of champagne was finished..Now everyone needs to get on with their lives...only one problem though...they have to get new lives...the old lives are gone forever...Polite and pleasant smiles had a fragile facade with a longevity of ice cubes in boiling water!! Everyone of the characters in the movie is paraded by primal doubts, and unable to masquerade a pretense about how nothing was seriously wrong, for the simple reason that it was not true!!! Once sergeants, and generals, and their wives, and daughters, and sons and virtually all other Americans touched by World War II, were exposed to disabilities, nightmares and recriminations of World War II and what it really accomplished as well as negated, nobody was the same!! For now, social and moral issues had a self serving interest...Frederick March and Myrna Loy had to start over!! Dana Andrews realized that he should never have been married to Virginia Mayo in the first place!!! Theresa Wright has become painfully aware of the fact that she is constructively selfish!! Las but not least, the character, Homer, is about to get married and he thinks that everyone around him is as devastated by his injury as he is, basically in the sense that they are unable or unwilling to cope!!<br /><br />The reason this film is so fabulous is because a happy ending was attained the hard way, once everybody recognized the new beginning of the new United States and the new world overall, tragedy from WWII was recognized, and things that were emotionally torn asunder were taken in stride, and dealt with accordingly!! Frederick March and Myrna Loy need to go back to chapter one in their marriage, Homer has apprised his new bride as to what it takes to be married to him (i.e. half the times, she will feel like a nurse) and Thresa Wright's involvement with Dana Andrews means that her entrance into adulthood has resulted in partial responsibility for breaking up a marriage...This is tantamount to learning how to drive a car to get your driver's license at the Indianapolis 500...The characters in the movie are the typical post WWII Americans in that they are stalemated by the rude awakening of coercive changes to their lives...Happiness no longer is afforded the luxury of the adjective cop-aesthetic...it is now about formidable conditions, and good winning out over evil by way of the less ugly choice!!...World War II did not just happen!! It will henceforth dominate the social patterns of American living!!!<br /><br />The aggregate catastrophe of World War II has mirrored most Americans' feelings of personal human inadequacy as well!!I loved this film and so did AFI, probably for the reason that it brought out issues that were at one time unjustifiably taboo!!..Bottom line, see this movie!! Nightmares about combat, dilemmas about marital unhappiness and/or readjustment, coping with your life when stricken-ed by a disability and just basically acting human are portrayed constantly in movies and television today, HOWEVER!! this is 1946!! Very new to Americans then....REMEMBER THAT!! Director William Wyler has illustrated how Americans feel about the aftermath of WWII in the days when the movie industry has left him with one hand tied behind his back!!! Take that into account and you will probably realize just how sensational this movie really was!!",positive
"Admittedly, Parsifal is not an opera that can appeal to everyone, although it is a favourite of mine, Knappertsbusch, 1951, in particular. Syberberg's entire approach is so static. Whenever the music suddenly begins to swell ... Syberberg keeps the cast moving at the same pace. The takes on Amfortas and Klingsor are endless. Whatever happened to film editing? The result is physically exhausting to watch. The viewer is never spiritually transported. Your impulse is to rush home and play a recording again to confirm that Wagner got it right, Syberberg got it wrong. And that set decoration with those ""clever"" reminders of Wagner's anti-Semitism -- will there ever be a viewer of this film with no prior knowledge of Wagner?",negative
"As the film opens, two thugs kill another thug. When the body is discovered and about to be autopsied, the doctor realizes that although the man was shot dead, he was also suffering from the Pneumonic plague--a very nasty and more virulent version of the Bubonic plague! So, it's a race against time to find those who came in contact with the dead man and treat them immediately, otherwise a disaster could erupt.<br /><br />Oddly, I actually know quite a bit about the Pneumonic plague, as I taught a series of lectures on it for my history classes. The film really did not do a good job of getting the facts right about the disease in that it looked little like what the people had in the movie. The biggest problem is that this illness is so incredibly grotesque that in 1950 they really wouldn't have been allowed to show it. Sure, there is high fever and coughing (they got this right) but also lots of bleeding and explosive vomiting of blackened blood--along with the enormously swollen lymph nodes like you'd get with the Bubonic plague--all purply and gross! I can certainly understand why they didn't go this far. Also, I am sure that the federal government would have had a much, much greater involvement in controlling and treating the disease--here in the film it was handled on a very local level and everyone seemed ill-prepared and a bit dumb. No one seemed willing to believe the doctors!! As for the acting, the film had some excellent actors here. Richard Widmark and Paul Douglas are, respectively, the public health doctor and police chief. Good actors but also known actors back in 1950. However, in his first film is the very menacing Jack Palance (still going by his original moniker, 'Walter Jack Palance') as well as the relatively unknown (at the time) Zero Mostel. Palance was great--very scary and very physically adept in his own stunts. Mostel played a heavy typical of his early work--a greasy and cowardly sort of evil.<br /><br />Overall, despite really not getting the details right and wrapping everything up a little too neatly, the film is very tense and has excellent acting--and is well worth seeing.",positive
"This movie could have had a lot of potential. Certainly with today's technology, one would expect real special effects. But movies are not made with special effects alone, of course acting is needed. This film lacked both!<br /><br />First, let me say to those who are upset with this not following the bible: why can't a movie take artistic license? If you want to know about the story of Moses, read the bible. I have seen very few movies that follow a true story fact by fact. Look at of movie from its artistic quailities.<br /><br />In viewing this movie, you will inevitably compare it to the 1956 version. It fails miserably in that. Heston and Brenner had PRESENCE. They became their roles. You don't see this here.<br /><br />Even if you don't compare, standing on it's own, this movie to too rushed. Parts where a scene should be developed, it does not. It becomes boring.<br /><br />My advice: skip this and watch the other. As campy as the other is, it's far and away the better movie.",negative
"Johny To makes here one of his best style exercises, making a strong film with a good Yakuza's story. The election of the new Yakuza's boss is the beginning of a war inside the organization.<br /><br />In my opinion the violence is wise used in the context, making a very strong gangs film. I specially love the way he tells the history, moving around all the roles inside the Yakuza's family, and making that we see the violence, like the only way they have to solve their problems...<br /><br />Talking about, the technical aspects, the film is a good example of paused, rythmic and planified way of shooting a film. One of the Hong Kong Films of the year. Is like Infernal affairs, but without the easy action-violence scenes, and the confused storyline. Strongly recommended to all Asian films lovers.<br /><br />(sorry for my English, better do in Spanish lol)",positive
"I wanted to watch this, to get a inside look at the show. It told the story more of Robin Williams, then Mork & Mindy. Still, thought it was great. We got to see, Robin always being 'on', no matter what. The performance of Diamontopolous was awesome.<br /><br />The introductions of the main players, seem so real to me. Roebuck as Garry Marshall was wonderful. He was so charming in this, which helped me get through all the Williams energy. The little behind the scenes pieces of his other shows (Happy Days, and Laverne & Shirley), was enlightening. I also thought Richmond-Peck's Harvey was also a nice rock in the pond. (This is a good thing).<br /><br />This movie told the age old story of Hollywood folks, going through the ups and downs of stardom. It kept me glued to my TV, and I learned to love Robin, well hell, mostly everybody seem to be the super people I sometimes think Hollywood is. Go figure.<br /><br />I sometimes wonder why the network people are always played to be idiots. We never saw the head of ABC. Just heard him, like Charlie from Charlie Angels (I wonder if this way planed?). It seems so sad, that a show at number 1, could be so destroy by their own network.<br /><br />I think this story could be told about anyone's life, as they climb the ladder of any job. Movie, and TV stars are always loved or hated by so many people, that you grew up with, you just want to reach back in their past, to remember your own past. I Remember watching the show, and always wondering what does happen in their personal lives.<br /><br />Mork and Mindy, will always be part of me, and I got to see part of them. It may not all be the truth, it's also all not a lie, but in the end, it told me a wonderful sad, happy story.",positive
"A ridiculous comedy given an arms-flailing direction. I love one of the comments here: ""Couldn't be made today"". Well, neither could ""The Philadelphia Story"" without a car chase or two. Nonetheless, does that mean the picture is worse for the wear for being old-fashioned? I don't think ""Susan Slept Here"" was good for any generation and it should fester peacefully in the memories of Debbie Reynolds-buffs. There is no sparkle in this story of a screenwriter who latches onto a much-younger girl for 'script research'. Dick Powell makes his farewell screen appearance in what must have been an embarrassment to him. Reynolds is pallid. Produced by one Harriet Parsons--who gives her famous mother Louella a number of inane plugs. *1/2 from ****",negative
"The recent boom of dating show on U. S. television screens has reached a fevered pitch since the first episode of ""The Bachelor."" Unsuspecting audiences have since been subjected to countless clones and variations, including ""The Bachelorette"", ""Joe Millionaire"", ""For Love Or Money"", and the execrable ""Married By America."" Hoping to cash in on this trend, and simultaneously tap and exploit a new demographic, Bravo has unleashed the disastrous ""Boy Meets Boy"" upon the world. And may they have mercy on us all.<br /><br />The premise is simple and is designed to be light-hearted: an eligible gay man is courted by a number of suitors, eliminated show by show until one is left, but there's a twist. Half of the men are actually straight. This is not much of a big deal, but the inherent viciousness of the scenario kicks in after hearing the pay-off: if, at the end of the show, the gay man picks a straight man in disguise, the straight man wins a cash prize. The gay man gets nothing, or at least nothing more than a few parting gifts, a pat on the back, and a hearty round of ""Aren't you embarrassed? Well, thanks for playing!""<br /><br />Just the like the equally painful ""Queer Eye For The Straight Guy"" (another Bravo program), this show is another example of stereotypes run amok. What makes it even worse, though, is the fact that straight men are playing UP these stereotypes for cash. The producers of this show believe that all you have to do is put enough hair gel in a man's hair, dress up in Abercrombie & Fitch with a pair of designer sandals, strip him of all body hair and fat and voila! It's the gay equivalent to putting a white performer in blackface, and just as offensive to those of us -- like myself -- who are genuinely gay and don't dress/act like that. It implies that gays have no variance or chance for individuality, that they can't behave like real people, only like stereotypes. Never mind the fact that the bank of suitors is sorely lacking in any kind of diversity. All are gym-toned, most are white, and all look far too scrubbed and cleaned.<br /><br />This is another example of how, instead of fostering acceptance of gays as dynamic individuals capable of variance and change, Hollywood has again taken a stereotype and run with it all the way to the bank. I feel genuinely dirty watching this show, as show any gay man who sees this unabashed parade of soft-core pornography masquerading as legitimate television. 1 out of 10.",negative
"There is only one word that describes this film: BAD!! I have no idea why this movie was even made, or how they got Dennis Hopper to star in this film. Stuart Gordon is a better director than this and Hopper is a much better actor. The film is plain stupid. I did like the ""square pigs"" idea and there was an interesting love scene involving a cyborg, other than that, avoid this film at all costs.",negative
"What is supposed to be a simple generic mystery plot involving a dead philanthropist is, in fact, a head-ache inducing tale about a bunch of characters (the only big actor being Ginger Rogers, in a very early role) all trying to find the murderer among a small cast of residents in a posh apartment building. These characters range from utterly stupid to downright mean. As a cheap, low budget production, most of the action revolves around Rogers and her lead man (some guy, I don't care who he is 'cause he really sucked) talking about their various possibilities of solving the crime, while being constantly cut off by an absurd detective with his head in his butt. Honestly, I've never had a worse time watching an old b-rate movie of this type, and I've seen some real head-slappers.<br /><br />Oh, and the butler didn't do it, because there wasn't a butler. But pay attention to the guy who's closest to a butler. There ya go.<br /><br />--PolarisDiB",negative
"This film is a fun little private eye detective story like they aren't made any more. It's all there: Tom Conway is the suave detective called The Falcon, Goldie Locke (what's in a name) is his wisecracking bumbling sidekick, Louisa Braganza is the damsel in distress, and of course there are the damsels maid, the professor with the secret formula, the bad guy that wants the formula, and the police inspector who's after The Falcon. There is a murder, and The Falcon gets implicated. The scenery is night clubs, expensive hotel rooms, a luxury train, the suburbs, and beautiful cars. Go watch this little gem when you see it pass by on afternoon TV!",positive
"I am glad to read so many negative comments about the Tritter plot. Everyone I talk to says the same thing. They like House's gruff nature and his intelligence, but really dislike the vindictiveness of this continuing plot. It cuts into the real nature of the hospital story and makes everyone angry at police authority. It needs to have a more caring nature instead of the vindictiveness to everyone at the hospital. Also, there seems to be many questionable legal aspects to what Tritter is actually doing. He alone cannot freeze accounts and have the authority to stop doctors from writing prescriptions for patients. A lot of the vindictiveness he is showing also is hurting the very sick patients at the hospital and the is not a good storyline to portray. I voted the episode awful not because of the story itself, but when you insert the Trittor piece it turns me off and the rest of the plot gets hurt by it, People say they hate to watch the story lines anymore. Please change it. Get Tritter out.",negative
"The numbers don't lie, 109 people have voted for this film. That says a great deal about the standing of one of the most intuitively insightful comedians of the late 20th century. And for those of you who know the work of Bill Hicks, if he were alive today, imagine what he would have to say about the boy president from his home state? That his short career remains unrecognized is a sad situation and this film, or rather these two films explain why. First, you see how his talent was obvious from the start, again and again, those who knew Bill Hicks always say he was not only funny, he was also unique. The film also shows how the quality of his material was too challenging for many in the entertainment industry. His drinking also contributed to his career problems, but that is less evident in this film. And then the second film is a complete performance. If you have never seen or heard Bill Hicks, this is a wonderful introduction to the person and his dark but intelligent humor. Especially due to the fact that the topics are now almost 14 years old, yet remain ironically up to date is underlined by the fact that many of the events took place under the first President Bush.<br /><br />Watching them together - first the biography and then the performance - makes you aware of how greatly talented this young man was, how quickly his life passed and how the American media can sometimes act as the great big homogenizer. Let's make sure nothing is too provocative, nothing will be too interesting And the result? Well, as the man himself said, go to sleep America, your government is in control........... In his lifetime, at least in Great Britian this artist was recognized for his talent and was successful there. 11 years after his death, 109 people at IMDb can say something about the film. After you've seen them both, I hope you understand why more people should be listening to Bill Hicks.",positive
"This is an EXCELLENT example of early Bette Davis talent. The production is above average for 1936 timeframe. I cannot understand why the owners of the rights to this film have not put it on DVD. Owners, PLEASE PLEASE release it. I would buy it immediately. I have not seen it in more than thirty years, on television, but remember it well.",positive
"I really wanted to like The Pillow Book. Intriguing story, interesting character outlines, Ewan Macgregor in the utterly glorious altogether. Unfortunately, I hated every minute of it. Greenaway got so enamoured with presenting the movie uniquely, and not to the film's benefit. I won't even get into Vivian Wu's abysmal acting.<br /><br />You get distracted from the story with 4 billion teeny windows and calligraphy that rolls on the bottom of the screen displaying the lyrics of the music that's playing. It seems he lost sight of presenting the actual story and developing the plot, and got entangled with foo-foo embellishments that have nothing to do with anything. It's a bit like presenting a John Singer Sargeant portrait in a chintzy Hallmark frame that says ""GRANDMA LOVES ME!"" in big sparkly letters.<br /><br />This movie seems to be a casualty of the director auteur's ego instead of what it could have been - disturbingly and horrifyingly beautiful. In another director's hands (Jeunet? Coppola?), it could have been a masterpiece. In Greenaway's hands, it's best relegated to fine arts classes that also take themselves too seriously.",negative
"I really have problems rating this movie. It is directed brilliantly, there is obviously a lot of money in it. Gere and Danes are intense (although her screen personality could use a bit more defining and spicing up), editing and cinematography are excellent. On the other hand, it is one of those really really sick movies where one cannot help but wonder whether the director himself likes to stage specific scenes, and, yes, one cannot help but wonder how many copycats will such a movie inspire.<br /><br />In purely artistic terms, it is a 9, but I really have to ask myself who these people are giving their money to produce such a movie ....",negative
"Rented the video for a slow Saturday night. First viewing I thought it was funny. Took a while to get used to the American caricatures (here we're more attuned to British grotesques) but very enjoyable. <br /><br />Watched it again next night and really warmed to it. The characters seemed more human - lovable, even. A film one could watch several times and get more out of it each time. However, my wife *hated* it. No accounting for tastes in humour I suppose.",positive
"I must admit that this is one of the few Lou Costello films that I actually saw in the theater. Most have now been seen on T.V. and I must admit that Lou is really enjoyable and he gets the girl,too. This was my first time seeing Dorothy Provine perform and of course I fell in love with her like so many others that day. I have seen most of the work she has done and enjoyed each one. Her performance in The Great Race is one of the reasons I bought the disc in the first place!<br /><br />Every comment on this movie tells that this is the one movie that Lou Costello did with out Bud Abbott,which is true,but if Lou had lived he would have made many more. He really does a good job and doesn't have to rely on his old routines to get laughs. I for one am sorry that the little man from Patterson,N.J. didn't get the chance to do that.<br /><br />I hope this comes out on DVD some time so I can add it to my comedy/sci fi collection.",positive
This is a good example a film that in spite of the low rating is more than worth watching. The story is engaging and it doesn't take long before the chemistry between Nicole Kidman and Ben Chaplin grabs your attention. The acting is first class and the characters are represented well. Sometimes it feels like the director couldn't decide himself between drama and romantic comedy. Ben Chiller's portrayal of the law abiding and shy Englishman with porn S.M. magazines hidden in the bedroom creates plenty of moments for laughs! As does the look in Nicole Kidman's eyes when she is offering John his first taste of intimacy in a long time... Other times the actors and especially Nicole Kidman give this comedy quite expertly a dramatic slant.,positive
"This movie was the worst movie I have seen since ""Date Movie."" I was laughing through out the whole movie instead of being scared. It was funny how the snakes would search for particular section of the passengers body to attack for example, the eye, the tongue, the butt, the breast. If we have seen national geographic channel we know snakes wont stay clinched on the body once they bite. For each particular scene the snakes would bite the passengers and would stay on the body biting the person. I believe the producer did not study his information on snakes and their behavior. I cant believe I wasted my money on this movie.So I don't recommend this movie trust just wait until it is at the dollar theatre or rent it.",negative
"I think Charlotte Gainsbourg is one of the best performers in the world. I can't understand why some people say she's not. Boring....??? Maybe the one who said she's boring is because he/she is boring. She's a great actress and the movie was excellent. It has lots of wonderful ideas and very good performers. The direction was great. I imaging myself in the French environment with all the sophistication and perfume, flowers, churches, problems, etc. When she goes to the sister's shop is simply amazing. Everything's great. We have a very good actress, wonderful, for long time. Alain Chabat and Bernadette Lafont are perfect. I like him more than in his next movie LA SCIENCE DES RÊVES. And Eric Lartigau did a very good work.<br /><br />Ana",positive
"It may have not been up for academy awards and admittedly, it's pretty cheesy, but it's just so much fun! Nothing makes me smile like Bill and Ted. Lovable, optimistic, and hilarious, Bill and Ted are a great way to unwind.<br /><br />Although I love Excellent Adventure, Bogus Journey is funnier to me. Death is flippin hilarious and Bill and Ted are even more endearing. People give me grief about loving this movie, but only really pretentious movie-watchers will say it's not even a bit entertaining. If you like this, you'll probably also be a fan of Wayne's World, Dude Where's My Car, and Dumb and Dumber. Admit it, though foolish, they make you grin and turn your tickle box over. So watch them just for kicks and giggles!!",positive
"I love Umberto Lenzi's cop movies -- ROME ARMED TO THE TEETH is my favorite -- and his DESERT COMMANDOS pretty much legitimized the Italian Euro War phenomenon by managing to actually be a pretty good movie. Give him guns, machines, some guys to run around talking tough and it's hard for him to miss.<br /><br />What a shame it is then to encounter his EATEN ALIVE and CANNIBAL FEROX. They could have been by anybody, really, and one watches them with a sense that he was under contract, was told what kind of films to make, was assigned a cast & crew and given a budget, deadline and script. Lenzi then went out and executed his films the same way that a guy at McDonald's fixes a batch of French Fries. Of the two, EATEN ALIVE is the more original -- which is kind of amazing considering that it features extensive footage copped from three other cannibal movies -- and easier to enjoy than CANNIBAL FEROX, though not much.<br /><br />I will let others outline the plot: What fascinated me about the film is how staged it all looks, and yet what a somewhat infamous reputation this film has as some sort of all-out assault on good taste. It isn't, though the film is an exercise in bad taste, complete with a title-earning scene where two of the pretty supporting ladies are quite literally sliced up and eaten alive by cannibals which is the film's high point. The problem is that Lenzi lets us get a good, long look at the cannibal feast scene and it has the convincing ring of a 3rd season STAR TREK episode complete with a fake jungle set for the really gory close up shots. And I don't know about anyone else, but if someone was slicing off pieces of my person and eating them I wouldn't just lie there and look distressed.<br /><br />My problem with the film might be that I have a lot of respect for Lenzi as a filmmaker, and again this could have been directed by anybody. All of your cannibal movie conventions are touched on but it never feels like they are filmed with any real conviction, other than to try and bully Ruggero Deodato out of the sandbox. The two directors certainly must have known each other and either had a sort of juvenile rivalry or an actual dislike for each other's work and a conscious need to upstage them. Lenzi invented the cannibal genre with MAN FROM DEEP RIVER, Deodato blew it away with JUNGLE HOLOCAUST, Lenzi fired back with EATEN ALIVE, Deodato blew him (and everyone else) away with the superior CANNIBAL HOLOCAUST, and Lenzi fired a last parting salvo with CANNIBAL FEROX, which is about as realistic as that Krazy Glu commercial where the guy superglues his hardhat to a girder and hangs in midair.<br /><br />This film is less desperate and a bit more hesitant to push viewers into the abyss with everything holy than FEROX, which remains as a sort of misguided attempt to upstage CANNIBAL HOLOCAUST. This one is more of a mish-mash, with an interesting jungle adventure crossed with a Jim Jones like suicide cult -- the cannibals seem like they were added as an afterthought rather than the reason for making the film. I think that fans of the genre will have a better impression of the film than fans of Lenzi's films looking for something new by the formidable director. It isn't as entertaining as SLAVE OF THE CANNIBAL GOD, adventurous as his own MAN FROM DEEP RIVER and certainly lacks the wallop of CANNIBAL HOLOCAUST. Combine those considerations with the recycled footage, stomach churning scenes of animal violence, misogynistic scenes of sexual violence and stagy, wooden methodology of film-making and what you get ends up being an OK jungle thriller with two or three standout scenes, and Umberto Lenzi was capable of so much more.<br /><br />4/10; Gore freaks will go nuts however.",negative
"Annie Rooney lives with her officer father and brother Tim in the slums of New York, where she is constantly getting involved in many fights with the other neighborhood kids. Annie secretly has a crush on Joe Kelly (whose little brother Mickey is head of the gang that Annie constantly battles), who is in a gang that is headed for trouble, says Officer Rooney. Kelly sponsors a dance, where Tony plans to shoot Kelly in order to get even with him for making him look like a fool in front of his girl, but Officer Kelly gets fatally wounded instead. Tim (part of Kelly's gang) is told by Tony, and friend Spider, that Kelly shot his father, so he goes after him in vengeance. Annie learns of this and goes to stop her brother, if she is in time. Very good mix of humor and heart in this film, even though the plot doesn't start until the 40 minute mark of the film. Pickford is enjoyable (even though she was 33 playing a girl no more than 12-13) and really gets into her character. Haines doesn't play Kelly as tough as he should, but is able make the audience feel for him on an emotional level. The scenes where the officer tells Annie of her father's death and the ending really put a lump in your throat. The mix of all sorts of kids throughout the film are fun to watch. Rating, 8.",positive
"It is a real shame that nearly no one under 30 knows the ""over the top"" writing of Michael O'Donoghugh- magazine articles and SNL skits that were genius for the time...and so it is a true shame that anyone who may take the opportunity to research his work will no doubt take the easy way out and watch videos- thus leading them to MR MIKES MONDO VIDEO. <br /><br />This movie has clever elements that never fully connect to the funny bone. The viewer experiences such things as cat diving/swimming with the man who thinks he's found feline happiness by hurling these kittens into a pool which the camera follows in slow motion and montage sequence. Then we are taken to an island to where all past fads are retired (hula hops, pet rocks, rainbow dread wigs etc.) Then we enter the music world (punk was a new variety of music at the time of this film) where ""D"" rate bar performer Rootboy Slim performs ""boogie till you puke"" in his own lazy style of dirt and eclectic sleaze. Now the real beauty of all this is the back ground music. In many different styles with many different instruments the sound of TELSTAR plays and replays- for those who don't understand Telstar was the first American Satellite launched into space and the theme was created to celebrate mans genius and triumph. MR MIKES seems to have been meant as a signal of societal decay ridiculous wastes. Now one thing the theater offered that the video release does not was a live performance of Sid Vicious (ex sex pistol not the wrestler) singing MY WAY. His version is very different than Sinatras as one might imagine but frankly I feel it is very much worth the listen...it's good! That is the sad part- in the VHS release Paul Anka refuses the rights of his song and the viewer is forced to experience 3 1/2 minutes of silence with an explanation rolling across the image of the singing dead sex pistol. <br /><br />I would give the theater release a 5 or 6 the video is closer to a 4 and now that so much is passé I can see where many people would give it a 3 or 2.5. If you want to see a good O'Donoghugh script watch SCROOGED...it is a better tribute to the mans insight and talent.",negative
"I usually don't walk out of a movie, but halfway thru I did. This movie promised something different, but I kept thinking haven't I seen that before? Spoiler Alert! Back in 1, the spaceship crashes and lands on earth, well, all these years later, with a super adult on board no less, this thing still manages to burn up and crash! What, this advanced civilization can't seem to develop landing gear? For an industry that's so liberal, we get to see another Woody Allen movie, no blacks please! Superman runs around saving people, making sure he sticks to Europe and the US, don't go into darkie areas please. Maybe I could stomach this about 30 years ago, but now now.",negative
"This is probably the best cinematic depiction of life in a Manhattan ad agency: the pressure to perform; client and agency demands; the parties; the creativity; the money; the cool surface with powerful corporate undercurrents. <br /><br />Toss in parenthood for Dustin Hoffman. <br /><br />The movie is textured and deep. It follows his internal relationship as he tries to understand and live with what's going on; his relationship with Meryl Streep (and her friend, who becomes his friend), and his the relationship with his son. <br /><br />While Meryl Streep was great, did she set the record for least screen time to win an Oscar? She sure can deliver when she is on, though.",positive
"Yes, this movie was just hilarious and the acting was top notch from the whole cast. Except Shelley Winters German accent wasn't that great but then that doesn't matter as she is hardly in the film. So if you're a fan of hers beware! The two main stars of this film are Laurence Harvey and Julie Harris. Now before this film, I'd only see Miss Harris in East of Eden with James Dean and I own an audio tape of The Glass Menagerie that she did on stage with Monty Clift and Jessica Tandy, so I wasn't sure how she'd be in this role and BOY, did she impress me. How hammy was she? I love ham! ;-) Mr. Harvey, he tickled my fancy! I am now a full time Laurence Harvey fan! That hair!!! *cackles* OMG! It's almost like Burt Lancasters, that crazy messy look, it doesn't get better than that. He is young and so innocent in this film. SEE IT NOW! It's definitely in my top ten! :) I am SO glad I found a copy that is all mine! Unfortunately this movie is out of print and very hard to find on video. :(<br /><br />Btw, watch out for the hospital hotel room scene!!!!! It's one of the best parts! Or when Mr. Harvey has convinced himself he's ill and he's trying to get his knee to kick, you know how Doctors do with that little rubber hammer ;-) Well he does it himself and his leg kicks and it kicks the table *squeals* Check out the look on his face, so innocent!!!! I can't describe it but to all those people who say he couldn't act very well and other cockamamie comments, see this film and you will see what a GREAT actor he really was. You'll be bowled over! If you aren't, then I'm afraid there is nothing I can do for you, you're hopeless. ;-)",positive
"Dad (78) and I (46) both had a good time watching the flick today. For a guy primarily known for serious roles, De Niro is a heckuva comic actor. Of course, it helps to have his past film images to play against. Consider that one of those roles, 15 MINUTES, was a cop having to deal with the interference of the mass media, and you have an interesting set of compare/contrast performances.<br /><br />Murphy plays another of his Axel Foley sort of characters. Shatner plays a burlesque of himself, a parallel world self who was best known for TJ HOOKER and not STAR TREK.<br /><br />It's interesting to watch how the film comments on the contrasts between the reality of police work and its fictional counterparts in TV and film. Shatner lectures on the proper means of sliding across a car hood; De Niro points out holsters scratch the hood finish. Ironically, as the film progresses, De Niro's character begins to incorporate the illusions of TV-cop reality into the real world case he's working.<br /><br />The film draws its inspiration from a gamut of sources, so one could make the comment it is derivative. Well, so what? Satire needs to derive its humor in order to exist. And besides, the film does have quirky moments of originality. For example, I'm reasonably sure the method of the villain's death has never been done before. <br /><br />One quibble about the reality of the weapons involved-- shouldn't those guns have had some kind of recoil? In order to penetrate steel, those bullets had to have enough inertia to penetrate. And any bullet's highest level of inertia is at the moment of firing. So.... firing a volley of these tank-killer bullets should have driven the shooters back onto their butts. Oh, what the heck... it's a satire. Maybe the guns' lack of recoil is itself a satire on the B-F-Guns used so casually in thrillers. <br /><br />",positive
"The brands in this film, like Suit Supply, take away from the story, cause it's supposed to be set in the eighties. It's not a very thrilling film. Also, the single from Intwine on the soundtrack is very bad, it has a chorus that is repeated numerous times', like ""I'm a cruel man, I take it all away, I'm a cruel man I'm here to stay.."" Jeeez couldn't those asswipes have come up with something better than that? I guess they wrote it in a couple of minutes..<br /><br />It's really annoying, just like the product placement in this filmproduct,that cashes in on the controversy and publicity around a criminal who should not be a celebrity like he is now made out to be, but should be forgotten like rats ought to be.",negative
"Ladies and gentlemen: the show begins with this documentary film. It's structured in three chapters, each one chronologically arranged. The first presents the classical physics and links to Einstein. The second studies in depth the quantum physics and enters in String theory. The last reveals the Everything theory... The difficult concepts used here are introduced in a very simple way, with daily objects; although you must believe them without checking by yourself -if you are not a scientist- (and even if you are a scientist!!). The film is not a masterpiece by its fabulous technique or the way it's produced; what really imports is the story, and WHAT A STORY!!!",positive
"Rosenstrasse is more an intimate film than one of epic proportions, which could have kept away many film goers looking for a Pianist similar plot. Fortunately, Von Trotta, a good screenwriter, opts for a feminist peep to an era too much illustrated on its colorful exterior, but too little analyzed in terms of intimacy and from the point of view of ordinary Aryan German rather from a Jewish standpoint. Rosentrasse finds its strength in these unsung burdens of people trapped within historical circumstances of which they emerge as victims. The pace of the film is introspective, poignantly slow, meditative. Besides, the characters are so vivid while transitions between generations and the passing of time has been deftly crafted. Rosenstrasse is not a masterpiece, and some narrative flaws are well discerned. Another fault lies on a trivial cinematography unable to capture the intensity of the internal drama lived by the characters. Nevertheless, this film is worth seeing. Finally, Rosenstrasse is part of the last trend in German films dealing with the ghosts of a nightmarish past,trend that includes such excellent films as Nowhere in Africa, and recently, the controversial Downfall. I would recommend this film to those who know how to read beyond the images.",positive
"The first 10 minutes of the movie makes fun of sequels and pg-13 movies. These are the 2 reasons the movie is so bad. They constantly reference a movie called ""Get Leo"" which is the movie-in-a-movie version of get shorty. Every time they do this, you will be really angry. Travolta isn't very cool, neither is Keitel. However, The Rock and Vince Vaughn are hilarious. They aren't the kind of funny you would expect to see in an Elmore Leonard movie though. If you haven't seen get shorty, you will probably like be cool. If you liked get shorty, you will leave the theater wanting to kill the director and screenwriter. Wait for the DVD.",negative
"**** WARNING: here be spoilers **** Why do I waste my hastily fleeing years watching garbage like this? This film is an impressive collection of clichés, poor writing, worse directing, and then we haven't even got to the acting yet. <br /><br />And of course, you can predict the whole story from beginning to end.<br /><br />Hero expert fights against stupid, corrupt and incompetent henchmen. One avalanche goes off, burying all the heroes who somehow manage to get out alive in spite of going through all sorts of cliffhanger perils. Corrupt partner who caused the whole thing gets fried alive together with his payoff money. Second avalanche heroically deflected by renegade expert's adventurous experiment. Evil henchmen in the end turn out to have a heart as well. Troubled teenager falls into the arms of her crusty stepmother after being saved by her. Etc, etc, etc, etc, on and on it goes. <br /><br />In fact, there's little reason to warn for spoilers. You could probably work the whole plot out if I gave you the basic ingredients. At least, I wasn't too wide off the mark most of the time, anticipating what would happen next.<br /><br />And then we haven't discussed the factual errors.<br /><br />I agree with a previous commentator that even though there are usually SOME redeeming features even of a bad movie. you'd be hard pressed to find any in this one. I suppose I gave it 2 out of 10 for some nice scenery shots, but that's it.<br /><br />It's been some time since a film made me groan, but this one certainly did.",negative
"SWEET SIXTEEN (1983) **/***** 86 minutes Director Jim Sotos Cast Bo Hopkins, Susan Strasberg, Aleisa Shirley, Patrick Macnee, Dana Kimmell<br /><br />Fifteen year old bad girl Melissa is new in a desert town and it isn't long before folks around her start dying off. The detective has to put together the clues with the help of his Nancy Drew good girl daughter played by Friday the 13th alumni Dana Kimmell. The local Native Americans are prime suspects since they seem to upset the prejudiced townsfolk. These events all lead up to the revealing of the killer at Melissa's sixteenth birthday party.<br /><br />This below average slasher isn't too memorable. It has a made for TV feel, without much score besides the title character's own corny theme song which plays a couple times throughout. Lines like ""the killer will turn us into coleslaw."" Fit into standard eighties slasher screenplays. Marci calls Melissa a bad name then somehow immediately they develop a friendship. Apparently Marci sees how hard it is to fit in because Melissa knows how to wear make-up. This movie would be hard-pressed to be made today with the main character being fifteen and the director inserting multiple gratuitous close-ups of her. The social commentary on Indians wasn't developed enough to be taken seriously. I am too surprised at the fairly high rating this movie gets. Both Sweet Sixteen and Ed Hunt's Bloody Birthday had the potential to capitalize on that time honored tradition of the birthday party to create an intense sequence of carnage but I feel failed to deliver. But on the bright side releasing obscure movies like this on DVD gives hope that others will follow.",negative
"Now days, most people don't watch classic movies, such as this. Most of friends only watch movies from the '90s to present. Thats kinda stingy. <br /><br />Most old movies like this are masterpieces, unique in their own way. Only because, back when these movies were being thought of and made, thats when ideas were fresh. Now people strain just to think of new ideas. <br /><br />Anyway, to the movie. For true fans of classic horror. This is for you. The movie is based with a investigator from Scotland Yard investigating the disappearance of an movie actor, and stumbles on to three other strange occurrences with past residents of the same house. <br /><br />I won't say anymore, for I will ruin the movie more than I already have. But it is a terrific movie for as old as it is. And would never mind watching it again!",positive
"As someone who likes chase scenes and was really intrigued by this fascinating true-life tale, I was optimistic heading into this film but too many obstacles got into the way of the good story it should have been.<br /><br />THE BAD - I'm a fan of Robert Duvall and many of the characters he has played, but his role here is a dull one as an insurance investigator.<br /><br />The dialog is insipid and the pretty Kathryn Harrold is real garbage-mouth. From what I read, there were several directors replacing each other on this film, and that's too bad. You can tell things aren't right with the story. I couldn't get ""involved"" with Treat Williams' portrayal of Cooper, either. He should have been fascinating, but he wasn't in this movie. It's also kind of a sad comment that a guy committing a crime is some sort of ""folk hero,"" but I admit I wound up rooting for the guy, too.<br /><br />Not everything was disappointing. I can't complain about the scenery, from the lush, green forests of Oregon to the desert in Arizona.<br /><br />I'd like to see this movie re-made and done better, because it is a one-of-a-kind story.",negative
"First, what is really great about this movie: <br /><br />- Ryan Reynolds, great acting! There are very few actors I really like and for now he is one of them. He has an amazing skill to impersonate characters. <br /><br />- The soundtrack! Very good music played at the right time. <br /><br />- The idea of a nine lost in his own world, incapable of leaving. <br /><br />Still, I give it only a 3 out of 10 for certain flaws: <br /><br />- Horrible second part. It seems that the director was very eager to make something new, but despite of the efforts it was really boring <br /><br />- Very annoying character Melissa. I couldn't stand the scenes with her - i.e. it was constantly annoying. She represents everything that is wrong with American woman. <br /><br />- Terrible explanation of the numbers. The director was so busy with character development, that he completely missed the point of a good story.. excuse me koalas? brr... terrible!<br /><br />This movie had great potential. The filming is nicely done, the music is really good, but nothing more.<br /><br />See it only if you are a fan of Ryan Reynolds, or have a lot of time to spare.",negative
"Blackwater Valley Exorcism is set on a small town ranch where teenager Isabelle (Kristin Erickson) is found wandering around covered in dog's blood. Her parents Ely (Randy Colton) & Blanche (Leslie Fleming-Mitchell) own the ranch & are deeply worried about their daughter, recently she has not been herself & is considered a danger to herself & other's. Ranch hand & ex-priest Miguel (Del Zamora) recognises Isabelle's symptoms as a possible case of possession & when she starts to speak ancient Latin in a strange voice he becomes convinced of it. Blanche calls priest Jacob (Cameron Daddo) who is her other daughter Claire's (Madison Taylor) ex husband to see Isabelle, he confirms Miguel's suspicions & accepts the job of performing the exorcism that will hopefully banish the demon inside Isabelle & an innocent girl free...<br /><br />Directed by Ethan Wiley I was sat there in my house in front of my telly watching Blackwater Valley Exorcism & I kept asking the same question over & over again, why do I do it. Why do I keep sitting through all these awful low budget horror films that look like they were shot on a camcorder? Right lets honest about this, Blackwater Valley Exorcism is a complete total & utter unashamed rip-off of The Exorcist (1973) & you literally tick off the major plot points that the two share. There's the possessed teenage girl who starts to get very horny & suggest inappropriate things, the demon that uses past misdemeanour's against other's, the worried parents, the way that the possessed girl is shunned by doctor's, the priest with a troubled past & the possessed girl is tied to her bed amongst other things. I suppose where Blackwater Valley Exorcism is different (other than it's total crap) is that it tries to give all the character's some screen time & tries to get across how the situation is affecting them but it's so badly written & acted it just ends up being boring. The film starts with Isabelle already possessed so we never knew what she was like as a normal person so we never really care about her or what is happening to her either, the rest of the character's are poorly written & fleshed out. At times I wondered whether Blackwater Valley exorcism was a spoof, there's a silly scene in which a vet tries to sedate the possessed Isabelle with horse tranquilisers & after he states that she needs a 'little prick' he enters her room with a huge needle hidden behind his back! There are a few scenes in which people are punched accompanied by a silly comedy sound effect. The film has an uneven tone as a result as it goes between silly spoof & serious horror drama, or it did in my opinion at least.<br /><br />According to some text before the opening credits Blackwater Valley Exorcism was based on 'Actual Events', yeah right actual events from 1973 that happened in a film called The Exorcist... This piece of text also states that the exorcism scenes were supervised by a real priest. There isn't even any decent gore or exploitation to liven things up, there's a scene of a cut arm, there's a dead dog, someone is stabbed with a crucifix & that's about it. There's surprisingly no bad language in it either despite the demon trying to be offencive. I would imagine the only reason Blackwater Valley Exorcism has an adult rating is because of one very brief scene in which a pair of breast's are seen. One pair of naked female breast's is not worth the time watching this or the money you might spend on it. There is zero scares, no atmosphere & a really amateurish feel to the whole film too.<br /><br />With a supposed budget of about $1,000,000 I must say that I am wondering where all the money went, the film looks ugly & cheap throughout. There are no special effects to speak of & the production values are rock bottom. The acting is very poor from all involved, genre favourite Jeffrey Combs gets near top billing during the opening credits but has nothing more than a cameo in what amounts to about five minutes of screen time. Even he must have feared how bad this was going to be has he hides behind a moustache & a terrible accent, he is better than this.<br /><br />Blackwater Valley Exorcism is a complete rip-off of The Exorcist without anything that made that film such a classic & the makers are thirty five years too late anyway. A total turkey from start to finish.",negative
"Anyone notice that Tommy only has 3 facial expressions.<br /><br />1. The angry eyes look he gives every enemy. 2. The holding of the hands to face, mouth agape and frightened eyes. 3. The smiling Tommy Turnbull.<br /><br />I have to say that i pretty much hate this show, i don't watch it but it's like Code Lyoko, we've all watched at least one, i must say that this show is borderline racist, uninteresting and pointless.<br /><br />every episode ends with robotboy winning, except for one exception when robotboy basically let this overly geeky freakazoid fly away on a jetpack.<br /><br />The jokes are pretty crude too, i think it's mostly people saying the word ""Suck"" or farting, i think the bullies of the show are quite shocking too.<br /><br />Isn't there one that hides a bowling ball under his hate, and the other uses a chain, for god sake, what kind of school is he going to. Not to mention his older brother, who is borderline psychopathic and has no other character qualities.<br /><br />The whole show i feel is ripping off megas XLR and Fosters. Like you could say the trio of coop, jamie and Kiva, as well as Robotboy being similar to Megas where he beats everyone no matter what the odds and he's free spirited despite being a robot.<br /><br />There is simply no appeal to this show, i'm surprised that it's still running.",negative
"I'm not one of those folks who bemoans everytime a film based on an old TV show comes out. Rather, I usually run out and see it (If I had watched the show) and try to get nostalgic. But if anyone feels like running down films based on old shows, this is exhibit A (So you can actually say something more than just ""McHale's Navy""). ""Mod Squad"" is dreary, tiring, and lethargic. At least the original series was angst riddled long before anyone knew teens could be so glum, making it groundbreaking. This is just tedious. Claire Danes is nice to look at, but does nothing else but mood swing and sneak around spying on the baddies. Giovanni Ribisi's acting extent in this flick is that Droopy the Dog look for an hour and forty five minutes. And Omar Epps looks like he wants to flee the set, but the script's chlostraphobia has trapped him. Sure, the production is nice, with the now seemingly obligitory ""rave"" nightclub opening action sequence and shootouts galore. Oh, and the kids yell and get mad at each other and their superiors a lot too. It's kind of like deciding to use the Scooby Doo Mystery Machine to go on a family vacation to Hollywood with your teenage kids who you and your spouse know need heavy therapy and prescription drugs. I really wanted to like this movie, and there were promising moments, but the next scene would suck the life out of it. You can knock another Spelling remake, ""Charlie's Angels"", all you want, but at least that film knew it wanted to have fun with itself. ""The Mod Squad"" makes you wonder where the inspiration from the original series went.",negative
"After watching about half of this movie I noticed something peculiar ... I found myself constantly switching through tv-channels to see what else is on - not exactly a good movie trait.<br /><br />This movie is listed as being in a number of genres, and I must say it mostly failed misserably in every one of them. 80% through the movie I switched over to watch an old rerun instead. Bottom line - the whole movie felt as if the ones making it didn't exactly know what to make and ended up in a concoction with no discernable taste.",negative
"I really really love this show! I have always liked the 1990's shows of Space Ghost! This show was hilarious and I can't believe why Cartoon Network's Adult Swim would take such a funny show like this off the air. I hope they put this show on DVD or something. The show is about Brak (from the Space Ghost cartoons, SGCC and Cartoon Planet) who lives his every day life with his Mom and Dad and his best friend who likes to drop in a lot, Zorak! My favorite episodes were the one where Zorak gets this really good singing voice and then his voice doesn't give him any money that Zorak made from singing at all. Another episode I like is the one where Brak and Zorak didn't finish their homework and then they go back from Sunday to Friday and they just goof off and then they go back to the day homework was invented and then when they go back to the present homework didn't exist! Another episode I like is the one where Brak's Dad and their next door neighbor, Thundercleese the Robot keep getting into this agrument and then they get eaten by a giant worm. Another episode I liked was the one where Zorak makes a bully stand and then some new guy took over his stand. I also like a lot of the other episodes! One thing that never fails to make me laugh is when Zorak is getting beaten up, blasted and zapped!",positive
"This is what I was expecting when star trek DS9 premiered. Not to slight DS9. That was a wonderful show in it's own right, however it never really gave the fans more of what they wanted. Enterprise is that show. While having a similarity to the original trek it differs enough to be original in it's own ways. It makes the ideas of exploration exciting to us again. And that was one of the primary ingredients that made the original so loved. Another ingredient to success was the relationships that evolved between the crew members. Viewers really cared deeply for the crew. Enterprise has much promise in this area as well. The chemistry between Bakula and Blalock seems very promising. While sexual tension in a show can often become a crutch, I feel the tensions on enterprise can lead to much more and say alot more than is typical. I think when we deal with such grand scale characters of different races or species even, we get some very interesting ideas and television. Also, we should note the performances, Blalock is very convincing as Vulcan T'pol and Bacula really has a whimsy and strength of character that delivers a great performance. The rest of the cast delivered good performances also. My only gripes are as follows. The theme. It's good it's different, but a little to light hearted for my liking. We need something a little more grand. Doesn't have to be orchestral. Maybe something with a little more electronic sound would suffice. And my one other complaint. They sell too many adds. They could fix this by selling less ads, or making all shows two parters. Otherwise we'll end up seeing the shows final act getting wrapped up way too quickly as was one of my complaints of Voyager.",positive
"I don't understand the low 5.7 rating on this film. It's a delight for people who like a strong suspense plot and dark atmospherics. The tone is reminiscent of Midnight in the Garden of Good and Evil, down to the locale (Savannah). The acting is strong, and I was amazed at the verisimilitude of Kenneth Branagh's southern accent. Famke Jansen is great, Robert Duval is effective in a small part, and Embeth Davitz is the BOMB. Great full nude scene of her,too.<br /><br />The plot is fairly standard but effectively executed.",positive
"Jon Cryer reprises his role as a neurotic guy in Two and a Half Men, which he perfected in this series. He longs to have a good relationship with a girl like his coworker has developed, and the tet-a-tet between him and his partner's girlfriend's best friend are pretty funny. Then they realize that they're attracted to each other and start dating. In one of the funniest lines on TV EVER -- I think in the final episode -- he and his partner are discussing that he wants to propose to the girl. <br /><br />His partner prepares him for the moment by suggesting: ""What's the worst that can happen? She says no.""<br /><br />Armed with newfound optimism, he proposes to his date over dinner. To which she replies, <br /><br />""GOD, no!""<br /><br />I laughed so hard I cried.",positive
"I don't see why all the people are giving this film negative reviews?!?! I loved this movie! Bled is a form of abstract art, and if you don't appreciate art, I can see why you would not like this film. It was a great twist from the average, played out vampire movie. If you are looking for a fresh, new and ingenious new vampire movie, then this is for you. But if you want one of those turn into bats, wolves and melt in the sunlight movies, then go watch your old played out Dracula flicks. Sure, it is a bit on the low budget side, but they did a great job with the budget they had. I'm very happy that I found this movie, because I was about to give up on the vampire genre fro good. I thought this film was brilliant! I give 2 thumbs up to the writer, director and everyone involved in the film.",positive
"I had completely forgotten about ""Midnight Madness"" until just now when I found it while surfing the IMDB. Now, it's all coming back to me....<br /><br />It was one of Naughton's first movies (as well as Fox's) and sharp-eyed connoisseurs will also pick out Kaplan (Henry from TV's ""Alice""), Fiedler (he does the voice of Piglet in the ""Winnie the Pooh"" cartoons) and Blocker (son of Dan ""Hoss"" Blocker from TV's ""Bonanza"").<br /><br />But the two that stand out in my mind are Furst (from ""Animal House"") and the superdude himself - Eddie Deezen. Furst plays a baddie this time out and has one of the best scenes when he asks his dad, ""Why can't you just accept me for who I am?"" His dad looks over his obese, slovenly frame and gives a simple, one-word response - ""Yuck!""<br /><br />And Deezen... well, he's a show in himself. As a latter-day Jerry Lewis he stumbles around, wades through mini-golf ponds, puts melon halves on his ears and ends up having Maggie Roswell fall for him. My hero.<br /><br />As for the film, it's typical early-'80s stupidity with college kids staying up after curfew and going on a city-wide scavenger hunt to prove which division of students is the best on campus: the jocks, the nerds, the rich kids, the feminists or the group made up of a little of each. <br /><br />Who wins? Who cares, you'll have a lot of fun watching Disney Pictures' first foray into PG territory before creating Touchstone Pictures.<br /><br />Seven stars. Catch ""Midnight Madness"" any way you can!<br /><br />Long live Leon!",positive
"Like in a circle the movie leads back to its point of departure, the image of the cranes that are crossing a Muscovite sky. They represent the freedom to realize your life as you wish, in order to aspire the greatest possible fulfilment.<br /><br />In the beginning Veronica and Boris experience such a promise of happiness, and their eyes follow the path of the cranes in exhilaration. It seems as if they might be able to live according to their dreams.<br /><br />But Man is not a bird. Life draws up its own rules, from which no human can escape and which we cannot change - not even by making a supreme effort. War breaks out, and without much hesitation Boris signs up for the front in order to fulfil his patriotic duty. He cannot even say good-bye to Veronica, for she arrives late at the assembly point from which the soldiers are sent away. Surrounded by a jubilant crowd all her attempts to attract Boris' attention must inevitably fail.<br /><br />Boris eventually gets killed in war, without Veronica learning about it for the moment. His brother Mark, a vigorous musician, who obtained the exemption from military service by corruption, is eager to take his place. Veronica initially resists, but in a frightful night of bombing she finally falls victim to his charms. A marriage takes place, which is never accepted by the family.<br /><br />Soon feelings of guilt seize hold of Veronica and she realizes that Boris' return is the one and only thing she actually longs for. She therefore eases her bad conscience and despair by the self-sacrificing work in a field hospital.<br /><br />When war finally is over, once again a crowd of enthusiastic people gathers in order to cheer the victorious soldiers. Again Veronica is among them, forcing her way through a wall of bodies. In her hand she is carrying a bunch of flowers, until she finally has to give it away to complete strangers, for one of the homecomers has just dashed her hopes by confirming the sad certainty of Boris' death.<br /><br />Once again the cranes invade the sky, drawing their wayward lines. But now Veronica is watching them on her own, and the look in her eyes is a different one. She has had to accept the impossibility to live according to preconceived plans, to follow the guidelines of your dreams. For all humans are nothing but helpless puppets hanging on the inscrutable strings of fate.<br /><br />",positive
"I read somewhere (in a fairly panning review) that this is something of a live-action mecha anime, and I think they're on the right lines. I first watched this movie when I was very young and I've been dying to see it again, and when I finally did just recently all the memories came flooding back. I don't think this is to be taken too seriously - it's just a bit of good old 80's almost-a-TV-movie fun (it is set against the backdrop of a fairly dark future, although this point isn't stressed too much). What I admired most about this movie was that the dialogue didn't sound generic - no clichés, no predictable lines - all in all just good fun! Maybe time hasn't been kind to this little movie, but still I can find appreciation for it in me. It's by no means perfect, but it's entertaining and doesn't try to be anything other than that. Let the nerds and comic-store-guys worry about technicalities - who cares? See it for yourself and make your own decision. No-one else's opinion matters.",positive
"I'm hearing rumors of an upcoming ""Leonard Nimoy Demonstrates the Blu-ray Disc"". With advances over the past 25 years ranging from Steady-cam to CGI, it'll be interesting to see if the franchise can be reinvigorated. I just hope it helps to remove the bad taste left in my mouth by that whole Magnavision demonstration fiasco.<br /><br />And yes... ""Leonard Nimoy Demonstrates the Betamax VCR"" was a brilliant milestone in entertainment history. After the tentative ""Leonard Nimoy Demonstrates the Compact Cassette"" and the downright tacky ""Leonard Nimoy Demonstrates the 8-Track Tape"", who would have expected such a glorious piece of cinema? I'm weeping right now just thinking about it.",negative
"I am a Shakespeare fan, and I can appreciate what Ken Branagh has done to bring Shakespeare back for a new generation of viewers. However, this movie falls short of conveying the overall intentions of the play with the ridiculous musical sequences. Add that with Alicia Silverstone's stumbling over the dialogue (reminiscent of Keanu Reeves in Much Ado About Nothing) and other poorly cast roles, it all equals an excruciating endurance of viewing.",negative
"Secret Service agent Jay Killion (Charles Bronson) has been assigned to protect the President-elect's wife, the new First Lady (Jill Ireland). She is a very difficult woman and Killion has his hands full. She is the victim of numerous assassination attempts, all directed by the President's Chief of Staff, who wants the First Lady dead. This movie insults your intelligence with not only the story line, but also with the lack of realistic locations. For example, in the scene depicting the Inaugural Parade, the First Lady is in a Rolls Royce convertible with agent Killion and without the President. Also, we know what Washington, DC, is like weather wise in January, and not only is everybody ""top coat less"", you can even see some palm trees in the 70 degree and sunny weather! (Obviously filmed in Hollywood, not Washington, DC). This movie is a joke. It is not worth your time.",negative
"Firstly,I must admit that it isn't a good movie. And,I would never watch this movie if Pacino wasn't in it.<br /><br />The movie is about a publicist's strange 24 hours.And he is overworked,dizzy,sick and sometimes regretful.I don't like the character at all.It's really boring,after 20 minutes you may fall asleep.And I don't understand why Pacino wanted to be a part of this horrible movie.Just because of money or what?<br /><br />Since I'm an avid Pacino fan,I bought this 2002 movie People I Know.If you haven't bought it yet,don't even think about it,it's just a waste of time.",negative
"I have to say that there is one redeeming speck in regards to this ""film"". It firmly establishes the bottom of the barrel. Now filmmakers know what to aim above when making a movie. Other than that I regret watching this debacle. What shameless abandon the making of this ""film"" was. What a waste of $100,000 (that's right folks, ONE HUNDRED THOUSAND dollars). This ""film"" reminds me of that ""Adult Video Awards"" show in which of group of ""industrial prostitutes"" stand up a praise themselves, believing that they are real actors, actresses and filmmakers. Ironic then how I've watched blue movies with better acting, directing and writing. I also found it funny that the Executive Producer, Justin Ament, just had to be in the ""movie"". He plays Deputy Jake Barker. I'm sure his ""acting"" career has taken off... Ted Pfiffer, the writer, has a part. He no doubt was wallowing in the clichéd glory he created. It should be noted that Carrie Finklea has a lead role in the movie. You might remember her from Gus Van Sant's 'Elephant'. Though I'm not too sure that she'll want to write this film on her resume. And I'm not sure which is a more depressing point; money was spent to make this film or people are going to watch it. Along with 'Torque', 'Godsend' and 'Sky Captain and the World of Tomorrow', one of the worst films, IF NOT THE WORST FILM, of 2004.",negative
"""I haven't laughed this hard since granny got caught in the wringer,"" says one of the potheads in this hilarious quasi-spoof of all those Val Lewton and George A. Romero walking-dead movies we have come to love (or loath, depending on your personal taste) through the years. <br /><br />In this story, a young actor pair play a ghoulish prank on the rest of their troupe after, one spooky night, they visit a cemetery island. Their artistic director, Alan, pretends to bring the dead back to life by conducting a highly stylized ritual.<br /><br />Way too much screen time is misspent; the amateur dialog includes lame witticisms, melodrama and other kinds of unnecessary filler commentaries (And can't Alan stop that irritating laughter... way too much!). Once the action kicks in (which comes close to the end of this film), it's worth the wait. <br /><br />I saw this one on a late-night, local station television program that ran films very much like this one... only this one scared me at the age of 13... but then again, you might laugh your way through it, until the bitter end... ...which is probably the reason, nowadays, why very few people still wear striped hip-huggers.",negative
"An Insomniac's Nightmare is the story of a man's plunge into insanity. Having chronic Insomnia, Jack is plagued by hallucinations; causing him to try and determine what is real and what isn't.<br /><br />We find out interesting things about Jack near the end, and think that by the time the movie is over we will have a ""happily ever after"" Hollywood ending. Wrong. This is New York City, the place where nobody sleeps.<br /><br />Tess Nanavati (Writer and Director) has herself a good film in 'An Insomniac's Nightmare'. A talented filmmaker and writer (she made this film right after her High School Graduation), she has real potential and will be one to watch in the upcoming future.<br /><br />As I watched this short film I was constantly uncomfortable; between the music, bleak scenery, and realistic portrayal of an insomniac by Dominic Monaghan (as Jack), I desperately wanted to turn this off at times just to escape from it.",positive
"This has to be some of the worst direction I've seen. The close-up can be a very powerful shot, but when every scene consists of nothing but close-ups, it loses all its impact. <br /><br />Tony Scott has some very beautiful scenery to work with, the backdrops of Mexico, the cantinas, the beautiful estate where Anthony Quinn lives, and the dusty towns Costner rolls through on his journey for revenge. Unfortunately we only catch quick glimpses of these places before the camera cuts to a picture of a big, giant head. Even the transition scenes where Costner is driving alone across Mexico quickly cut to a close-up. <br /><br />The score is over-dramatic and intrusive, dictating every emotion we should feel. The story itself should have been handled much better. Among other things, too many people pop up out of nowhere to help Costner along - it's just bad writing. <br /><br />It's a typical thriller storyline, but many others have taken the same premise and done outstanding things with it. Costner's No Way Out had a somewhat similar storyline, but it was a much better movie. <br /><br />The ending was completely anticlimactic and suffered from the most melodramatic scoring of the film. This movie was never going to be great, but if we saw more of Mexico and less of giant heads this film might have been watchable.",negative
"''The 40 Year Old Virgin'''made me laugh a lot. I don't care if it is considered to be a very sexual comedy, I just enjoyed many of the jokes and scenes present in this movie. Steve Carell is perfect as the virgin nerd Andy Stitzer and I think the scene where Andy has his chest hair removed by wax one of the coolest, specially because it is real. Many of the actors and actresses present in this movie are well known or already famous,by the way.<br /><br />Andy Stitzer has a peaceful life. He is a little bit strange and collects lots of toys, but seems harmless. One day, while playing poker with his friends of his work, they discover that Andy is in fact...virgin! And he is already 40 years old! After this surprising revelation, all his friends are trying to make Andy sleep with a woman...the problem is the confusions in which Andy gets in,specially now that he is really starting to like Trish, a woman he met when she was buying a DVD player in the store he works at.",positive
"This happens to be one of my favorite horror films. It's a rich, classy production boasting an excellent cast of ensemble actors, beautiful on-location cinematography, a haunting musical score, an intelligent and novel plot theme, and an atmosphere of dread and menace. It's reminiscent of such classic films as ROSEMARY'S BABY and THE SHINING, wherein young, vulnerable women find themselves victimized by supernatural forces in old, creepy buildings with a macabre past. Here, CRISTINA RAINES plays a top New York City fashion model named Alison Parker. Her happy, outgoing exterior masks a deeply conflicted and troubled soul. This is evidenced by the revelation that in her past, she attempted suicide twice- once as a teenage girl after walking in on her degenerate father cavorting in bed with two women and having him rip a silver crucifix from her neck and toss it on the floor, and the second time, after her married lawyer-boyfriend's wife supposedly committed suicide over learning of their affair. Telling her beau(played by a suitably slimy CHRIS SARANDON) that she needs to live on her own for a year or so, she answers a newspaper ad for a fully-furnished, spacious one-bedroom apartment in an old Brooklyn Heights brownstone. This building actually exists and is located at 10 Montague Terrace right by the Brooklyn Heights Promenade off Remsen Street. The producers actually filmed inside the building and its apartments, paying the residents for their inconvenience, of course. The real estate agent, a Miss Logan(AVA GARDNER), seems to be very interested in having Alison take the apartment- an interest that cannot be solely explained by the 6% commission she would earn. Especially when she quickly drops the rental price from $500.00 a month to $400.00. Alison agrees and upon leaving the building with Miss Logan, notices an elderly man sitting and apparently staring at her from the top-floor window. Miss Logan identifies the man to her as Father Halliran and tells Alison that he's blind. Alison's response is very logical- ""Blind? Then what does he look at?"" After moving in, Alison meets some of the other residents in the building, including a lesbian couple played by SYLVIA MILES and BEVERLY D'ANGELO, who provide Alison with an uncomfortable welcome to the building. Alison's mental health and physical well-being soon start to deteriorate and she is plagued by splitting headaches and fainting spells. When she relays her concerns to Miss Logan about her sleep being disturbed on a nightly basis by clanging metal and loud footsteps coming from the apartment directly over her, she is dumbstruck to learn that apart from the blind priest and now herself, no one has lived in that building for the last three years. Summoning the courage one night to confront her nocturnal tormentor, she arms herself with a butcher knife and a flashlight and enters the apartment upstairs. She is confronted by the cancer-riddled specter of her dead father and uses the knife on him in self-defense when he comes after her. The police investigate and find no sign of violence in that apartment- no corpse, no blood, nothing. Yet Alison fled the building and collapsed in the street, covered in blood- her own, as it turns out. But there's nary a mark on her. What Alison doesn't realize until the film's denouement is that her being in that brownstone has a purpose. She was put there for a reason- a reason whose origin dates back to the Biblical story of the Garden of Eden and of the angel Uriel who was posted at its entrance to guard it from the Devil. She is being unknowingly primed and prepped by the Catholic Church to assume a most important role- one that will guarantee that her soul, which is damned for her two suicide attempts, can be saved. At the same time, the ""invisible"" neighbors, who turn out to be more than just quirky oddballs, have a different agenda in mind for her. This is a competent and intelligently done film and one that surprisingly portrays the Church and its representatives in a mostly sympathetic light.",positive
"This movie had it all,action,comedy,heroics,and best of all some of the finest actors.Gunga Din will remain a classic to be enjoyed by all who like good movies.Excellent picture,i have it in my collection.",positive
"The story-line of ""The Thief of Bagdad"" is complex, owing to its being told in flashbacks and having three separate and equally important strands woven together. The screenplay by Lajo Biros and the dialogue by Miles Malleson keep the story moving skillfully at all points.The young King Ahmad of Bagdad is angry at his vizier Jaffar for executing a man for having different ideas. He discovers while in disguise that people blame him for Jaffar's deeds and hate him. He is imprisoned by Jaffar, where he meets Abu the young thief. The two escape and take a boat to the city of Basra. There the companions spy when men clear the way so none will see the Princess of the city passing by. Ahmad falls in love with her and visits her in her garden. He tells her he has come to her from beyond time and wins a kiss. Then he is captured. When Jaffar comes to win the Princess of Basra for himself, Ahmad attacks the evil vizier who blinds him and turns Abu into a dog. Jaffar then asks for the Princess's hand, and he gives the gift of a mechanical flying horse to the Sultan of Basra. The blind Ahmad then tells his tale in the marketplace, accompanied by Abu as his dog. The Prince has fallen into a sleep and nothing can wake her. So Jaffar sends his servant Halima for Ahmad and the dog, in hopes the prince can rouse her. He does awaken her. She boards a ship to find a doctor to cure Ahmad, but she is captured by Jaffar who then throws the dog overboard. She then allows Jaffar to take her in his arms, on his promise to restore Ahmad's sight and turn Abu back into a thief. The princess sees a vision of Ahmad; he is in a boat; Jaffar sends a storm to beset him and Abu is shipwrecked on a deserted island. Abu finds a genie or djinn who wants to kill him now that he is free after many centuries spent imprisoned in a bottle. Abu tricks him into proving he really came from so small a vessel, then corks him in again. For freeing him, he gets three wishes. His first is for sausages. In the meanwhile, the Princess pleads with her father to refuse Jaffar; but Jaffar shows the Sultan a new mechanical toy, one of whose six arms stabs him to death. Abu makes a second wish, to find Ahmad. The cunning genie flies him to the goddess of the All-Seeing eye. Abu has to climb a great web to get to the gem that is the eye, battling a giant spider, then scaling the goddess's statue. Abu gazes into the 'eye' and sees Ahmad in a canyon. He has the genie take him to Ahmad. Ahmad uses the eye to see the princess. She smells a flower and forgets everything at once. Abu wishes they were in Bagdad, but the genie laughs and leaves; Jaffar tells the Princess that she is in love with him, omitting mention of Ahmad. Ahmad tries to fight his way to the Princess, but Jaffar smashes the 'eye'. Abu finds himself in the ""Land of Legend"", where the old men who rule want to make him their king. He steals a bow and a magic carpet and escapes instead, to hurry to save Ahmad and the princess. The thief arrives in time to save the young king from the executioner, using his bow from the flying carpet, to the wonder of the throng who had come to watch the execution. Jaffar tries to flee on the mechanical flying horse, but another shot from the bow finishes him. Ahmad is ruler again and plans to wed his Princess; but when he tries to make Abu his vizier, the young thief refuses, saying that what he wants is adventure, not hard work and confinement in a palace however grand it may be. This fantastic story was given a sumptuous production by producer Alexander Korda. The production was designed by Vincent Korda who was also art director, while Georges Perinal did the colorful cinematography. The directors credited are Ludwig Berger and Michael Powell, with Tim Whelan, Alexander Korda, William Cameron Menzies and Zoltan Korda participating. The extraordinary and numerous costumes designs were the work of John Armstrong, Oliver Messel and Marcel Vertes. The production, apart from its gorgeous and expensive-looking visual splendors, I claim is dominated by two other elements, the choral music of Miklos Rozsa and the performance by Conrad Veidt as the evil Jaffar. Rex Ingram plays the genie with a curious accent, plus his usual intelligence and power. June Duprez is lovely and effective as the Princess Mary Morris is a sad and beautiful Halima, and Miles Malleson a properly bumbling and avaricious Sultan. As Ahmad, John Justin appears to do most of what can be done with the part of a young prince in love and then some; he is memorably good in his winning role. This film has a spaciousness about it that is found, I assert, in other Korda works also. Its imaginative content stands in contrast to very-strong realistic sets, costumes and set-design elements. This is one of the most memorable idea-level fantasies of all time, worthy to be enjoyed over and over.",positive
"Hmmm, yeah this episode is extremely underrated.<br /><br />Even though there is a LOT of bad writing and acting at parts. I think the good over wins the bad. <br /><br />I love the origami parts and the big 'twist' at the end. I absolutely love that scene when Michelle confronts Tony. It's actually one of my favorite scenes of Season 1. <br /><br />For some reason, people have always hated the Reincarnation episodes, yet I have always liked them. They're not the best, in terms of writing. but the theme really does interest me,<br /><br />I'm gonna give it a THREE star, but if the writing were a little more consistent i'd give it FOUR.",positive
"Faith and Mortality... viewed through the lens of an elderly Ashkenazi Jewish-American gentleman and a younger, African-American Jewish gentleman who waver between being at odds with each other and having frank talks about how their lives have unfolded over the years..<br /><br />Mostel's character is a tailor with chronic back problems, and a terminally ill wife; Belafonte's character is a career hustler, never settling on a regular job, and a fatal car accident leaves him in an odd Purgatory-- he must convince Mostel to renew his faith, as it has been failing along with his wife's health (and his own).. but Belafonte's Levine has his own problems, still pining for the girlfriend he left behind..<br /><br />Belafonte's character leaves the film before he seemingly should, and so the the ending is cryptic, and the film suffers somewhat from its ambiguous ending..<br /><br />This is not a 'typical' Hollywood movie on ethnic relations or about a person's crisis of faith.. it is worth watching more than once and appreciating the excellent performances of the principal actors..",positive
"A cheesy ""B"" crime thriller of the early '50, the story is droll, the characters wooden, Allison Hayes and Abbe Lane are the only two sexpots that make it an eye-catcher, but one short shot, only a few frames long, shows an ""el"" train crossing the river on the State Street bridge, of the 6000 series Pullman-built cars painted in their original 1950 paint scheme, as they were delivered when new in 1950. For traction fans like me, that one short take makes the picture worthwhile. I think films like this one, Ulmer's DETOUR, D.O.A. with Edmund O'Brien,THE FUGITIVE with Harrison Ford, and others of the film noir genre, (big city crime dramas) make it interesting if for nothing other than the fact that I know Chicago and San Francisco intimately and recognize most of the street locations. Other wise it's a really droll boring film!",negative
"Dolph Lundgren stars as a former cop/boxer who searches Boston's kinky scene to find out who killed his brother,who was well thought of in the community, however along the way he learns how his brother enjoyed kinky sex and that a serial killer is to blame. Dolph Lundgren is very good in this movie, in fact on the basis of his performance here, one would forget Lundgren's rise to fame involved action roles. That said the material gives Lundgren nothing to work with, in fact, Lundgren is completely left out to dry in a dreary thriller which is both predictable and incomprehensible. Co-Star Danielle Brett is also good, in fact the film works best when it centers around the chemistry of Lundgren and Brett, indeed had the film taken the time to explore their relationship the film would've been fairly decent. However the movie is lackluster, the action is non-existent, the plot not given enough exploration (Too much boring B.S around Lundgren's investigation of his brother's employer) and the film is needlessly gory and ridiculous. Once again, Lundgren is actually really good (As is newcomer Danielle Brett) but the film just lumbers from one sequence to the next, which makes this movie particularly disappointing. If anything else though, it shows how underrated Lundgren is, as an actor.<br /><br />*1/2 Out Of 4-(Poor)",negative
"This working girls go to hell soap is a time capsule candidate, courtesy of its immaculate physical production, 50s costuming (look at all those bows and pearls), creamy Johnny Mathis theme song and oh-so daring (for its time) sexual attitudes. Rona Jaffe's novel, on which the film was based, keeps on being republished, and just a few years ago Vanity Fair actually devoted an article to this delectable bon bon of a movie. Take a look at the new DVD transfer and you'll know why.<br /><br />The three leads - Hope Lange, Diane Baker and Suzy Parker - echo the girls from ""How to Marry A Millonaire"" or Carrie Bradshaw and her friends from ""Sex and the City."" ""Gentlewomen songsters off on a spree..."" Their romantic adventures and sexual entanglements are the stuff of paperback passion: empty caramel corn calories, devoid of nutrition, impossible to resist snacking on. Lange is genuinely touching in her neo-Grace Kelly way, Baker is properly dim and idealistic as a timid virgin who gets (gasp) knocked up by a (hiss) cad. It helps that the cad is played by Robert Evans, the throaty voiced, coke snorting film mogul who surely has lead many an innocent young lamb to the slaughter in his Beverly Hills bedroom.<br /><br />Suzy Parker is fascinating in the first half of the film, all blithe self assurance and knowing remarks. She struts her stuff with the panache of the fashion icon she was in the 50s. Alas, she's not up to where the film sends her: into madness and obsession. But she exudes glamour and savior faire and her acting is at least adequate. One wonders why the critics loathed her, virtually driving her out of movies a few years later. Perhaps an aloof attitude on the part of a good looking woman is just too much to bear. It sank Ali McGraw's career a generation later, and, when you think of it, Ali McGraw and Suzy Parker were basically the same actress.<br /><br />The film's only major flaw is a weak ending. It pretty much collapses into a romantic swoon at the end, rather than rising to a wham bang melodramatic finish, like the other famous soap opera from producer Jerry Wald, ""Peyton Place,"" which had Lana Turner weeping and gnashing her teeth during a rape trial. Here, Hope Lange wanders out onto the New York sidewalk, spots burly, eternally hung over (but now, of course, sober) Stephen Boyd and they simply walk off together...into the sunset, one presumes. Otherwise, this is pretty much the definition of a guilty pleasure.<br /><br />Oh Yes...there's also Joan Crawford, breathing fire at all the young girls and smoking cigarettes while she hisses to her married lover over the phone. And the titles are done in hot pink, with ribbon lettering that recalls the department store ads of the late 50s. Don't miss!",positive
"A labor of love. Each frame is picture perfect and grabs you. Then the sheer emotion and story-telling take you through a dream that stays with you long after the movie. The director gets your heart and leads it through 100 minutes of visual poetry. You are a part of the emotional ride of the characters. I have seen this movie at 2 festivals and it got with standing ovations at every showing. The remarkable story-telling transcends nationality and language and I felt I was a part of the drama unfolding before me. The casting is as perfect as one can get. Vijay Raaz, Camille and Benoit each hold their own. <br /><br />I strongly recommend this film to everyone who appreciates good cinema. I can't wait for the commercial release of this movie.",positive
"Neatly skipping over everything from the coup in Cuba to his undercover entry into Bolivia, part two of Soderbergh's portrayal of Che Guevara is that of the tragic hero. As with Che  Part One, this rather rambling guerrilla warfare escapade through the colourful mountains of Bolivia is probably destined to disappoint more people than it will satisfy, so why was the film (and particularly Benicio Del Toro's performance) so loudly praised at Cannes?<br /><br />James Rocchi, for instance, called it, a work of art that's, ""not just the story of a revolutionary,"" but, ""a revolution in and of itself."" The Guardian's Peter Bradshaw called it a ""flawed masterpiece."" I return to my original contention for Part One  that the value lies particularly in depiction of a hero figure. And in an age when there is a surfeit of poor hero role-models, could it not be salutary to see a strongly honourable one, even if stripped of some of the less endearing episodes of his life? This is the psychological hero enshrined by the great Scottish essayist, Thomas Carlyle, in his seminal book, Heroes and Hero Worship. Heroes can be real or imaginary (or somewhere in-between). But should genuinely inspire us to higher goals, a higher purpose. Compare this with the unrealistic 'heroes' of standard Western storytelling: where a person undergoes trials and tribulations before obtaining a barely-believable reward  usually everlasting love or material wealth  as if by divine studio intervention. Real heroes have an excess of moral courage  not Lost Ark dare-devilishness or James Bond super-toys. They rise, and empower others to rise, to be the best that they can be. In Part One, Che succeeds. In Part Two, he fails. It is not for want of moral courage but since a) not all good plans can succeed and b) being human, mistakes are inevitable.<br /><br />Guevara's intellectual clarity is flawed when he equates conditions that justify armed struggle with conditions that make that armed struggle able to succeed. It is a serious miscalculation.<br /><br />High in the mountains from La Paz, the colours are breathtaking. There is an air of mise-en-scene authenticity that was occasionally lacking in Che - Part One (The U.S. would not allow Soderbergh to film in Cuba.) Visual treats are heightened by maximising natural light and the extreme flexibility and realism offered with groundbreaking RED cameras. This is a high performance digital cine camera with the quality of 35mm film and the convenience of pure digital. Designed for flexibility and functionality, the package weighs a mere 9 lbs. ""Shooting with RED is like hearing the Beatles for the first time,"" says Soderbergh. ""RED sees the way I see . . . so organic, so beautifully attuned to that most natural of phenomena  light."" If Che had stopped with the successful Cuban revolution it would have enshrouded him with an almost mystical invincibility. That he fails in Bolivia shows not only that he has human limitations but that it is his moral virtues that are remembered, not the political triumph. Critics will say  and with some justification - that his armed struggle inspired much less noble characters to achieve tin-pot dictatorships. His development of guerrilla fighting tactics are not good or bad in themselves (and have since been used for both).<br /><br />But for all its praiseworthiness, the film often seems to lack dramatic and narrative tension. We stumble from one escapade to another, knowing that he will eventually meet his death. I found myself glancing at my watch and thinking it could have been shorter. But the work that has gone into this  interviews with people from all sides and even getting one of Guevara's ex-comrades to coach actors on the minutiae of the Bolivian operations  make the film a commendable achievement. It might not be top-flight entertainment, but it demonstrates integrity in documenting a significant slice of history.<br /><br />There is also another very important point in the Che 'hero' figure here. It's about failure. That if you try your utmost, even if you fail, your effort will not have been in vain because it may give others hope and moral courage. One could cynically call it a 'martyr' complex, and it is found, of course, in many religious figures as well. But Che does not 'sacrifice' himself. He does what he does best, to the best of his not inconsiderate ability, and so provides an example. Success or failure in any particular instance become mere details.<br /><br />With the U.S.'s longstanding and illegal blockade of Cuba (all in the name of 'freedom'), I am tempted to write that Che Parts 1 & 2 are too good to be wasted on the U.S. But that would be to invite a contention that the film has sought so earnestly to avoid. One must hope that many viewers will have the skill to view Che without politics and the bias that inevitably engenders. Whatever its faults, it rehabilitates Soderbergh from the populist nonsense of Oceans 11.<br /><br />But if you haven't heard of Che Guevara or seen Part One, or if you can't get past the phrase 'murderous Marxist' without frothing at the mouth, I might struggle to imagine what you would get from this film. The same can be said for many who have, and can.",positive
"I wish ""that '70s show"" would come back on television. It was the greatest show ever!!! They should make episodes between the other episodes but of course that would be confusing. But I wish it would come back and make more episodes. Please come back... The show was absolutely hilarious. You couldn't laugh without seeing an episode. There is a really funny part in every episode and plus the show was so much better when Hyde and Jackie were going out with each other. Those were the best episodes. ""That '70s show is the best"".... It will be and always will be the best show ever. It was really sad when the show ended. They should make new episodes.",positive
"When I was a kid, I remember watching this while visiting a friend of our ""Uncle"" Phil. We're Back! A Dinosaur's Story is a silly cartoon about a dinosaur called Rex (voiced by the wonderful John Goodman). He tells a little boy dinosaur the story about how the dinosaurs came back to Earth to live. He explains that he was part of the thing that brought them back, along with some friends. The Doctor/Professor villain of this film I think might have been responsible for them being them back, but I don't care about him. The kids might like this, but personally it is just too cheesy. John Goodman was probably the only decent thing. Poor!",negative
"I first saw this in the theater in 1969 when I was 9 and immediately fell in love with it. I'm sad that Sony has not seen fit to release this on DVD (""but one day, one day...""). I recently obtained a VHS copy of this on eBay and sat down to watch it 39 years later. I'm happy to report it still stands the test of time. The acting is spot-on, John Williams' orchestrations are lush and Leslie Bricusse's songs memorable (""When I Am Older,"" ""You and I,"" ""Fill the World With Love,"" ""London Is London"" are just a few of the standouts. And not enough can be said about Peter O' Toole, Petula Clarke, Michael Redgrave and Michael Bryant's acting. Terence Rattigan deserves an A+ for his update of the James Hilton story. There really is nothing not to like about this film. It's a good cheer-me-up selection. Glad they have released the original soundtrack as a three-CD set with lots of extras. Wish Sony would hurry up and do the same with the film.",positive
"I got a chance to talk with the co-creator, Rebecca Cammisa at the 2002 High Falls Film Festival in Rochester, NY. She said that her style is to be completely open and uninhibited in filmmaking but was very happy to be so severely constrained in the tight quarters of the group home. The narrow hallways and small rooms were expertly shot with a realism that would have been lost with more controlled and deliberate camera work.<br /><br />Sister Helen herself is a remarkable character, coming from tragedy in her own life to being an unusual combination of caring, tough, and street smart. The way the film introduces us to her past is excellent, spending only a few carefully selected minutes sprinkled throughout.<br /><br />In all, I can't begin to correctly heap on praise for this film. It really is a treasure of cinema and the subject a treasure of humanity.",positive
"Korine's established himself, by now, as a talented and impressive image-maker. The promotional posters for Mister Lonely all include the film's most impressive compositions (though there's one in particular I've yet to see in promo material: that of a blue-clad nun teasing a dog with a stick, surrounded by green forest with torrential rain pouring down). The opening images of this film, of Michael Jackson lookalike (Diego Luna) riding a small motorbike round a track, is strangely compelling and beautiful: Roy Orbison's ""Mister Lonely"" plays on the soundtrack, and the images unfold in slow-motion. There's also a funny and terrific sequence in which the same character mimes a dance, without music (though a radio sits like a silent dog next to him), in the middle of a Paris street; Korine splices in sound effects and jump-cuts that evoke both a feeling of futility and dogged liberation in the character's dance routine.<br /><br />The first instance of the segment dealing with the nuns is also strangely poignant; Father Umbrillo (Werner Herzog) is an autocratic priest about to fly with some nuns over, and drop food into, impoverished areas nearby. In a scene that is both light-hearted and affecting, Herzog must deal with a stubbornly enthusiastic local who wishes to make the plane trip with them in order to see his wife in San Francisco. As the exchange develops, Herzog draws out of the man a confession: he has sinned, and his frequent infidelity is the cause of his wife having left him in the first place. This scene, short and sweet, gains particular weight after one learns its improvised origins: the sinner is played by a non-actor who was on set when Korine and co. were filming - and his adulterous ways had given him, in real life, a lasting, overwhelming guilt.<br /><br />Henceforth, the film is hit-and-miss; a succession of intrinsically interesting moments that add to a frivolous, muddled narrative. Whereas Gummo and Julien Donkey-Boy maintain their aesthetic and emotional weight via coherent structural frameworks, Mister Lonely feels like a victim of editing room ruthlessness. A few scenes were cut from the film, which would have otherwise painted fuller pictures of certain characters, due to continuity errors in costume - a result, no doubt, due to the absence of a shooting script and Korine's tendency for improvisation. One deleted scene in particular - in which 'Charlie Chaplin' (Denis Lavant) and 'Madonna' (Melita Morgan) have sex - would have added much more emotional conflict to a scene later on in the film (I won't spoil it, but it's there to deflate any feeling of warmth or celebration, and, as it is, only half-succeeds).<br /><br />The two strands of the narrative, unconnected literally, are best approached as two entirely different stories with the same allegorical meaning; one compliments the other and vice versa. (It's something to do with the conflict between one's ambitions and the reality of the current situation.) But there's not enough of the Herzog scenes to merit their place in the film, and so any connection between these two allegorically-connected threads is inevitably strained - and the inclusion is, in retrospect, tedious.<br /><br />This is an ambitious step forward from Julien Donkey-Boy that suffers mostly, at least in the lookalike segments, from having far too many characters for the film's running length, a flaw that would have been even worse had big star names played everyone (as was originally planned).<br /><br />With many of the imagery's self-contained beauty, and moments of real, genuine connection with the soundtrack, this feels like it'd be much more suited to an art installation or photo exhibition. As an exploration of mimesis and the nature of impersonation, it'd lose none of its power - indeed, for me, it would perhaps be more impressive. The loneliness attached to iconic performativity (such as that encountered by both the icons themselves and those who aspire to be like them) is well-captured in images such as that wherein 'Marilyn Monroe' (a gorgeous Samantha Morton) seduces the camera with a Seven Year Itch pose in the middle of a forest, or when 'Sammy Davis, Jr.' (Jason Pennycooke) settles, post-dance rehearsal, with his back to the camera overlooking an incredible, tranquil lake.<br /><br />As it is, moments like these, and all those where the titles of randomly-chosen Michael Jackson songs crawl across the scene, are married to one another in a film narrative far less affecting than it should be.<br /><br />(For those who see it, I lost all faith during the egg-singing scene, late on. You'll know which scene I mean because it sticks out like a sore thumb, as some sort of gimmicky attempt at the new cinematic language for which Korine has previously been hailed.)",negative
"Beware My Lovely originated from a play written by Mel Dinelli who apparently liked writing about frightened women. His first and best effort was the screenplay for The Spiral Staircase. He also did a Loretta Young suspense thriller Cause For Alarm a couple of years earlier. The play Dinelli wrote was originally entitled The Man and it ran for 92 performances on Broadway during the 1950 season. It was Dinelli's only effort on Broadway and it starred Dorothy Gish and Richard Boone. <br /><br />The roles that Gish and Boone played are taken by Ida Lupino and Robert Ryan. For whatever reason RKO thought to eliminate the age difference. Dinelli himself rewrote his play for the screen so I'm wondering what he thought about that. Certainly the frailty issue was eliminated completely from the story.<br /><br />That wasn't the only thing that was eliminated. The people are all wearing period clothing from around World War I yet there's no reference at all to the time this story takes place in. I thought that strange and later on when the telephone company repairman comes to Ida Lupino's residence, I noticed his truck was a vintage one of the same era.<br /><br />The film is almost entirely set within Ida Lupino's home where she's hired an itinerant stranger in Robert Ryan as a handyman. The film is a great object lesson in not hiring strangers without reference. It turns out that Ryan is a schizophrenic who imprisons Lupino in her home for about a day.<br /><br />Both the leads do fine jobs even with the changes made. Films like Beware My Lovely are the stuff that a small studio like RKO did best. If this were done at MGM or Paramount the glossy trappings would have overwhelmed a solid story.",positive
"If this movie was written directed and produced with the intention of creating a bad movie cult classic, it might (i say might) have been a hit. Have you ever sat and watched a movie that was so absolutely awful that it becomes fascinating in terms of its faults? Well this is it. Every one of the acting cast should be nominated for worst acting performance awards. It would be hard to find another film, with this kind of production budget, that contains so little of any value whatsoever. The whole thing, from the opening scenes defies logic. Dialogue is completely unbelievable and illogical. Ditto for the behaviour and general storyline of the film itself. What is really mind boggling, is that some buffoons in a boardroom actually made decisions to spend money on this piece of trash. Wow.",negative
"I've enjoyed this movie ever since I first saw it in the theatre. Some movies have a cast of characters and a script that come together in perfect synergy, and this is one of them. The characters illustrate some truths about getting the best out of people, working together harmoniously, building a team and achieving goals, without ever preaching morality. The situations are crafted well and are consistent with the movie's opening premise. The tension builds nicely and the humor is clean and consistent throughout. The movie manages to pull me right in to root for the characters, and to laugh pretty well all the way through. This is a feel good movie as good as they come.<br /><br />What amazes me is that a movie which appears so simple can be so long term entertaining. The music is a perfect copy of music in the typical serious post war navy movies, which helps to create the humor and point out that greatness is in the eye of the beholder. The scenes in the credits are a great music video of ""In the Navy"", which deserve their own full screen special feature. The scenes and cuts are crafted well, and the casting and acting is right on.<br /><br />This movie is a classic as great as any ever made, without any pretensions. In fact, the lack of pretension is what makes it so much fun to watch. I love these guys and gal.<br /><br />The other day I thought of the film, and wondered whether it was available on DVD. Good fortune has come to us, and the DVD came out in May 2004. I headed to the store, and snapped up a copy. Then my wife and I enjoyed another hilarious night in front of the big screen. I've rated this movie as a 10 because it comes together on all levels, far better than many high budget films and Oscar winners. This is entertainment.<br /><br />Listen up Fox home video: you have a great movie in your vaults, and it's a shame to find a cheap shot DVD with badly degraded off tint colors only 8 years since release. So why not restore the colors and present the film as it was meant to be seen? I'd gladly pay a few bucks more to get the picture right. I'm grateful to have my own copy. Now give us the eye candy that the film deserves, and how about recreating the credit sequence as a full screen music video special feature.",positive
"Brought Philip Larkin to life in a way that is worthy of the greatest performances of all time, and not just the ones that are measured by popularity. It shows a stark portrayal of Larkins life as the greatest unrecognized poet of his era - which is exactly how he would have wanted it, such was his disdain for cankers and medallions. It dramatically exposes the raw beauty in the intense sadness of Philips observations of our relationship with our own mortality, and lays it our in a way that seems to have missed even the great philosophers. for anyone interested in profound observations of our relationship with life, love and death this is a must.",positive
"This piece of crap might have been acclaimed 60 years ago, but it is one of the most racist movies ever made with the Native American Indians played by white men. The right-wing Republican James Stewart was a huge racist in real life, just like his close friend John Wayne. In 1971 Stewart had actor Hal Williams fired from ""The Jimmy Stewart Show"" (a short-lived series that mercifully flopped) just because Williams was black. As if that were not bad enough, this film is very dated and boring. Watch ""Dances with Wolves"" instead for a less racist view.<br /><br />Stewart was in his forties when this awful movie was made, and even with his ridiculous wig he still looked like a paedophile chasing after 16-year-old Debra Paget. I'm surprised it was even allowed.<br /><br />0/10.",negative
"Long, boring, blasphemous. Never have I been so glad to see ending credits roll.",negative
"Jack, Sawyer and Sayid swim to the boat and find a completely wasted Desmond. His traumatic past experience before sailing to the island is disclosed through flashbacks. Sayid plots a plan with Jack to surprise ""The Others"" in case Michael is double-crossing the group. John Locke convinces Desmond to invade the hatch, which is protected by Mr. Eko, and not press the button of the computer to see what will happen.<br /><br />This episode is one of the best of the Second Season. Unfortunately, we lovers of ""Lost"" can see the lack of respect the producers of this stunning series have with the fans. In the USA, the air date of this episode was 24 May 2006. Therefore, along this period, fans have to wait for the Third Season in a very suspenseful situation, with Jack and his group surrounded by ""The Others"" and finding the truth about Michael and the death of Ana Lucia and Libby; John locked inside the hatch without the intention of pushing the button and Mr. Eko in despair outside the hatch. I hope the fate of ""Lost"" be better than ""Angel"" and its very disappointing conclusion (or lack of conclusion) after five seasons. My vote is ten.<br /><br />Title (Brazil): Not Available",positive
"First things first, this movie is achingly beautiful. A someone who works on 3D CG films as a lighter/compositor, the visuals blew me away. Every second I was stunned by what was on screen As for the story, well, it's okay. It's not going to set the world on fire, but if you like your futuristic Blade Runner-esquire tales (and who doesn't?) then you will be fine.<br /><br />I do have to say that I felt the voice acting was particularly bland and detracted from the movie as a whole. I saw it at the cinema in English, but I am hoping that there is a French version floating around somewhere.<br /><br />Definitely worth seeing.",positive
"A surprisingly complex and well crafted study of ""The First"" serial killer in the USSR. Set in the days of perestroika this intense piece is brought to full life with the performances of Stephen Reah and Donald Sutherland.<br /><br />This examination of Cicatillo as a killer is well rounded and by hinting at some of his behaviors while out right showing others there is a subtlety that is compelling without being overtly graphic. Not for the weak of heart however as it's subject matter is often disturbing but necessary to it's full development of the main participants in this fact based story.<br /><br />HBO has furnished us with an excellent film in an unusual manner. Congrats to the director and editor of this great piece. It is in my Top 10 Must see list.",positive
The main reason to check this one out is to watch Laura Gemser in all her glory.<br /><br />That's reason enough for me.<br /><br />She heads to Africa as guests of another rich guy that seems to be all over these films. Huge mansion near the jungle. Hunters staying around for parties when they aren't out hunting zebras. And said parties becoming drunken orgies.<br /><br />All the high society types in the Emanuelle films seem to have out of control fetishes. And Emanuelle beds most of them.<br /><br />Joe D'Amato did NOT direct this one. He just ripped it off and used the same cast(s). And did anyone notice the 'subliminal' sexual images at the gas station? And why did most of the men stay dressed during the sex scenes? <br /><br />Coherence? Hardly any. BUT GODDESS GEMSER IS BEAUTIFUL.,positive
"This movie is just funny. mindless, but funny. to enjoy this movie completely you can't have a perception of how a film like this goes and just enjoy all the side jokes and puns which are involved with the film. I still find the bit at the start funny when he says ""want a beer........cock"". funny stuff. but what makes the film decent is the fact that it doesn't try to hard to create a serious spin on the film, too many comedies try to have serious aspects which you just don't believe. But this is different and just focuses on being funny. I must say though, Yasmin bleeth is terrible in the film and adds nothing but the 3 main guys, coop, remer and squeak are very funny to watch and make the film great to watch",positive
"Just got around to seeing Monster Man yesterday. It had been a long wait and after lots of anticipation and build up, I'm glad to say that it came through and met my expectations on every level. True, you really can't expect too much from hearing the plot rundown, but after reading some of the reviews for it, I was ecstatic. I mean, what trash fan wouldn't want to see a gore flick about a deranged inbred hick mowing people down with his make-shift monster truck? I went in expecting a cross between Road Trip and The Hills Have Eyes and got so much more. This was a horror comedy that actually worked. The film makers got it right when it came to making you squirm and making you howl with laughter at the same time. Kudos to Michael Davis for going all out with the gore and pushing the envelope with the sickass humor. Let me list just a few reasons why I love this movie so much: First off is the story. It's been done to death in so many other flicks. A college guy gets wind that his childhood crush is getting married. He, being the 25 year old virgin that he is, hops in his Vista Cruiser and decides to take the road trip to confess his love, hoping that she will fall head over hills and all that good jive. Hidden in the backseat of his station wagon, is good buddy Harley. Harley is the loudmouth, former friend, who laughs and talks just like Jack Black in High Fidelity. You can't help but like the guy, but if he was your friend in real life, you'd have to keep a whiffle ball bat handy(laugh all you want, but have you ever been hit with one?) to keep him in check. So, he's a little on the obnoxious side, to say the least, but you can tell that he's a loyal friend, deep down...Anyway, they're on the road and when they stop in a bar, they aggravate the locals. Now they're being stalked by a leatherface clone in a monster truck. That's it. Yeah, along the way they pick up a gorgeous hitchhiker but I'm too lazy and hungover to go into that right now... so just watch the damn movie.<br /><br />Second thing I love was the humor. This one had some of the sickest laughs of any movie since Cabin Fever. Just how messed up is it? Well, I won't even go into the whole cat scene and as for the ""corpse burrito"" thing, I'll leave that to your virgin eyes as well. The bar full of amputees was somewhat disturbing and that guy who looked like John Turturro bothered me too. Harley, although a totally obnoxious frat-boy type, can really sling off the one liners. Love the clogs, by the way. I need a new pair..<br /><br />The GORE. This one pours it on heavy. While the first hour plays out as a demented road comedy, the last third is all about blood and guts. If the movie hadn't kept such a light tone throughout, it would have been a little disturbing, but seeing how it was all played for laughs, there is no way possible that you will be bothered by it. If you're still in your seat by the time it comes, you'll probably see the humor in it too, but seriously, there were buckets and buckets of the red stuff. There was a big plot turn that I DIDN'T see coming and when the credits rolled, I was completely satisfied. I had gotten exactly what I came for and I'm really glad that I bought it. Much like Cabin Fever, it's going to get a lot of replay.<br /><br />The Look of the movie was outstanding. There was this deliberately cheap look that made the whole thing scream late 80s and I loved the exaggerated colors. It's obvious that Monster Man was done on a relatively low budget, but much like Cabin Fever (sorry I keep comparing the two) it actually works in the movie's favor. Cabin Fever was an ode to the 70s greats, this was the 80s answer to that. So take that for what it's worth. No CGI here. This is what we all needed. I'm not exactly sure why it didn't get a theatrical release because this is everything that Jeepers Creepers SHOULD have been. Thank god for Lions Gate.",positive
"Having not read the book, I was more open to the fresh interpretation that each director gives to their medium (which is film, not ""to the letter"" reproductions of literature)on this particular film. I was happy that the holocaust that occurred in Russia (and it's neighboring countries) finally received some attention. The Nazis were particularly cruel to Russians and Russian Jews. If you read the histories and see the monuments built in Smolensk and nearby regions you will understand this movie and why many kept silent when they should've spoken up.<br /><br />It was certainly time for this to be chronicled and I hope that more stories will come out of this. It's high time.",positive
"Oh dear. I was so disappointed that this movie was just a rip-off of Japan's Ringu. Well, I guess the U.S. made their version of it as well, but at least it was an outright remake. So, so sad. I very much enjoy watching Filipino movies and know some great things can come out of such a little country, so I can't believe this had to happen. Claudine and Kris are such big names there, surprised they would be affiliated with plagiarism. To any aspiring movie makers out there in the Philippines: You do not have to stoop this low to make money. There are many movie buffs that are watching the movies Filipinos put out and enjoying them!",negative
"I came out of ""Rendition"" with a list of flaws a mile long, so how is it that my overall impression is that it was a pretty decent movie? It's definitely a film whose sum is better than its parts.<br /><br />Those parts include a cast of big name stars, not one of them giving a memorable performance (Omar Metwally, a relative unknown, is the one you'll remember); serviceable if undistinguished direction; and a screenplay that's both too complicated and too simplistic at the same time. Metwally is an Egyptian-born American citizen who gets kidnapped by the U.S. government's rendition program, otherwise known as the process by which America tortures suspected terrorists into confessing information whether or not it's remotely true. Reese Witherspoon plays his pregnant wife, who calls in the favor of an old college friend (Peter Saarsgard), who works for a senator (Alan Arkin) and helps to track her husband down. Meryl Streep plays the head of the rendition program; Jake Gyllenhaal is a young agent assigned to the interrogation and whose conscience gets in the way. Meanwhile, a whole parallel storyline follows the daughter of a top Egyptian official who is allied to the American rendition program and her boyfriend, who's in training to become a suicide bomber.<br /><br />Ay-yi-yi that's a lot of plot to pack into a two-hour movie, and I was about to wash my hands of the whole thing, especially the Egyptian Romeo and Juliet subplot that felt like nothing more than a distraction. But then near the film's finale, a twist of chronology brings all of the plot strands together in a way that makes you want to reassess everything you thought you knew about the motivations of the various characters, and makes ""Rendition"" a much more interesting movie than it seems like it's going to be.<br /><br />Witherspoon, Gyllenhaal and Sarsgaard all look like high school students playing adults twenty years older than they actually are -- Gyllenhaal in particular, usually a fine actor, looks so bored that you wonder if he's going to muster the energy to deliver his lines. And the screenwriter should be arrested for having an actress as good as Meryl Streep at his disposal and giving her nothing more to work with than this one-dimensional dragon lady. The movie of course strives for relevancy, but instead of addressing the tangled web of arguments surrounding the national security issue, it charges right down the middle of the debate in a predictable fashion. There are moments when you think maybe the film will veer off in an interesting direction -- what if Witherspoon did actually begin to doubt her husband's past, for instance? What if Metwally actually had been in contact with terrorists, as his interrogators accuse? But no, the movie takes the path of least resistance.<br /><br />But, like I said upfront, I recommend this movie. I know I've done nothing but list a bunch of its faults, but it's got its head in the right place, and it is entertaining, or at least as as entertaining as a movie about torture and interrogation can be.<br /><br />Grade: B+",positive
"Well, EYEboy, I must say that it pleases me to no end when someone singles me out and tries to make fun of me, especially when it is someone who seems as intelligent as you do. My favorite part of your post was ""But no big bang-bang good-guy bad-guy here, kimosabe. Me suggest you stick to movie with lotsa bang bang.""<br /><br />Well said! I do like action movies, especially if they are well done, but I also like movies that don't have a whole lot of action, as long as THEY are well done. I'm sorry, but Secret's and Lies does not fit into that category and is simply a very bad movie. I really don't see very many non-American films, so maybe I was spoiled, and didn't realize how bad foreign films really were when I saw Secrets and Lies. Perhaps if I judge foreign movies by a different standard I could some day see how Secrets and Lies could possibly be one of the highest rated movies on the IMDB. Hmm... If true, that is very scary.<br /><br />Jeremy Barger bits@midohio.net(new e-mail)",negative
"I've gotta say, I usually like horror movies that i've never seen... however, this one was just to pathetic for my gory taste. I'm used to the gory, gut wrenching types... but this particular movie was lame. The acting was horrible (yet the corny (no pun intended) one-liners were cute). And the sequel to it, Scarecrow Slayer was even worse! Yes, probably, when it first came out, there was a huge rave about it and people liked it. But when movies like The Ring and The Exorcist of Emily Rose come out, movies like these make movies like Scarecrow seem childish. If you want a movie to just pass the time, pick this one! The special effects are cheesy as heck. But seeing that it was a low budget movie, I can kind of see where that would come in. This will kind of remind you of the movie ""Children Of The Corn."" Independent movies rock.... most of the time. So if you want to see a scarecrow killing people with corncobs, or in the sequel, 2 scarecrows going at it, then these movies would be for you.",negative
"Being born in the 1960's I grew up watching the TV ""Movies of the Week"" in the early 70's and loved the creepy movies that were routinely shown including ""Crowhaven Farm"", ""Bad Ronald"", ""Satan's School for Girls"", ""Kolchak the Night Stalker"", etc, but this one is just plain dumb.This is obviously the writer's trying to capitalize on the horrific Manson murders from a few years earlier. The movie stars Dennis Weaver of ""McCloud"" and ""Duel"" fame as a father who takes his family camping on a beach. The family encounters some hippies who for some reason decide to terrorize the family. The reason for this is never explained, and Weaver's pacifistic stance is hard to swallow. For God's sake, call the police, beat the hell of them or something, just don't sit there and whine about it. The acting is pretty lame, the story unbelievable, etc. Susan Dey looks cute in a bikini but that's about it. Ignore this if it ever airs on TV.",negative
"The best thing about the movie is the name, as it both describes the plot and the acting. At least they cannot say they didn't warn you... Kind of like the button labeled, ""Don't push this"".<br /><br />Segal must have run out of things that move like planes, trains, and ships but the plot remains the same. Under cover guy who fights slowly, but still beats like 40 mercenary types and doesn't even blink when doing so. What amazes me is that Segal is now as big as a barn and the bad guys still cannot hit him in a hallway with a machine gun and 50 clips of ammo. Where do all these bullets actually go to? The only redeeming feature of this movie is watching Nia Peeples pound Ja Rule (real name Jeffrey Atkins doesn't quite sound so punk) into the floor. I could spend days watching that woman kick her foot over her shoulder like that... especially wearing an outfit like that! It was just a bonus watching Jeffy get is *ss kicked, and fun hoping one of those kicks actually landed. Sorry, it's just time we get stupid wannabe tough guy can't act rappers out of the movies. PLEEEEEASE! Who came up with idea anyway? I'd lay odds it was the person who decided that Cameron Diaz and Drew Barrymore would pass as witty athletic Angels.<br /><br />The only surprising twist in this movie is that they don't do the politically correct thing and have Jeffy come in and save the day. No doubt if Snoop (otherwise known by his momma as Calvin Broadus which again doesn't sound so cool when you refer to him as Cal) had been in the movie, he'd throw some signs down on her and probably saved Segal's life or something.",negative
"The 1983 BBC production of ""Jane Eyre"" starring Zelah Clarke and Timothy Dalton (LOVE HIM) has always been and will always be my favorite Jane Eyre. If you watch any other version of Jane Eyre without reading the book, it will be like watching some regular movie which you will forget the next day. But watching this one almost equals to reading the book. I used to watch these miniseries a lot when I was little, and they inspired me to read the book. At the time I didn't pay attention to how close this television production was to the book. Recently, I watched the 1996 version of Jane Eyre and was very disappointed. It was only 2 hours long and didn't have many important scenes from the book (such as my favorite gypsy scene). After that I fell in love with This ""Jane Eyre"" even more because it includes all the important scenes of the book and it just tells the whole story( the other versions don't, if you haven't read the book). <br /><br />The cast of 1983 Jane Eyre is excellent. It's true that Timothy Dalton is a very handsome actor (handsome enough to play Butler in ""Scarlet"", and Julius Caesar), but he is so great as Rochester that I can't imagine anybody else playing this role. And Zelah Clarke is, without a doubt, the only Jane that follows the description of the book. The other thing that makes this film so great is the clothes and the makeup of the actors. Jane looks so modest and naive, just as Bronte describes her (although she doesn't look 18, but do you actually pay attention to that?...) <br /><br />Some people say that this ""Jane Eyre"" is too long, but I would rather spend my whole day watching it than spend 2 hours watching some other version. Some say the movie is dull and boring because Jane is not passionate enough, or because there are not enough ""kissing scenes"". I hate when they make Jane Eyre some ""Hollywood movie"" with inappropriate kissing scenes. You don't have to include ""crazy, madly in love"" scenes to show the love between Jane and Rochester. And both Zelah and Timothy express this love so perfectly that there are no other scenes needed!! I am 19 years old, and many girls of my age refer to this film as ""boring and old-fashioned"". But I can only feel sorry for them because they don't appreciate the purity and beauty of it. After all, the novel is set in 19th century, and that old-fashioned look makes it more attractive and more like the book. <br /><br />I don't think there will ever be any other version of Jane Ayre that will have the popularity and love of this one. No matter who plays Jane and Rochester in other movies, the real Jane and Rochester (for me at least) will always be Zelah Clarke and Timothy Dalton!",positive
"Hard to believe this was directed by Fritz Lang since he mostly directed crime dramas and mysteries. This movie has a cast that includes Robert Young, Randolph Scott, Dean Jagger and John Carradine. Scott plays an outlaw who tries to go straight and leave his old gang and winds up saving Jagger's life. Jagger works for Western Union, a telegraph company that plans to have telegraphs out west. Jagger hires a lot of men to make sure it is done because they have to worry about Indian attacks and bandits. Scott is in charge of the men and Young is a telegraph expert who can't shoot a gun but can ride. Scott meets up with his old gang who want to stop them but Scott can't tell anyone. It's a pretty good western and Lang should of directed some more westerns.",positive
"Along with Fernando Fragata, João Mário Grilo, Abi Feijó, Leonel Vieira, étc...(other commercial directors), Diamantino Costa is one of the best Portuguese Directors; ""O Lampião da Estrela"" was his (Diamantino Costa) First movie, before he made several successful commercials. This title is starred by one of the best Portuguese comedians of all times, Herman José and José Pedro Gomes are great. Its a very funny movie!! (28/07/2000)<br /><br />BOA SORTE DIAMANTINO...",positive
"If you want to be cynical and pedantic you could point out that the opening where a RAF Lancaster bomber is mortally wounded on the 2nd of May 1945 is somewhat unlikely since German air defences were as lively as Adolph Hitler on that day but this isn't a movie that should be viewed by a cynical audience and I guess a character being killed in literally the last hours of the war adds to the poignancy . In fact you'd have to have survived the second world war to fully appreciate the intellect , beauty and soul of Powell and Pressburger's masterpiece . The scenes of heaven are painfully twee when viewed today ? Again you have to view the movie of the context when it was made . RAF bomber command lost 58,000 men during the war , the same number that America lost in 'Nam but during a shorter period and a far , far smaller pool of active combatants , there's no atheists in a fox hole and I doubt if you'd lost a relative during the conflict you'd view material atheism as being a sensible thing . When Richar Attenborough's young pilot looks down in awe at the sight below him many war heroes must have openly wept at this scene as they remembered much missed comrades who didn't survive the war . Also bare in mind that despite losing several million people from 1939-45 there seems to be very few people from Germany passing through the pearly gates . it's obvious Nazis don't go to heaven <br /><br />The plot itself where dashing young pilot Peter Carter arguing for his life in front of a celestial court wouldn't have had much appeal to me if it wasn't for the subtext , you see A MATTER OR LIFE AND DEATH is a highly political and visionary film that laments the end of the British empire as it's replaced by American ambitions . There's little things that show up the film as being made by people aware of American history and culture . One is the ethnic mix of America , even today many Britons think that the USA is overwhelmingly composed of White Anglo Saxon Protestants when in fact only 51% of Americans are "" White European "" . The film rightly contains a scene where a multitude of different races confess "" I am an American "" as Peter is judged by Abraham Farlan , an Anglophobe who was the first revolutionary killed by British forces in The American War Of Independence . As for the "" special relationship "" between Britain and America - What special relationship ? Powell and Pressburger know their history when it comes to Britain and America . They obviously know their future too <br /><br />So remember to watch this movie with some of your mind in the past and some of your mind in the present . It's strange , beautiful , poignant and clever but most of all it's a film that would never ever work if it were made in the last 40 years . Can you imagine if the story was set in 2003 and revolved around a British soldier killed in Iraq ?",positive
"THE ATTIC starts off well. The somewhat dreary story is helped greatly by the two main actors and there's a semblance of a character study going on here but the film goes downhill fast when Carrie Snodgress' character buys a monkey. Not one of those cute little monkeys. She buys a real big chimpanzee!!!<br /><br />This sudden plot device basically kills the movie. It's just not conceivable for a woman like the one Snodgress plays, who has a hard time doing anything because of her domineering father, for her to, out of the blue, buy a chimpanzee. I mean, come on! Forget about it!",negative
"*** Spoiler in fifth paragraph *** This was an amazingly frank (uh-huh, uh-huh) picture for 1955. Otto Preminger and Carlyle Productions took a chance by making it, the Motion Picture Association of America balked at certifying a film that openly shows a junky jabbing a syringe full of heroin into his arm. Frank Sinatra took a chance both on playing an addicted musician and at falling flat on his face in a role that required at least twice as much acting as he'd ever done. All in all these gambles paid off, the movie is a classic, though it's not perfect.<br /><br />Nelson Algren's novel may be great, but it has far too much going on to fit comfortably into a two hour movie 'The Man with the Golden Arm' is 119 minutes and often feels much longer. However, in my opinion it's not just Frankie Machine (Sinatra) that makes the film but the other characters and their sub-plots, all involving Frankie. Ultimately it's not just Frankie who has the addiction, everyone and everything seems to be dependent on him and he feels it keenly. When the pressure gets to be too much the drums start pounding on the soundtrack and Frankie steps across the street with his well-dressed ""friend"" Louie.<br /><br />It's an exaggeration to say that Frank Sinatra's music career was ever really in the doldrums, but in the early 50's he was in limbo between his days touring with big bands and the Las Vegas era. 'From Here to Eternity' established him as a serious actor and his career as a singer rebounded as well, but 'The Man with the Golden Arm' was still a significant challenge, the whole show sinks or swims with his performance. He pulls it off with such skill that for several minutes at a time I forgot I was watching Frank Sinatra, he must have known junky musicians and exploited that knowledge to the utmost.<br /><br />Set side by side with Billy Wilder's masterpiece 'The Lost Weekend' there is more emphasis on the sociological causes of addiction in 'The Man with the Golden Arm.' Whereas Don Birnem (Ray Milland in 'The Lost Weekend') seems to struggle mostly against himself, Frankie Machine is beset by external forces and he takes refuge in the needle. Neither approach is wholly right or wrong, mostly because addiction is impossible to fully explain, but it seems like this film might have benefited from a little more insight into Frankie's internal struggle.<br /><br />*** Spoiler *** One of the problems I have with this film is the clichéd reliance on ""quitting cold turkey."" I realize that 'The Man with the Golden Arm' was probably setting the trend rather than following it but that doesn't make it any better. In the beginning of the movie Frankie has to all appearances kicked his habit with the help of a doctor and a treatment facility of some sort. Naturally the drama of the film requires that he backslide, but I found the All-American ideal that a man has to face his problems alone (or maybe with the help of a good woman) out of place here. Going cold turkey and riding off into the sunset with Kim Novak seemed too unrealistic. The end of 'The Lost Weekend' was similar but in my opinion was a little less rosy.",positive
"This is the second Baby Burlesk short to be released, and probably the most popular one, is a spoof of the 1926 silent film What Price Glory.<br /><br />I watched this and I do not understand the kiddie-porn that is being claimed. It is just a cute little film. I have seen family shows that I grew up watching in the '80's and '90's that had little girls dressed more provocatively acting in a 'mature manner'. It was more provocative because they WEREN'T dressed in diapers. There's nothing provocative about a diaper unless you have one of those fetishes. (just a joke) I read that description of the movie and where it states only a pedophile would enjoy watching this. That is sick. To me, if you watch this and are bothered by it, then maybe you need to look into your own psyche and try to figure out why it bothers you. It is an innocent film that was made as a parody of another film. All of the B.B. films were parodies, nothing more. The parodies/spoofs of today are graphic in nature and have true almost pornographic scenes and quite vile language. Shouldn't those be more appalling? I can watch those without issue, but they sometimes take children's stories and turn them into filth on those parodies. That is what should get under your skin. Not that they babified (not a word, I know) an adult movie from 1926, because we know how PORNOGRAPHIC those silent films were, huh? Not to mention those 'Forbidden Hollywood Pre-Code era films' so vile and filthy. They would NEVER make such filth today? (note the sarcasm)",positive
"USA The Movie is like this: You take a nap on a long hot Sunday afternoon. It feels great to close your eyes and let your worries drift away. Soon you're lost in one of those intense lucid dreams where you know you're dreaming but you still can't wake up--not that you want to. You go with the flow, and soon you're in a kind of weird Alice in Wonderland story complete with characters you didn't think you could dream up. They're telling you all kinds of crazy stuff about war and peace while taking you through a trip into the past and even the future. <br /><br />The dream starts to get heavier and you feel like it's going down a path you can't control. Maybe you want to wake up so you try to open your eyes but you can''t . Now there's destruction and sadness and confusion and scary voices telling you what could be truth or could be lies. You're seeing images that flicker and change and then get clear, but do you even want to see what you're brain is creating for you? <br /><br />Finally you're lost in a myth world and you realize the end has come. The end of the world and the end of the dream. It's over. What do you wake up to? What do you do next? <br /><br />Maybe you'll write down that dream because you know dreams like don't happen too often-- and when they do you better pay attention. <br /><br />Or maybe you'll crack a beer and forget the whole thing. Bad idea. Don't forget.",positive
"What on earth has become of our dear Ramu? Is this the same man who made Sarkar, Satya, and Comapny? I refuse to believe so. If AAG was Ramu's most ambitious project, he has clearly jumped off the high cliff he has ascended by giving the industry some of the greatest works of all times. This movie is made to fall like a brick. I was cringing to leave the theater, but I was forced to sit because I wouldn't have been able to take my car out of the parking lot before others also left. Else, nothing would have made me sit beyond interval.<br /><br />This movie is nowhere close to Sholay. It doesn't even come near it within a mile. I believe Ramu surely loves The Godfather more than Sholay, since Sarkar was a classic piece of work. I read Ramu's interview a couple of days back, in which the interviewer said that Ramu doesn't sleep for more than 4 hours a day, that too not at a stretch. I completely agree with this now, as his lack of sleep has probably taken its toll on the movie.<br /><br />There is no power in the performance. Amitabh Bachchan doesn't even look scary. He looked more terrifying in the few posters and wallpapers I saw earlier. Ramu's favorite Nisha Kothari did a fantastic job in Sarkar because she didn't have many dialogs (in fact none if I remember clearly). She opened her mouth in this movie, and has found a place in history. The new guy playing Jai's role seems to have that brash look, but didn't manage Jai's role at all. I cant go on... Im sorry... my pain is too big for me to manage right now.<br /><br />I promised myself throughout the movie that I will watch the original Sholay once more just to see that it is still there.<br /><br />Bottom Line: Horrible movie. The media and critics are going to cook Ramu's goose. And just to remind all readers once more, I am one of the biggest Ramu fans, and even I cant spare him for this act.",negative
"1985 was a good year for films - maybe even great - but this one missing out on a gong went a long way to convincing fans that ol' Oscar is little more that a hood ornament for good party members.<br /><br />11 nominations and not a single title: such was the Academy's disdain for one of their greatest directors; and one who had to wait another 8 years before whatever prejudices had prevented them from handing him the statue before allowed them to give him 7 for Schindler's List, which is, arguably, not as good (and I'm half-Polish).<br /><br />Don't get me wrong, Schindler was a classic. And I'm not knocking 'Out of Africa' (which won that year) either; but it was, in my mind, a class behind this one: an epic story of suffering and hope that brought me to tears - and I'm not a big cryer.<br /><br />Maybe it was the music (superb), or the cinematography (sumptuous), but more likely simply the acting: Whoopi, who proved to all of us that she was much more than just a comedienne; Danny Glover, who I'd never heard of before; and, of course, Oprah.<br /><br />The rest is history; but, at the time: who knew?",positive
"First, before reading further, you must understand that I'm not neo-nazi, I'm just trying to understand correctly Hitler to be sure nobody like him take power again.<br /><br />I've seen this series and found it awful. I mean, OK, it's interesting to look, but is it real? I searched for answers and found one: absolutely not. First, Hitler wasn't angry all his life, the series shows an angry Hitler, even when he is a child. Second, Hitler never wanted to abuse his daughter, in fact, it is highly probable that Hitler, in reality, was gay and fought all his life to choke this secret. Third, people will hate me but it's true: Hitler was charming. How do you think he managed to get to power if he was so hateful and ugly? Because he was charming. That's a common point I found in the interviews of people who live near or far of him (of course, not Jews).<br /><br />This series was awful because if you think that Hitler was just an angry bastard, ugly, and of course, not charming at all, you're wrong. If you think that, you will let people like him take power in countries and you don't want that. If you really understand how Hitler managed to get into power, and stop thinking he was just awful, you'll be able to find dangerous politicians like him (of course, remember he was elected) and stop theme before it's too late.<br /><br />Life is important to protect, this series is just awful to show us the truth, if we continue to see Hitler like that, another one will take place exactly as the first did.",negative
"What a good movie! At last a picture revealing a unknown side of rock: illusions of fame. Well-known Rockers are getting old and forgotten, not the music. And with a good sense of humour. Have you ever danced on Bill Haley's Rock Around the Clock?<br /><br />Anyway, Still Crazy is probably the best movie about rock n'roll I have ever seen. Far much better than Spinal Tap for instance. Why? Because in Still Crazy, people are mature. They have a different point of view about rock, about love and about life. They want to catch up with their crazy youth they miss so much. Beyond the story itself, we see characters with their own personality, weaknesses and dreams. Like anyone of us.<br /><br />Spend a good time watching this (listen to the awesome soundtrack! )and finally thinking of your own future.<br /><br />Bye!",positive
"THE FEELING of the need to have someone play the role of Arbiter of Public Taste and Political Correctness always manages to get under our skin. It does seem that these self-appointed, self-superior, pseudo-intellectual types do appear everywhere; be it in one's family, church or bowling league.<br /><br />THESE are the guys who would have society completely disregard and ignore all that went before us; unless, of course, whatever 'it' is does not fly in the face of today's ""acceptable"" language, mores and general ""standards"" of ""proper"" behavior.<br /><br />SO it is that these latter day, high tech book burners have targeted a great deal of what was Hollywood's greatest achievement; namely their participation in our own Allied Propaganda via their unselfishly crafted message and theme films.<br /><br />COLDLY brutal in its generation, the Banned Code and List of Now Unacceptable extends into the Wartime Cartoons that don't meet with the new touchy, feely socially engineered 'official' attitudes; which these ""Thought Police"" have foisted down upon us.<br /><br />WE were truly surprised to see that there seem to be volumes of such animated short subjects. The majority we are aware of are from Warner Brothers' LOONEY TUNES and MERRIE MELODIES; featuring Bugs, Daffy, Elmer & Porky, all in conflict with Hitler, Goerring, 'Il Duce', Tojo and the like. Surprisingly though, we found an ample supply of cartoons from MGM, Walt Disney, Lantz, Paramount-Famous Studios and the Brothers Fleischer.<br /><br />YOU'RE A SAP MR. JAP (Famous Studios/Paramount Pictures, 1942) is a prime example of just what we're talking about.<br /><br />BEING virtually indiscernible from the cartoons that were the output of the Studios of Max and Dave Fleischer before the 1941 business coup-de-tat that moved them out, bringing the new name of ""Famous"" Studios, YOU'RE A SAP MR. JAP bore none of the bland plot elements that would reduce the latter day Popeye Cartoons down to the level of the ultimate formula short movie.<br /><br />WE all remember how we'd have Popeye and Olive Oyl together. Enter Bluto, usually the exponent of wolf whistle and an on acceptable on-screen version of a Male reaction to feminine pulchritude. Olive falls for Bluto's less than honorable attentions; until he gets a little too physical and invariably blurts out, ""Hey Babe, how 'bout a kiss?"" At this point we hear ""Help! Help, Popeye and the diminutive sailor shows up to save the day; replete with the obligatory can of Spinach! DO we exaggerate, Schultz? ONCE again this JAP SAP cartoon is nothing like any of that. Oh sure, it follows the storyline of now having Popeye in the U.S. Navy. The Brothers Fleischer put the little guy in the service in 1941 to conform to the mood in the country and as an open gesture of support for the men now being conscripted in the first Peacetime Draft in United States History. Max and Dave even put Popeye in service aboard the mythical Battleship, the U.S.S. Pensyltucky.<br /><br />OUR point is just this. YOU'RE A SAP MR. JAP and others like SPINACH FER Britain aren't cartoon vehicles for comic relief in the Theatre's program at all in the true sense. Rather they are a sort of grouping of Editorial Cartoons much like those from any ""Great Metropolitan Newspaper"". These animated shorts, much like those still one panel illustrations, have characters that are highly symbolic and representative of Nations, Ideas and Ideals, such as a just and lasting Peace. In most cases, the hero (Popeye, Bugs Bunny or whoever) is alone with the symbol of the Enemy. Both are highly exaggerated visual metaphors for abstract concept and thought; even if they are cloaked in humorous trappings for wider palatability.<br /><br />OUR liberal stupidgencia (the antithesis of intelligencia) may not see themselves this way; but for this sort of behavior, they are no more than Neo Nazi Book burners.<br /><br />PLEASE, allow the future generations to view and appreciate a view of past happenings that is both Historical and Humorous.<br /><br />POODLE SCHNITZ!!",positive
"Okay, I grew up on Who, but haven't loved a Doctor since Tom Baker. Christopher Eccleston made me love Who again and I'll be furious with him forever for leaving. <br /><br />The writing is grand, the acting superb, the directing (which was dreadful in the old days) is just fantastic. I was very skeptical about this programme, and watched it merely out of being forced, but am now a huge fan and love it (I have a ringtone of a Dalek screaming ""Exterminate"" then). <br /><br />A few of the things I love about the new programme -- 1) people actually notice when Rose (Billie Piper) disappears off the planet. Some of the old shows an assistant would drop off for a while, and then come home like nothing has happened, no one noticed. 2) Chris Eccleston's doc loves Rose -- romantic or not will be debated, but there is no doubt that 9 loves and cares about his companion. He'd destroy the world if he had to to save her, which the old show was lacking -- often a doctor wouldn't care if he never saw his assistants again. 3) They talk and think like real people -- when Rose is shown something outlandish or new (such as aliens) she acts like a real person would -- gobsmacked. I never liked it when an assistant from the old show, who never saw anything alien, would just fit right in and adapt instantly. I want to see the surprise on Rose's face when she sees a plastic dummy come to life. She gives that to me. <br /><br />The few things I don't like about this series: 1)nearly everything happens on earth (London or Cardiff) and I was sort of hoping for a more off-world sort of show. 2) That Eccleston left so quickly, he really made the show brilliant. <br /><br />But I can let those few things go -- I far more enjoy the series than I ever expected to, so I don't mind if they have stuff set on earth. <br /><br />Just don't take this show seriously -- it's fun, it's smart, it's entertaining, but it's not a super-serious heavy duty show. It's pure fun, and pure British, and I can't get enough. Watch it with an open mind, and just put your brain into neutral and enjoy!<br /><br />ps -- don't watch series 2 or later. series 1 was brilliant, the first few episodes of series 2 were good, but don't watch it once it gets to Love and Monsters. Utter rubbish, completely destroys the show.",positive
"The whole point of making this film, one of the earliest and best international color releases of cinematic opera, was to make it more accessible to the masses. And it succeeded admirably in doing so. The general public would not sit still for a love story about two young exotic lovers in ancient Egypt if played by the typical 300 pound over 40 tenor and soprano with the vocal equipment to sing the glorious music properly. Hence the visual substitution of the beautiful principals (a young Loren, handsome Della Marra, and a slinky Ms. Maxwell)who make the story much more believable, giving those not familiar with the plot or the music a better chance at being wooed into the lovely arias who otherwise might not be. Altogether, an enchanting introduction to one of Verdi's great works. I remember seeing this when I was in junior high school and it certainly awakened my interest in opera, a form with which I was then not well acquainted. I still regard this film fondly and would recommend it highly to those who might appreciate the great music accompanied by better than average visuals. Luciano Della Marra was a standout as Radames, and unfortunately for audiences did not appear in any other films.",positive
"When HOPPITY GOES TO TOWN he discovers nothing but bad news for his little insect neighbors in the Lowlands. Can this honest, good-natured grasshopper save his sweetheart, Miss Honey Bee, from the machinations of the evil C. Bagley Beetle - and also lead his friends to a safe new home - before it's too late?<br /><br />While not one of the great animated features (a very new art at the time this film was created) HOPPITY is an enjoyable film which should bring pleasure to uncritical viewers. Technically it is well made, with animation of a generally high quality. The movie's main drawback is that none of the characters really have any `heart' - they don't come `alive' on the screen in the way Jiminy Cricket did a year earlier in PINOCCHIO.<br /><br />However, it is ultimately unfair to compare the Fleischer Studio output with that of Disney. Max & Dave Fleischer had their own star to follow; their contribution - and it would be a considerable one - would be in the realm of the one-reel cartoon. With their POPEYE and BETTY BOOP series they created alternate realities as viable as any produced by other cartoon studios. HOPPITY was their second experiment with feature length animation (after GULLIVER'S TRAVELS in 1939), and henceforth they would expend their energies again on the cartoon short subject. In fact, the first in the highly acclaimed SUPERMAN series was already in release.<br /><br />HOPPITY'S story owes a great deal to Frank Capra, with it's energetic, go get em hero up against powerful societal forces. Indeed, the film's original title was MR. BUG GOES TO TOWN, which immediately puts one in mind of Gary Cooper or Jimmy Stewart and their Capraesque adventures.<br /><br />Jack Mercer, famous as the voice of Popeye, here speaks for two very different characters, old Mr. Bumble & Swat the Fly. Movie mavens should be able to catch veteran voice actors Pinto Colvig & Mae Questel, both in uncredited roles.<br /><br />The film has some pleasant songs supplied by Hoagy Carmichael & Frank Loesser, of which `Be My Little Baby Bumble Bee' is the most familiar. `We're The Couple In The Castle' is a fine romantic tune which deserves to be rediscovered.<br /><br />It is unfortunate that the film's initial animation, with its sweep out of the heavens and past the in-depth New York skyline, is obscured behind the opening credits.",positive
"When I first watched this show on Cartoon Network, I found it uninteresting. Then I read a lot of good messages about this show, and I decided to watch it. The show was so boring. Each episode was predictable. More, this show has no logic. Hypersmart girls, who are going to school and sometimes do such stupid things, 99% of episodes start with a Monster attacking Townswille, then Mayor (he is a real fool, he is NOT funny, he is so stupid, that I can't imagine how he became a Mayor). Professor, yes, supposed to be the smartest person in this show, but actually... He even found no difference between monster and his brother. Narrator's comments also make this show boring. Because they also have similar lines in the beginning of each episode and in the ending. Also the animation is very strange. Everything except main heroes is shown in an ugly way. Also in every epsode this show is giving you some life-lessons, and it means that it is oriented on little children, but if you look closer, you will see, that there is a lot of violence and even blood(!!!) during their battles.",negative
"Excellent performance. There still are good actors around! Also great directing and photography. Very true to Shakespear, and a 'must' for all Shakespear fans. Macbeth (Jason Connery) moved me to tears with his final monolog (out brief candle, out)He gave the sphere of moral decay and dark forces a human face, which makes it the more interesting. Helen Baxendale is a very credible lady Macbeth who can be very cheerfull at times and sometimes she just looks like a naughty girl, but deadly in her taste for blood and evil. If you love death and decay, and Shakespears lyrics... this is the one.",positive
"This BBC series is excellent. I am no Paleontologist, but this series gives the best historical representation of dinosaurs I have ever seen. The 3D animation and animatronics are very good and make you believe you have travelled back in time. The BBC deserves a pat on the back for such a fine series as well as Tim Haines who must have spent a great deal of time getting this series to air.",positive
"Most italian horror lovers seem to hate this movie since because it has no connection to the first two Demons films. And with the ""Demons III"" in the title, one would assume it would. The problem is that this film was never intended to be part of the Demons series. The distributors only a ""Demons III"" above its original title ""The Ogre"" to cash in on the other films popularity. The new American DVD release of this picture has the title ""Demons III: The Ogre"" on the box art but the film itself only says ""The Ogre"". I don't know if past releases had the title ""Demons III"" on the actual film itself, but this new release just seems to be a little white lie. If you can get past the ""Demons III"" in the title, you might some enjoyment in ""The Ogre"". It starts out with a creep intro, and stays pretty creep throughout. There's no gore and the film movies slowly, but I still dug it. Just don't expect it to be like the other Demons films. I give ""The Ogre"" 7 out of 10. Italian fans should try it out.",positive
"I saw the trailer for this film before watching Titanic, and I must admit that it whetted my appetite. Volcano seemed to be quite spectacular and full of promise. But what a damp squib. Corny is not the word for the script, and the characterizations are often ludicrous. The stupid daughter is just beyond belief - she is supposed to be 13 not 4. But then the scientists,firemen and peripheral characters don't offer any more. This movie ranks just in front of Cruise II and Twister, but only because those 2 films are completely appalling. This does have some reasonable effects, but overall its a 1 out of 10. Don't waste your time",negative
"Thanks Jymn Magon, for creating Disney's 2 best cartoons ever. This show has improved very much over the years. As a kid, I didn't like it because I thought it was a rip-off of Ducktales, which was my favorite Disney thing at the time (like Grandmoffromero). Then later on though it was good but not great. But after reading the reviews here, I decided to give it another chance & bought the DVD set & watched the whole pilot the first day I got it, & was very pleasantly surprised. It's still my favorite episode, although the series did live up to it. And by the end of disc 1, I knew this was going to be a top tenner.<br /><br />The characters are so complex & charming. My favorite has got to be Wildcat. He's absolutely hilarious and sweet to boot. My next favorite is Baloo, the best pilot on the show. I can see why 'ol Jymn built the show around him. Then it's Kit Cloudkicker. He & Baloo have the best relationship in the series. After that, Louie. Jim Cummings did a perfect job of impersonating the original voice. After him, Rebecca. She has made me laugh pretty hard, and I do believe she and Baloo eventually marry. And finally(for the heroes), Molly. Although she's my least favorite, I still like her. I think she's a very cute character(much better than Webby from Ducktales). And the villains were very original. Don Karnage & his air pirates always crack me up, Kahn is ice-cold and ruthless, and the Thembrians are always at least amusing.<br /><br />As said before, the stories range from hilarious(Time Waits For No Bear, Romance of Red Chimp) to nothing short of touching(The Old Man & the Seaduck, Paradise Lost), to fun, funny & exciting adventures(In Search of Ancient Blunders & my favorite For Whom the Bell Klangs). These are only a few of my favorite episodes. Anyway, Talespin is Disney's best, aside from Gummi Bears Some reasons for this? GB had a decent amount of my favorite character(Cubbi), while TS didn't have enough of Wildcat. But in the end Talespin remains a classic. BOTTOM LINE- 10/10 6th best cartoon ever.",positive
"Initially I was put off renting this movie due to the jacket art for the DVD. In fact, this held true with friends of mine who didn't rent it due to the art and the mental image(s) it conjured of being a movie that held little or no interest to me (or to my friends). But, I rented and watched it and was truly amazed.<br /><br />I agree with another user's comments that this movie is not for everyone due to the blatant sexual inferences, so it is definitely not something I'd want young children to watch (and doubt seriously if they would understand it anyway).<br /><br />I enjoy movies like this whereby the character's personalities and who they are are genuinely defined in a no-nonsense, direct way with no teasers to indicate they will turn out bad. The acting done ... was it acting? Ricci and Jackson performed so well, I was drawn into this movie not even realizing they were acting. Same thing with the story ... may seem far-fetched somewhat, but it was done so very, very well. It reminded me of another movie with Mel Gibson, Tim, where each character had limitations, whether mental or circumstantial, so were well-defined.<br /><br />I found much depth in this movie with the character's involved, so feel that everyone involved (from the cameramen to the actors) should be commended on a perfect fit/result. After viewing this movie, I had talked to a couple of friends who had a negative approach to watching it like I did, so after hearing my comments, they rented and watched it. They, too, were quite surprised at how good it was. It is too bad that the art on the jacket was done the way it was since it is a turn off. I can see now how the art applies, but I'd not heard of this movie before, and the art was my first impression ... art sells or destroys DVD sales/rentals.<br /><br />These characters had more depth to them and good timing was allotted to give an audience like me time to absorb the ""feel"" for each. I felt I could trust the movie to flow well, and it did. So, with the jacket art aside, I would recommend watching this movie.",positive
"Most people, when they think of expressionist cinema, look to the b&w German films of the silent and early sound eras--films that emphasized canted angles, extreme contrasts of light and dark, exaggerated performance, and occasional uses of surrealism to create a dreamlike atmosphere in order to diverge from traditional, naturalistic modes of cinematic representation. If we're willing to accept that the Germans were not the only filmmakers to create expressionist cinema (and that those above-mentioned characteristics are not prerequisites for expressionist film), then I would argue that Dodes'ka-den (DKD) is a prime example of this type of film. <br /><br />Like Dreams, DKD is a little unhinged for a Kurosawa film, dabbling, as it does, in the unreal. However, DKD is also, unlike Dreams, a great film and probably my favorite Kurosawa picture. Why? Mostly, I think, it's the colors. This was, I believe, Kurosawa's first color film, and the man saturates the movie with vibrant primary colors, creating a completely unreal contemporary Japan. We are used to the neon lights and gleaming Tokyo skyscrapers; we are not used to a city that appears to have been colored with crayons. <br /><br />DKD is, as I said, a peculiar film inasmuch as many of its characters live in a junkyard, appearing to live in an alternate universe. That is, I think, the point--these are the Tokyo outsiders, the people left behind during the great move forward following World War II. The film also represents one of Kurosawa's more heartfelt movies; there is genuine sentiment here and genuine pathos (such as when the boy's father describes their dream home). It's an amazingly moving film from a man better known for stunning, John Ford-like vistas and samurais. Everyone should have known Kurosawa had in him a movie as touching and thought provoking as this (Ikiru foreshadows the emotional resonance of this film in many ways). <br /><br />I will also argue, to the last, that this is Kurosawa's greatest achievement. His samurai films, though capable pictures, pale in comparison to works by Kobayashi (Hara-kiri is the greatest, most intelligent samurai film committed to celluloid). Rashomon, Hidden Fortress, Seven Samurai, Yojimbo, Sanjuro, Kagemusha, and Ran are all fine films, but they're merely good (and, frankly, I think that word is too generous for Hidden Fortress and Kagemusha). DKD is a great movie, as is Ikiru. They are the crown jewels that show Akira was not a one-trick samurai pony. They reveal his artistry and mastery of cinema.",positive
"A widely unknown strange little western with mindblowing colours (probably the same material as it was used in ""Johnny Guitar"", I guess ""Trucolor"" or something, which makes blood drips look like shining rubies), nearly surrealistic scenes with twisted action and characters. Something different, far from being a masterpiece, but there should be paid more attention to this little gem in western encyclopedias.",positive
"This is an excellent movie with a stellar cast and some great acting. I never tire of watching it. I especially love the scene where Danny Glover's character and Kevin Kline's character namely Simon and Mack have brunch together. Kevin Kline is such a natural and it seems his mannerisms are effortless and one you would encounter often. SO its a very 'real' movie. <br /><br />One of the most powerful scenes in the movie however, is at the beginning of the movie when Simon arrives at the scene where Mack's car has broken down. The movie also has a strong message and is unlike the stereotypical message carrying movie where there's one person preaching his guts out to an audience. Instead the actors' emotions and situations deliver an impactive message that does best without the use of words. And lastly, Mary McDonell is brilliant as always.",positive
"***Might not consider this having a spoiler, but I'd rather be cautious than careless*** I never saw this movie when I was little. I fell in love with it the first time I saw it with my three year old daughter. I can watch it over and over again.<br /><br />For the little acting Ilene Woods did in her lifetime, she was a wonderful voice for Cinderella; very appealing; very believable. The music really fit the movie perfectly. The acting was great; loved the mice!! You really ""hated"" Lady Tremain and the step-sisters; they were just awful. The cartoonists depicted the spoiled behavior very well.<br /><br />This is a wonderful movie, especially if you are into love stories. My daughter has seen the movie about 25 times and still gets excited at the end.",positive
"Here is another great film critics will love. The problem is that it is not a very good movie.<br /><br />The films premise is simple. Nine convicts escape a prison after the tenth one goes crazy and tells them where the treasure is.<br /><br />The first half has a lot of slapstick some of it very broad while the second half is a character driven descent into fantasy and melancholy.<br /><br />The two halves simply don't mix. Individual scenes do work very well (The guys crashing a friends house who has a new Filipino bride is hilarious While a later scene with the big guy working in the restaurant tugs at the heartstrings.) They simply don't mesh with each other.<br /><br />The movie as well is missing entire set-ups. One scene shows the guys desperately looking for change under a deserted vending machine to buy a snack. The very next scene has the whole crew in drag sitting down in a restaurant. Where did they get the dresses and wigs? (The crew includes both the big guy and a midget) How did they get all the clothes and money to buy the meal? And most puzzling is why are they in drag? They are clearly guys in drag and lets face it is there anything more memorable to witnesses than a big guy and a dwarf eating a meal dressed as women? I mention the big guy and the dwarf because besides the old guy everyone else seems to blend into each other. (In fact they wear matching white jumpsuits throughout most of the movie) The movie has very little character development in the first half and as a result the second half really lacks an emotional punch. As we are often trying to figure out who is who in their individual payoff scenes.<br /><br />Speaking of a drag the second half has all those wonderful sweeping camera shots and big emotional moments and great symbolism that makes a great film. It is also excruciatingly slow which makes for a boring movie.<br /><br />9 Souls is a big disappointment, the reviews gush about a great film and it's in there somewhere, good luck finding it yourself.",negative
"Being a huge die-hard Monkey Island fan, I fugured this one would be terrible since Ron Gilbert didn't make it. Boy was I surprised! Although it's still not as good as the first two, it has the comedy that I wanted. I was a little nervous about the new graphics, new SCUMM engine, and just the fact that it was on a CD. But it all came together, and it was interesting to finally hear the voices of your favorite characters. I especially enjoyed that SWORD FIGHTING had returned. And the whole story about finding the big uncursed ring was just incredible. Go ahead and try out this two-CD adventure. And now we can rejoice, because Monkey Island 4:Escape from Monkey Island is coming out REALLY REALLY soon! This fall!",positive
"I agree with what so many others have said about the shallow and offensive nature of this film's examination of racism. It is baffling to me that so many people seem to have been fooled by its pretentiousness. I want to comment on the Matt Dillon character as an example of what's most infuriating about this movie. Here we have a man who -- contrasted with the film's underlying message that ""we're all a LITTLE racist"" -- effectively rapes a woman in public, cruelly humiliating her husband and deliberately goading him to make a move that, as he well knows, will lead to his arrest or even death. He does all this after pulling the couple over without any legal cause but because, as we come to understand, they are black and wealthy and he is a hurt little boy who is now the police and can therefore do as he pleases. This behavior is not a LITTLE racist. This behavior is evil. It is disturbing to me that this extreme of racism is held up next to another character's behavior -- spouting her paranoid stereotypes about gang violence -- to illustrate that everybody's a LITTLE racist. Later, we're spoon-fed some tripe about Dillon's poor old dad and how black folks drove him into the poor house. Is this supposed to explain, or worse, excuse this behavior? And is Dillon's character meant to redeem himself by committing the utterly unmotivated and unbelievable, laughably coincidental act of saving the woman he sexually assaulted the very night before? Please. The fact that so many people seem to feel some kind of self-congratulatory admiration for this film makes me feel sad about the shallowness of our understanding of racism, and our apparent lack of commitment to condemning and ending it.",negative
"-may contain spoilers-<br /><br />Clearly, who ever made this film must have had a lot of connections. I just can't see it any other way. What really surprises me is no one used the name Allen Smithee, and more surprising, everyone involved didn't use this name.<br /><br />Anyhow, where to begin. The bad dialogue, the crummy costumes, the sorry looking film stock, the unintentional comedy, the over-the-top characters, and more inconsistencies than George W. Bush's college career. I don't know what was funnier, the guy losing his arm because of a snowball, or the slow motion scene where all the baby Jack Frosts' were getting killed. Also, one of the great lines of all time was uttered in this film. ""How do we know it's him?"" Like there's another mutant snowman who can talk and kill people with snowballs! A great camp film, but a very bad film overall.",negative
"I am a fan of the paranormal and I love Ghost Hunters so when this show first came out I decided to give it a try. I could barely sit through one episode. The show is so obviously staged. I mean come on, every single episode involves someone being possessed or involves a demonic force trying to kill the family. Another huge flaw is that these guys never debunk anything. When I watch Ghost Hunters they find evidence and try to disprove it and if they can't then it is evidence. On this show they find a voice or a piece of video evidence and they are very quick to call it a ghost. This completely ruins their credibility unlike TAPS and Ghost Hunters who actually know what they're doing. Honestly if you're interested in the paranormal and want to watch a show about it watch Ghost Hunters.",negative
"1 out of 10.<br /><br />This is the kind of movie that you cant believe you just wasted 2 hours of your life as you see the credits role. I honestly think I could make a better Vampire movie.... and I know nothing. The only thing that does not just suck (harder than a Vampire) is Jason Scott Lee.... his character is at least a little bit cool, has some mystery, and kicks a little butt.",negative
"I recently stumbled across a TV showing of ""Passion...."" (having missed the opening scenes). Ms Currier in to be praised for having the vision and courage to bring such a strange de Balzac tale to the screen. I am grateful to the entire cast and crew for their parts in producing such a thoroughly fine motion picture. It must have been arduous shooting so many scenes in the desert. And I cannot comprehend how her trainer coaxed such a fine ""performance"" from the leopard, Simoon. (This adverture calls to mind another suspenseful adventure, ""Naked Prey""). Why isn't this film more well-known?. Hope I can find it on video.",positive
"I really enjoyed this movie and it was a little difficult do that when your brother is making stupid comments in it ever 30 seconds. But this movie I enjoyed, mostly because I'm used to the usual HK action films. Most of the films like this are don't watch it for the story line, watch it for the mindless action. And mindless action is right. You get to see Jet Li Jump, spin, kick, punch, shoot, make impossible jumps and dodge countless bullets. It's true that this movie was released to a broader audience after Li was in Lethal Weapon 4. That is one of the reasons the ratings on this movie dropped. Most people were probably expecting to see a movie that was as polished as a North American film. But you need to remember most HK film budgets aren't nearly as high as a North American film, and the style in a HK action film is usually very different usually requiring in wire work in a lot of them. If you want to see a good action film you should see this just try to ignore the dubbing.<br /><br />My rating was an 8.",positive
"I love the comics. Although I do have problems fully understanding the stories  the visual style is unique with all its dirt, dust and decay. So I thought I knew what I was up for. Surprisingly I understood the main plot  but some extremely poorly decisions where made for its visual style. <br /><br />I mean - really bad looking ""CG human actors""-in close ups? Why?! It did not work at all!! Horus - and the other Egyption gods - was successfully made in CG and very close to the comic version. <br /><br />I think with real actors this movie could have been a cult movie. <br /><br />What a shame.",negative
"I cannot get past the message of this movie. It's laid out much too clearly to ignore, and it is obscene because it has lost its sense of what it's about. I haven't read the novel, but Pollack's film opens with a scene at a CIA-front organization in New York, which is broken into by two professional assassins, headed by Max von Sydow, who proceed to brutally slaughter the half dozen quirky staff members we've come to know and understand. The staff include an elderly female receptionist, a fussy elderly professorial guy who's toupee falls off when he is machine-gunned (is that a joke?), and, last, the beautiful Tina Chen who looks up from the copier, realizes she is about to be murdered, and says, pitifully brave, ""I won't scream."" Von Sydow replies sympathetically, ""I know."" These murders are completely unexpected, savage, unmotivated by anything that we are aware of, and graphic. It is a brutal scene. <br /><br />There is absolutely no way in which von Sydow and his henchman can be redeemed. And yet that is exactly what Pollack tries to do towards the end.<br /><br />After having killed these innocent good guys, von Sydow switches sides (because the other side is willing to pay him) and assassinates the evil mastermind behind a complicated intramural CIA plot. The script then turns him into a perfectly reasonable, sensitive human being. ""It is better to live in Europe. Things are not so rushed."" Or whatever. I swear I'm not making this up. Pollack wants us to believe that it is better to be an honest mass murderer than a crooked bureaucrat. That's the message. You should write it down in case you forget. Just exactly what kind of psychiatric shambles do you have to be in order to turn ordinary values, not to mention common sense, upside-down like that? I understand that there are thoughtful adults who dislike the government of the United States, even hate it, and who see conspiracies just about everywhere, providing a knee-jerk explanation for otherwise unexplainable events. I know that people who think this way exist because I number some of them among my closer friends. Nevertheless, at some point this dislike, this hatred, if it increases in intensity, must pass beyond politics or ethics and into the realm of the psychiatric. I don't for a moment believe that a man who murders people for money is better than a sinister government official. I don't care how suave and cultured the murderer is or whether he knows how to reach the Louvre on the Metro. Whoever is purveying that message needs either medication or meditation.<br /><br />I'd like to be able to argue that the production is as thoroughly rotten as its message, but I can't. It's quite well done. (In some ways that's worse, because it makes the film less dismissable.) Even New York City looks photogenic on the screen. And it's been a long time since I've thought of New York as photogenic. Robert Redford does an admirable job of projecting his character's initial shock and confusion, but then turns into a telecommunicational semi-genius. And, man, he looks just fine! His wardrobe is just right. Even his rimless glasses are becoming. And his peacoat. It's not everyone who can make a navy pea jacket look glamorous. He seems extremely handsome too, the swine. I want to look like that. I want to wear a denim shirt and a tie with such panache. Faye Dunaway is alright in her role but it's not too believable a role. Would anybody eagerly sleep with a guy who has just kidnapped her and is holding her at gunpoint? Even if he did look like Redford? Would anyone be emotionally wounded if, when this ambivalent relationship is about to end, Redford asked her not to tell anybody about what happened? Cliff Robertson is surprisingly good. He does one or two extremely good double-takes. The mailman is superb. The fight between him and Redford in a crowded apartment is exquisitely choreographed and, for once, we really don't know for sure how it will turn out, because Redford (a book reader after all) seems mismatched against the brute cunning of this hired assassin. This is one of John Housemann's final roles. A shame. He's a magnet on screen. And what an end to his life: a friend finds him lost, wandering the streets of New York, in a neighborhood he'd been familiar with for most of his life. <br /><br />Yes, the movie is very well executed, but I can't ignore that vicious, paranoid message. I have the same problem with Leni Riefenstahl's ""Triumph of the Will."" Or her Olympic documentary in which the announcer is watching a foot race in which Jesse Owens is pulling into the lead and says ominously, ""This Negro is dangerous.""",negative
"Guy Richie's third proper film (not counting the God-awful ""Swept Away"" is a complex action thriller concerned with gambling, gangsters and chess. Fans of Richie's previous efforts will probably hate Revolver as much as I did, with its twists and turns. Richie stalwart Jason Statham plays Jake, a newly-released ex-con, out to wreak revenge on the ridiculously named Dorothy Macha (a superbly OTT Ray Liotta) but instead gets embroiled with a couple of other cons, (one of which is Andre 3000 from rap outfit Outkast) who throw him and us the audience, a number of red herrings throughout the film, all of which becomes extremely tedious. The high point of this mess of a movie is the bit in the restaurant, where the dialogue gets turned down in favour of a superbly shot, slow-mo shootout set to Beethoven's Moonlight Sonata. All in all, Revolver is a flawed work, not truly awful but far from Richie's best. That would still be Lock, Stock. If this film was a school homework assignment it would be graded 'must try harder!'",negative
"""Ripe"" is one of those awful indies which manages to get into circulation and give indies a bad name. Telling a stupidly incongruous tale of pubescent twin sisters who crawl from a firey car crash which kills their parents and then hit the road while happily shoplifting, making goo-goo eyes at some guy, and ending up on an Army post so dilapidated no Army would want it (yeah, right!). An apparent attempt at a coming of age flick, ""Ripe"" is an almost complete loser which wanders aimlessly as the players drift in and out of character finally ending clumsily with nary a shred of credibility to be found anywhere. Not recommended for anyone.",negative
"An excellent documentry. I personally remember this growing up in NYC in the early 80's. This movie is for anyone that wasn't around during that time period.This shows the one thing the African American Gay Underclass felt was solely theirs and the love and camadrie you see is real. The people are real and sadly few are still alive as this is being written. The balls are still held but not to the extent that they were in the the nineteen eighties. That time is gone forever. This is a good pre ""homo thug"" movie. When Queens were really proud to be extroverts. Goodbye to Storyville this is another era gone but greatly documented all hail film!",positive
"Though derivative, ""Labyrinth"" still stands as the highlight of the mid-half of the six-year-old show. Finally a story allows Welling to show how he has grown as an actor. It's not easy playing a character that is the embodiment of ""truth, justice, and the American way"" on a weekly basis with very little variation. His performance, permitting him to show how one might react if he/she discovers that all that he knew may be a lie, was quite believable.<br /><br />Welling rose to the occasion marvelously.<br /><br />As always, Michael Rosenbaum, as the ""handicapped"" Lex, delivered, as did Kristen Kreuk as a too-sweet-to-be-believed Lana. Allison Mack, the ever-present Chloe, also scored as a slightly ""off-her-rocker"" version.<br /><br />The use of an annoying hum in the background added to the tone of the installment and made for an engaging drama.",positive
"i love this movie. is it on air anymore? what can i do to get it on air again because i miss this movie when does this movie air again? i love this movie so much. does anyone know how long it has been since it was last on Disney?it has been a very very long time and i am so sick of waiting!i want to see Susie Q again. i swear, they take all the good movies off air and play new stupid gay ones that are fake and retarded. i miss this movie, wish upon a star, Kazaam with Shaquille O'neil, and a bunch more. where did all the good movies go? i want them back.i miss all the good movies and they don't have them anymore. if anybody finds out if Susie Q or any good old Disney movie comes out will you please let me know, my email is girlygirl148@aol.com girlygirl(no blank space)148. thank you and i hope you want this movie back too. have a great day",positive
"Some amusing humor, some that falls flat, some decent acting, some that is quite atrocious. This movie is simply hit and miss, guaranteed to amuse 12 year old boys more than any other niche.<br /><br />The child actors in the movie are just unfunny. When you are making a family comedy, that does tend to be a problem. Beverly D'Angelo rises above the material to give a funny, and dare I say it, human performance in the midst of this mediocrity.",negative
"You should not take what I am about to say lightly. I've seen many, many films and have reviewed a great deal of them, in print. So when I tell you that this film has the single funniest scene I have ever seen in a movie, you might want to listen to me. There's a lot of diversity of opinion as to what makes this INCREDIBLY stupid movie as funny as it is. And to those who just didn't get, well, I can't blame them, too much. The scene I speak of, comes at about the 30 minute mark and involves a dead convict shackled to John Candy. Up until that point, I had found the film dumb, confusing and it was beginning to lose me. When this scene came up, I laughed so hard, I peed my pants. No movie has ever done that to me before. When the project began, ""Going Berserk"" was supposed to be the SCTV movie. I remember it being announced. As time went on, the cast was whittled down To John Candy, Joe Flaherty & Eugene Levy. There also must have been a regime change at Universal, while it was being shot, because upon being released, it was shown in nearly ZERO theaters. When watching this a second time, I listened to the theme song (which actually flaunts how incomprehensible the plot is, in the lyrics), relaxed my logic nerve and figured out what was going on. Aside from the aforementioned routine, ""Going Berserk"" has many other hilarious scenes to recommend it. This is almost a 3 Stooges flick, except it's much funnier. Director David Steinberg has razor sharp timing, and he must have been laughing all through this. As for Candy, who's basically in charge here, he has NEVER been funnier. With all the plot devices and explanatory scenes thrown out the window, he absolutely runs wild. Flaherty and Levy follow him effortlessly. There is a plot, but it's a plot like ""Animal House"" had a plot, and yeah, the script is uneven, and a little slow to start. Once you know this, however, you can well appreciate the full SCTV style craziness that transpires. It IS stupid, but it's stupid on purpose, and you need to remember that when you see it. DO see it, and discover for yourself, if it has the funniest scene of all time in it.",positive
"Can I just start by saying I'm a fan of bad movies. And this is a really bad movie. It states on the front 100 passengers, 3000 snakes, but I think it's more accurate to say 12 passengers and about 20 snakes.<br /><br />The snakes don't do anything particularly interesting, the whole movie in fact just blunders on with little happening. Although there is occasionally a great gore shot of pulsating arms and green goo puke (bad movies have to have green goo don't they?).<br /><br />But then the ending comes along and will quite literally smack you off you seat in hysteria. and for that, this movie gets a boost up to a 2* rating.<br /><br />There are certain movies about in the world that you will want to show to your friends, just so you can watch there reaction when a certain event happens in them.<br /><br />For example The arrival of 'Big Man' in R Kelly's 'trapped in the closet' 'The LINE' in 'Shark Attack 3' (you'll know it when you hear it) The arrival of the mama shark in 'Shark Attack 3' Almost every scene of 'troll 2' The ending of 'Dracula 3000' (just for utter disbelief and confusion) and the end of this movie proudly sits in this category. It's worth sitting through just for that. So get drunk, stoned, whatever your poison is and watch this movie with some mates.<br /><br />Quite simply, if you like bad movies, get this, but don't get it confused with 'Snakes on a plane' ... there's no relation.<br /><br />And don't pay more than a fiver for it either ....",negative
"What can I say? I think I have to write ""Spoiler alert"" and then ""reveal"" they used the F-word a LOT in this movie - like in every two sentences. I did not like this movie at all - too much hints on sexual perversions, sidesteps and cheating. And that swearing was totally out the window. I gave this movie ""3"" and two of those points are for Mira Sorvino's sexy movements on the dance floor.",negative
"The original ""les visiteurs"" was original, hilarious, interesting, balanced and near perfect. LV2 must be a candidate for ""Worst first sequel to a really good film"". In LV2 everyone keeps shouting, when a gag doesn't work first it's repeated another 5 times with some vague hope that it will eventually become funny. LV2 is a horrible parody of LV1, except of course that a parody should be inventive. If you loved LV1 just don't see this film, just see LV1 again!!",negative
"If you decide to watch Wild Rebels, don't expect anything deep and meaningful. If you're looking for a film that explores the relationships and structure of a motorcycle gang, Wild Rebels is the wrong movie. If you're looking for an expose on the breakdown of the American educational system and the problem of juvenile delinquency, Wild Rebels is the wrong movie. If you're looking for a movie that examines how undermanned rural police departments are when facing a well-financed, well-organized gang, Wild Rebels is the wrong movie. But if you're looking for an absurd movie filled with scene after scene of unintentional humor, horrendous acting, a paper-thin plot, and community theater style production values, Wild Rebels is the right movie.<br /><br />Wild Rebels is the story of a down-on-his-luck stock-car driver named Rod Tillman (Steve Alaimo). After a fiery crash (which Rod walks away from completely unscathed despite having only a cotton pants and a London Fog style jacket for protection), Rod decides to give it up. With no plan for his future other than to wander aimless through the back-roads of the South, he stumbles on the Satan's Angels motorcycle gang (a gang being three of the stupidest guys to ever zip up a leather jacket and a woman they seem to share). This group of hoodlums spends their time terrorizing a rural town in Florida by committing such atrocities as stealing a newspaper from a neighbor's mailbox. These bumbling idiots need someone to act as their driver during some larger crimes they have planned. Apparently, these three Einsteins can only drive vehicles with two tires, not four. So they recruit Rod to perform feats of daring that only an experienced stunt driver would be capable of like keeping the car in the middle of a gravel road during a low-speed chase. Eventually, they hold-up a bank, get into the aforementioned low-speed chase, and have the lamest gun battle with the police ever put on film. I could go on forever, but you get the idea.<br /><br />I hate the term ""so bad it's good"", but that seems to aptly describe Wild Rebels.",negative
"**WARNING: POSSIBLE SPOILER**<br /><br />If you can get by the extremely unpleasant subject matter, this film does offer a heaping helping of outrageously campy melodrama. Surprisingly enough, this movie has been copied and ripped-off several times over the years, although it's hard to fathom ANY filmmaker being inspired by this trashy drama. Neither one of the Hemingway women can act here (although Mariel HAS improved over the years), Anne Bancroft offers the only touch of class as a prosecuting attorney, and Chris Sarandon is by turns pathetic and unintentionally hilarious as the smirking, smarmy bad guy of the piece.<br /><br />Veteran director Lamont Johnson can't make a silk purse out of this sow's ear of a script, which is stuffed to bursting with howlingly bad dialogue and outlandish situations. For example, the final sequence, where Margaux grabs her shotgun and chases Sarandon down after his latest shocking act is meant to be exciting but elicits hearty chuckles instead. Add a notoriously shrill and spacy musical score by Michel Polnareff and you have a true guilty pleasure, even though you're likely to feel grubby and needing a hot shower after viewing it. Don't say you weren't warned.",negative
"This is probably one of those films too many commented but undiscovered... This is probably one masterpiece of Spanish cinema like some Buñuel's masters-piece. ""15 days with you"" could be the better ""now and them"" re-visitation from others films of long-time ago: could be ""Midnight cowboy"" but could be also ""Les amants du Pont-Neuf"" or a realistic and non-spot-look (but most realistic) ""trainspotting"". This hard story has place to humour, love and obviously dramatic sense. In the new social Spanish cinema this little diamond could be the resurrection of the Italian neo realism mixed whit the best Ken Loach films.<br /><br />Probably the better film I discover in the last 10 years.",positive
"I was excited at the concept of my favorite comic book hero being on television... and sorely disappointed at the end result.<br /><br />The only ""amazing"" thing was the wall crawling (despite the visibility of the cable). I didn't think Nick Hammond was Peter Parker... and he was visibly of a different build than the guy who did the stunts in the spider suit. You could tell they were two different actors.<br /><br />Granted, I can also spot in the modern Spider-Man movies when I am looking at Tobey Macguire and when I am looking at CGI. But that is from a trained eye and experience working with CGI. Still, the 70's version could have been better despite lack of Special FX.<br /><br />The webs were hokey and looked like ropes that seemed to wrap around things rather than stick to them. And what was up with giving him a spider mobile to ride around in. Hello? He's the web slinger people.<br /><br />Sorry... didn't mean to get so worked up, but our beloved wall crawler deserved better.",negative
"I think a great many viewers missed entirely the fact that this is obviously a parody of western films.<br /><br />This is not a bad movie - it is a clever tongue in cheek take on westerns. I don't believe this film was taking itself seriously for a moment.<br /><br />What makes this film even more unique is the fact it is centered around 4 strong, beautiful women, two of which are black, one Asian, and a Mexican/Hispanic character.<br /><br />These aren't your usual western women--they're tough--they can draw fast and shoot straight.<br /><br />They're so tough even the bartender is shaking when he pours their whiskey.<br /><br />The plot which moves this story along is typical of westerns--in the vein of ""you shot my brother--so I'm gonna get you!"" Only in this western, a woman's sister has been shot and she's out for vengeance on the gang who did it.<br /><br />So she goes and rounds up her old cronies from her bank robbing days.<br /><br />One of them, Maria, is not really all that interested in avenging Rachel's sister, but she is motived by the fact there's gold and jewelry hidden in the town where they're headed.<br /><br />There are a couple of scenes that don't quite make sense, not that they interfere that much, they can be ignored, but I wondered why they were there. So the film could use a little tightening, but over all, this is a well made film that has failed to find an audience that recognized what it is.<br /><br />My only disappointment was that the only lesbian in the film is a villain--of the ""heroines"", one is obviously straight, the others sexual orientations are never disclosed.<br /><br />7 Stars",positive
"If you like The Three Stooges you'll undoubtedly like this 17 minute short. There were certainly some amusing moments in it, but like all the Stooges' work, this revolves around their particular style of slapstick comedy, and I have to confess that somehow the Stooges just never really did it for me. Their slapstick always seemed angry rather than funny, and even though it was obviously fake, their antics always seemed more likely to cause hurt rather than to cause laughter. In this short, the slapstick revolves around the attempts to find Shemp (who is a Professor of Music in this) a wife, because he's just inherited half a million dollars on condition that he marry within 48 hours of the will being read. One of his students is interested, but once word of the inheritance gets out , there's suddenly a long line-up of potential brides, and a pretty good cat fight emerges between them. Fans of the Stooges will enjoy. For me, it has all the elements that drive me nuts about them. 4/10",negative
"As a South African, living in South Africa again after a 32 year stay in the UK, I am sorry to say that this movie is a huge disappointment. The three main problems I had with the movie was a) why Swank and Ejiofor - an American and a Nigerian - to play the leads. This country is bursting with talent and has no need of imports... b) Gillian Slovo has been trading off her Struggle credentials for years now. She's a very mediocre writer and even her novel doesn't stand up the flaccid direction of Mr Hooper... and c) Hilary Swank again, such a great actor, as proved in Million Dollar Baby (but that's Eastwood too), here dressed in the contemporary New York style whilst roaming freely around the poverty of the Karoo. Where was the consideration and sensitivity needed by the costumer and director? Yes, the film is ultimately moving - how could it not be? - but the overall mood at the conclusion is one of tremendous letdown. Heart's in the right place but needs a pace maker.",negative
"Twenty five years ago, I showed this film in some children's classes in Entomology and can still remember the excitement of the kids; they were spellbound! It is not just about the termites who have built and live in the ""Castles of Clay,"" but also about the other animals who use the mounds. There is a fantastic scene in which a cobra fights a monitor lizard while a colony of mongooses watch. It is a not only good for entomology classes, but also for teaching about ecology since there is so much about the interactions between the termites and other organisms and the whole ecology of all of the organisms that live in and around the mounds. <br /><br />I wish it was available on DVD, so that I could watch it again and show others.",positive
"Clearly my rating for this is not to suggest it compares with the classy horrors of the likes of Argento but with other 70s low budget, drive in fare and in that department it truly is a classic. The lack of money shows, (Does anyone care too much?) the acting is adequate rather than professional, (Does that make it more realistic?) but unlike so many other movies, and not just low budget ones, this does not drag for a moment. Crap it may be but non stop crap, in your face crap and although inevitably a bit campy at times, this is a must see for anyone who has any idea what I'm talking about. At times quite delirious, this crazy little film filled out with crazy characters is clearly made for fun and fun indeed it is to watch.",positive
"Jonathan Demme's directorial debut for Roger Corman's legendary exploitation outfit New World Pictures rates highly as one of the finest chicks-in-chains 70's grindhouse classics to ever grace celluloid. Beauteous Russ Meyer starlet Eric (""Vixen,"" ""Beyond the Valley of the Dolls"") Gavin gives a robust, winning performance as a brassy, resilient new fish who does her best to persevere in a grimy, hellish penitentiary. The always fabulous Barbara Steele offers a deliciously wicked portrayal as the mean, crippled, sexually frustrated warden (her erotic dream about doing a slow, steamy striptease in front of the lady inmates is a real dilly). Longtime favorite 70's B-movie actress Roberta (""The Arousers,"" ""Unholy Rollers"") Collins delivers a hilariously raunchy and endearing turn as a cheerfully forward, foul-mouthed kleptomaniac felon who tells a gut-busting dirty joke about Pinnochio. Lynda Gold (a.k.a. Crystin Sinclaire of Tobe Hooper's ""Eaten Alive"" and Curtis Harrington's ""Ruby"") makes her lively film debut as uninhibited wildcat Crazy Alice. And the ever-cuddly Cheryl ""Rainbeaux"" Smith does a lovely, touching reprise of her fragile frightened innocent role from ""Lemora: A Child's Tale of the Supernatural."" <br /><br />Although this picture does deliver the expected ample amount of coarse language, nudity, rape and violence, it's still by no means a typically crass and sexist piece of lurid mindless filth; the movie very effectively explores the many ways in which men cruelly exploit women and strongly asserts the pro-feminist notion that women can overcome any obstacles if they band together into a group so they can bravely face their misogynistic oppressors as one mighty fighting force. Demme's zesty, confidant direction comes through with a glorious abundance of astutely observed incidental details and delightful moments of engagingly quirky human behavior. Furthermore, both Tak Fujimoto's vibrant cinematography and John Cale's marvelously dolorous oddball blues score are 100% on the money excellent. Patrick Wright (Sheriff Mack in the uproariously awful cheap-rubber-monster-suit creature feature howler ""Track of the Moonbeast"") has a sidesplitting bit as a jerky cop who has his car stolen by a trio of prison escapees when he stops at a gas station to use the bathroom. Lively, rousing and immensely enjoyable, ""Caged Heat"" qualifies as absolutely essential viewing for 70's drive-in movie fans.",positive
"I saw one of the stage performances in Denver and have never been less impressed. The word ""vagina"" says it all. A body part. Nothing shocking here. I could say to my doctor, ""My left arm has been hurting a bit after tennis"" or ""My vagina hurts after cycling"" with equal or more social commentary. It could be the ""Tricep Monologues"" for all the entertainment or radical comment I heard. The monologues were dull but delivered with drama, the topics were outdated, and I was alternately bored and annoyed. Once I think I laughed but apparently it wasn't when I was supposed to. Surely this isn't really a hit. Oh, and spoilers: there was a LESBIAN! - oh, wait, maybe not, come to think of it. And Inappropriate Fondling! And a Crack Mama! That about covers it.",negative
"I would reccomend this film to everyone. Not only to the fans of the rocker Luciano Ligabue, but to all film-buffs. Because it's sincere, moving, funny and true. Because Ligabue is a born storyteller and a film lover, and every frame of his film is made with love and care. Because his characters are loved and ask to be loved. Because most of the Italian debut films are lousy and this one, done by an outsider, is a real joy to watch and to listen at. Because Stefano Accorsi is gorgeous and reminds me of Andrea Pazienza, who was, like Freccia, beautiful and talented and good and lost his life because of the heroin, that Ligabue shows as it is, unglamorous and ugly, without indulging in easy moralisms. Because it's a film that speaks to our heart, our ears, our souls. And because I lived the experience of the FM radios and it was exactly like that. Thanks, Luciano!",positive
"It was a Sunday night and I was waiting for the advertised movie on TV. They said it was a comedy! The movie started, 10 minutes passed, after that 30 minutes and I didn't laugh not even once. The fact is that the movie ended and I didn't get even on echance to laugh. PLEASE, someone tickle me, I lost 90 minutes for nothing.",negative
"Stealing is a crime, and these guys, Kenny Yakkel and Corbin Bernsen look like their going to get away with it. I haven't even seen this film, but not only do i know it sucks, but the fact that it steals the story of another film, or 2 films for that matter, is such bull crap (and if IMDb would allow profanity much more than just bull crap) that I become filled with rage and feel as though I should just throw myself out the window and just end it all. O.k that's a little much but stealing is worse.<br /><br />Ever seen Pontypool? It was this awesome little zombie film made in 2008, this radio host goes into work, and then this zombie attack happens. We only see what's going on inside the radio station, and the only guess we have on what's happening on the outside are the occasional calls from their eye in the sky Ken Loney (easily the funniest moment in the film in my mind) and the BBC calling in for an update on the situation. From all the reviews I've read, and from the conversation I had with my friend (who has seen this film and Pontypool) this film was exactly like it in the story, with minor tweaks here and there. So throw originality and creativity out the window. As for the Zombies, or the infected, whatever you want to call them. They are the exact same thing, just because they got infected does not change the fact that they walk around mindlessly, and have a never ending quench for flesh. They are Zombies. ZOMBIES!!<br /><br />ZOMBIES!!! Okay one to many, but back to this crappy movie. The Zombies from what I've heard are a lot like the ones in 28 Days Later, another better movie, with their insane rage and even more insane quench of flesh. This is where Zombie movies define themselves, story does not matter in a zombie movie (as long as your not taking the idea of another film). Sure a zombie movie can be enhanced by the story, as is the case with Pontypool, but the zombies have to be, in a way, original. 28 Days Later started the insane raging Zombie. Pontypool I can't even begin to explain those guys without ruining the film. The Evil Dead, I think all i have to do is just type the name again because, come on it's The Evil Dead. Romero is the master, and he went through all different types of zombies, from the painted face zombies in Dawn of the Dead to raging zombies in Diary of the Dead, and he did each one with his own unique style.<br /><br />So, after talking about other great zombie movies, I think it's about time I explain why I hate this movie without even seeing it. This movie down right steals the original story outline to Pontypool which i think is called plagiarism and is illegal in this country and many people get kicked out of school for doing this very thing, yet in Hollywood it's allowed, and apparently approved of. This is not the only film that takes the outline of another movie, and just tries to tell it differently. The 90's is like the worst period for movies ever, sure it had some gems but what decade doesn't, and it's because all the movies were the exact same. My favorite, the crime movie with a twist so big that you'll never guess it till the very end. They force feed you one suspect, make it seem impossible that it's not anybody else but him, then, bam, all this time it was this guy, you just had to look at the scenes where he wasn't there and then when he would mysteriously show up out of the blue, say ""hey guys, what did i miss?"" OH! DIDN'T SEE THAT COMING DID YA! Well, I'll leave a cliché as my closing statement. This is one film you'll surely want to miss.",negative
"I really enjoy this movie. The first time it was on Turner Classic Movies. All the actors did very well but Brynner steals the show again like always ( he is so sexy!).This is one of the movie that you do see Brynner's emotions. Actually this movie this is the first I ever seen him laugh because he plays very strong, larger-than-life and serious roles in other movies. In this movie you see both a masculine, tough and sensitive side of Brynner .Brynner seems to be a ""ladies'man"" in this movie.That is amazing how Brynner eats the glass cup and speaks in his Russian tongue it drives me crazy in love. I don't understand when both Brynner and Kerr ( they both have very good chemistry) stars in a movie together and then Brynner always die at the end it kind of reminds you ""The King and I"" in a way.",positive
"Tom is listening to one of those old-time radio broadcasts, something kids from the 1950s to today would watch on TV. However, they didn't television when this cartoon was made so people got their entertainment - from comedies to music to scary stories - from the radio. <br /><br />Tom is literally shaking in his boots listening to some story about the ""phantom."" He's actually literally doing everything the narrator is saying, such as ""hair standing on end, icy chills race down her spine, her heart beats in her throat,"" etc. Jerry, meanwhile, is watching Tom and laughing his butt off at his scaredy- cat antics.<br /><br />We then get a taste of what we will see for many years after this 194- cartoon in which Jerry tortures Tom for no reason other than sadistic pleasure. If the cat asks for trouble, that's one thing, but when he's minding own business and Jerry is physically (and in this case, mentally) abusing him, I have a hard time rooting for the ""little guy.""<br /><br />These early T&M efforts also were a minute longer than all that followed. Sometimes that one minute makes a difference. It did here as this actually dragged for awhile. It could have been cut to five minutes without missing anything because the sketches went on too long. That's usual for Tom and Jerry's. Usually, they are much faster-paced.",negative
"This is superb - the acting wonderful, sets, clothes, music - but most of all the story itself.<br /><br />I am amazed there aren't more reviews of this movie - certainly one of the best of the 1980s.<br /><br />It's also a wonderful movie to see in tandem with the great ""Random Harvest"" which has much the same opening crisis <br /><br />-- a middle aged, unknown English W.W.I officer is in a hospital toward the close of the war, suffering from shell shock and complete amnesia without any idea of his name, origin, or anywhere he belongs - he proves to be a very wealthy established man - when he ""recovers"", he will not remember the years before the war -- <br /><br />But there the movies' resemblances end.<br /><br />My warmest thanks to all who participated in the movie - particularly the actors Ian Holm, Alan Bates, Ann Margret (what a great and surprising casting choice), Glenda Jackson, Julie Christie.<br /><br />This one stays with you forever.",positive
"Of course, how could he. He obviously co-opted several aspects from that excellent movie, which was also based on the sensational French case of the self-described ""doctor in the World Health Organization"" who murdered his family and himself when finally unmasked as a fraud. Emilio refers to his son as ""monster,"" he sings to the radio in his car, he hangs out on park benches, and he specializes in investment schemes to defraud his family and friends -- all of this and more directly lifted from ""Time Out,"" which came out the year before ""Nobody's Life."" It's too bad because this movie is pretty good on its own, with good acting and writing. Whereas Vincent from ""Time Out"" is a much more subtle character who seems to have a sense of ethics even though at times it gets twisted into knots, the protagonist here seems devoid of any character at all save for his winning looks and charm. Seriously, the part where he used X-rays that show his mother-in-law's cancer to bilk more money from his father, then utilizes a subtle twist on the same scam to avoid eviction from his fancy home for failing to pay the lease on time -- it's almost too much. The guy has no shame whatsoever, In fact, he's more like the lead in ""Stepfather"" than some poor schmuck who gets fired and is so humiliated that he can't face the disappointment of his family and friends and feels forced to invent a shiny new life for himself, as Vincent did in ""Time Out."" Thus, one could feel the tension mounting in ""Nobody's Life"" and the violent conclusion coming. One thing ""Nobody's Life"" has that ""Time Out"" definitely lacked was a love interest apart from the protagonist's trusting wife. It's not hard to understand how the sexy babysitter was able to fascinate and ensnare Emile to the degree that he ignored the danger of her natural curiosity and allowed it to lay bare his less than carefully constructed con. Given the reservations mentioned, this is a pretty good movie that we found entertaining. If you long for something touching on similar elements that goes a might deeper and is more intellectually and spiritually satisfying, I strongly suggest ""Time Out.""",positive
"This film really disappointed me. The acting is atrocious. Unbelievable. And it's about actors. The story is incredibly obvious: A group of independent actors stage a Passion Play and, in turn, they start to live out the lives of the characters they play. I've been watching a lot of movies lately, thanks to Netflix, and this is the first one I haven't watched all the way through in a long time. I felt I didn't need to see the end; we all know the end of this story.<br /><br />For some, it seems, this ""modernization"" of the Gospels is either sacrilegious or enlightening. I cannot speak to any of this as I wasn't raised in the Christian church. That being said, I was raised in the US and I live in an increasingly Christian culture. I'm curious enough about Jesus and about the modernization of the religion, for better or worse. I haven't seen Mel Gibson's version, but I'm guessing that those who liked that one will like this, except for the most conservative. I just wish this was a better film.<br /><br />Lots of these reviews praise Arcand's direction and especially the cinematography. I liked neither. The film itself is rather prudish and preachy. I didn't believe the characters' personae and I was never involved with their on screen lives. The play within the play is very much dated and would not, I think, carry it's own weight in a real time production. But that's beside the point. What I really needed for this to work would have been stronger development of the characters and the plot to support the philosophical and theological questions the film would like to be about. And the musical choices are obvious and unoriginal.<br /><br />There were two examples of this that come easily to mind. Firstly, there is a reenactment of the parable of Jesus driving the money lenders from the temple: the lead actor, who has fallen for the woman who will play Magdalene and who is also a model and dancer, becomes enraged that she must debase herself by auditioning for a commercial (with a wicked producer and plenty of panting men in the audience) with her pants off. He trashes the place and chases them all out. I guess this is the level that the film wishes to reach. The romance between these two is entirely arbitrary and not at all emotionally realized and the scene is played out like a high-school rendering of Death of a Salesman, i.e., not well. Please stop hitting me over the head with this high-handed ""significance."" The other is the relationship between the other female lead and the priest who has asked them to do the play and who, eventually, turns against them and betrays them to the nowadays-corrupt Church. Why. Why does she sleep with this guy. ""It brings him so much pleasure and me so little pain."" Ah, the saintly whore and the lovable old coot. It seems to be just enough for Arcand to signify but not worth the trouble to enrich and enliven these characters. They are going through the motions and I'm reaching for the eject button.<br /><br />Feel free to write me off as bored, jaded or just not interested. Feel free to watch this movie and see the Passion, in all its beauty, sadness and inspiration, delivered as an amateurish and gimmicky charade. Feel free to have all your preconceived ideas affirmed and see any shred of artistic integrity forsaken for monotonous drivel. But don't say I didn't warn you.",negative
"Even though it has one of the standard ""Revenge Price Plots,"" this film is my favorite of Vincent Price's work. Gallico has that quality that is missing in so many horror film characters- likeability. When you watch it, you feel for him, you feel his frustration, the injustices against him, and you cheer him on when he goes for vengeance, even though he frightens you a little with his original fury. As the film goes on, his character becomes tragic. He's committed his murder, but now he must kill to cover that up. And again to cover that one up. And again... your stomach sinks with his soul as it goes down its spiral- like watching a beloved brother turn into a hood. Even if the revenge story is of old, the plot devices themselves are original- Gallico uses his tricks to kill in more and more inventive ways. A shame this one isn't available for home veiwing.",positive
"I first saw Love in Limbo playing late on free to air TV about five years ago, and since then it's a movie I'll always remember warmly as one of those films you see and are forever influenced by.<br /><br />For the uninitiated, Australian film has a long history of making off-beat comedies about lovable losers, and Love in Limbo is a sterling example of this. Whilst Russel Crowe is the only name actor in it (although these days he's all a movie needs), the rest of the Aussie cast is good- he still steals the show as a nervous, nerdy, virgin loser though.<br /><br />The general premise is a lot like American Pie. A group of friends wanting to get laid and become men. As you'd expect, the entire movie focusses on this (with a sub-plot about the lead's mother and various other incidents), and is full of humorous situations that push it towards the inevitably sweet ending.<br /><br />If you enjoyed American Pie, don't expect this to be the same- but expect the same conventions to make appearances. Love in Limbo isn't a gross out romantic comedy- but it definitely has its share of laughs, fist pumping moments when the good guy wins, and the situations every guy, Australian or otherwise, can relate to.<br /><br />See it if you liked: American Pie, Almost Famous. Strengths: Good Aussie cast, easy to relate to, good perve value. Weaknesses: Predictable at points. My Rating: 8 out of 10",positive
"I don't know how expensive was the creation of this movie but the effects were awful. Half of the movie was filmed on stage in front of a movie canvas (that's sure that blue box wouldn't look so artificial). When they traveled on a boat, the background canvas was moved imitating the movement of waves but the characters weren't moving. The CGI effects: terrible (I am not sure but I guess the effect were created with Paint and made a GIF sequence of them - next time the creators should hire a professional CGI maker team). It looks like the CGI creator would have drawn on the picture strip with shaky hands. Awful, that's sure. When I first saw the trailer, I thought it was created in 1983. One of my friend told me the correct date: 2005. My jaw dropped, I was so shocked, I thought he was kidding. People, I recommend you to skip this movie, the story is also twisted, you won't enjoy it.",negative
"Susan Slept Here turned out to be Dick Powell's swan song as a performer on the big screen. Of course he directed some more films and appeared frequently on television until he died. It's a pity he didn't go out with his performance in The Bad and the Beautiful.<br /><br />Frank Tashlin has done so many better films, I'm still not sure whatever possessed him to do this one. The premise is absolutely laughable. <br /><br />Dick Powell is a screenwriter who's looking to do more serious stuff than the fluff he's been writing. He had an idea for a film on juvenile delinquency so two friendly cops in Herb Vigran and Horace McMahon deposit 17 year old Debbie Reynolds on his doorstep. She's not a really bad kid and they don't want to put her in the system. So they give her to Dick Powell at Christmas time.<br /><br />I mean is there anyone out there who doesn't see a problem? The term jailbait comes immediately to mind. Additionally Powell has a girlfriend, the young and sexy Anne Francis. Why Debbie Reynolds is any competition here is beyond me.<br /><br />Susan Slept Here got one Oscar nomination. The song Hold My Hand, sung by Don Cornell in the background, was nominated for best song, but lost to Secret Love. <br /><br />Powell and Reynolds do have some funny moments together and Alvy Moore as Powell's factotum and Les Tremayne as his lawyer also get a few laughs. <br /><br />But it's not enough.",negative
"""A Minute to Pray, A Second to Die"" is a quality spaghetti western with a solid cast and an interesting storyline. It is filmed beautifully, with a relatively high production value for a film in this genre.<br /><br />Alex Cord does a terrific job portraying Clay McCord, an outlaw who is suffering from increasingly debilitating seizures. He is seeking amnesty before his enemies close in on him, but is being too cocky for his own good when he asks for it. Robert Ryan delivers the best performance in the film as the governor of New Mexico. Mario Brega and Arthur Kennedy are also great here.<br /><br />This movie is very good, but it doesn't stand out to me as being one of the best spaghetti westerns out there. It's lacking too much in style to be in the same league as any of the great ones. It does have some cool spaghetti overtones, but overall it's a bit too much like an American western. This is especially evident in the music score, which is OK as movies go in general, but pretty dull by euro-western standards. The soundtrack kind of reminds me of the music from ""The Unforgiven."" Although there is an interesting story here, it is told in a manner which is a bit too conventional for my tastes. If a spaghetti western fan and a Hollywood western fan had to watch a movie together, this one would be the perfect compromise.<br /><br />All of this is not to say that anyone should avoid this film. I did enjoy watching it very much. As I said, it is a very well-done film and I recommend it to anyone who likes westerns, spaghetti or otherwise.",positive
"When I go to see movies I would stay up and watch it or if I did not like it, I would go sleep, but this was pure crap, I actually got up and walked out!....This was poorly script and put together, I hated it. Also, they should not have taken Brendan Frasier off, he was much better. This was not as good as I had expected, considering that I really liked George of The Jungle 1, and the graphics weren't as good as the first one, for instance, the bird, and when ever he crashed in a tree. I hope that the director of this takes heed, and next movies he make, he needs to reconsider...horrible! I really would like to give Ursla a job well done, as she made the movie worthwhile (until I walked out)...overall I give this movie a 2 out of 10",negative
"I was excited to discover this late sixties comedy staring some of my favorite people - Maggie Smith, a very young Bob Newhart and, of course, Peter Ustinov. My disappointment was thus compounded to discover the film doesn't work as either a comedy or a perfect heist film. Ustinov plays a small time crook just out of prison who sets his sites on a large American corporation based in London. Bluffing his way past dimwitted CEO Karl Malden and tech geek Newhart, Ustinov passes himself off as a computer expert and immediately plans the 'perfect heist' part of the film. To do this he needs to get passed a tamper proof security system that guards the corporation mainframe. And here is problem one. His perfect plan only works because everyone else in the film is remarkably trusting and stupid. His lame excuses are taken at face value and this must be the only computer center anywhere not to bother with video cameras. The second problem is the heist (fraud really) happens within the first 30 minutes of the film robbing the rest of the picture of much in way of dramatic tension. Maggie Smith is sadly miscast as Ustinov's ditsy next door neighbor/secretary who just can't keep a job. I love Maggie Smith but she just seems too together here, too composed, the part called for more of a wacky, physical comedian. Furthermore, Ustinov and Smith have no chemistry together, maybe it's the age difference, but the later romantic relationship, as devoid of actual romance as it is, still comes off a little creepy. Ustinov co-wrote the script, and it was thought well of at the time, but I found it unfunny, meandering and a sad waste of a great cast.",negative
The old man mouse in this cartoon would have you believe that all men are created equally EVIL............so if we have to kill men in order to stop Hitler..........we are just as bad as Hitler was killing the Jews........ Well.....I don't buy it Mr. Mouse............but I guess it paints a pretty picture and makes a cute cartoon.......but it wasn't the reality then and it ain't reality now.,negative
"Early 80's creature feature concerns a long abandoned gold mine that some intrepid miners are determined to check out. Naturally, they find no gold down there but one very hungry monster that slithers along in search of prey.<br /><br />While I have to be honest and admit I found it dull at first (I personally prefer the thematically similar ""The Boogens""), it actually grew on me as it went along. Now, the characters aren't too interesting nor the actors either. The closest to an interesting character is Morgan, played by Keith Hurt. In any event, female lead Terri Berland is quite good looking and Rolf Theison makes his domineering jerk an easy person to hate. The writer played by effects man Mark Sawicki wears thin quickly.<br /><br />It begins in a comfortably predictable enough way, with a nighttime set piece in which two victims are claimed to get things off to an acceptable start. The monster itself is intriguing for its design (as you can imagine, it gets revealed a bit at a time until late in the game) and for being the product of stop motion animation when this process was no longer used very much. Director Melanie Anne Phillips (directing under the pseudonym of David Michael Hillman) and crew deserve some credit for their creation of atmosphere. They manage to make the film look quite claustrophobic and gloomy, and their use of lighting works well. The film does build in intensity towards a pretty good ending. Suffice it to say, they do the best they can on their low budget.<br /><br />An obscure little item worth looking into for die-hard horror buffs.<br /><br />7/10",positive
"""Caligula"" shares many of the same attributes as the 1970 ""Fellini Satyricon"" with bizarre sights, freakishness, and depictions of sexual excesses all set in the ""glory"" of ancient Rome. But Fellini it ain't... First of all it is not as entertaining. Far too much screen time is devoted to bug-eyed, rubber-faced McDowell in the titular role. His performance is far too fey and campy to be convincing. The portrayals by Jay Robinson in ""The Robe"" (1953) and David Cain-Haughton in ""Emperor Caligula"" (1983) are far more persuasive and believable, with the latter being the most nuanced. Relief could have been judiciously provided by developing the surrounding characters more fully. As it is, they are little more than cyphers. One example is the role of Macro, played by Guido Mannari who has tremendous screen presence in an important role, but is mostly left in the background. The only positive features to credit are the adroit use of some Prokofiev and Stravinsky themes in the music score and the inclusion of some of the distasteful but nevertheless accurate actions of the despot. These two factors are far less than what is needed to relieve the prevailing tedium, however.",negative
"In terms of the arts, the 1970s were a very turbulent era. In literature and the visual arts, it was the closing of a great fifty or sixty year period of creativity that has yet to be restarted. In music it was a decade that many see as a low point, due to corporate rock and disco. On television it was a Golden Age for situation comedies, from The Odd Couple to the Mary Tyler Moore Show to M*A*S*H to All In The Family, but in film it was even a greater period of creativity, in all genres, that saw the rise of the American auteur- directors like Robert Altman, Francis Ford Coppola, and Martin Scorsese- from the ashes of the old studio systems that had dominated Hollywood for over half a century. These directors wanted to craft literate, arts films for the masses, of the sort that had been staples in Europe since the end of the Second World War. Yet, the studios were trying to keep pace, with socially aware films of the sort not seen since the 1930s.<br /><br />But, unlike the films of the 1930s, starring actors like Jimmy Cagney and John Garfield (usually co-starring the Dead End Kids), that dealt with social issues in a gritty realistic way, or as realistic as one could get on a sound stage, the social consciousness of the late 1960s and early 1970s manifested itself most in science fiction films, which allowed the Left Wing of Hollywood to preach to the masses under the guise of what most considered little above comic strip entertainment. There was precedent for this approach, for several of the flying saucer films of the 1950s dealt with the political zeitgeist of the McCarthy era- most notably The Day The Earth Stood Still and Invasion Of The Body Snatchers. And the early 1960s saw Rod Serling constantly subverting the political conservatism of the time by casting social issues into science fiction settings on his classic sci fi television anthology show The Twilight Zone. Among the studio offerings of this time were the ecologically sensitive Silent Running; George Lucas's first film THX 1138, which dealt with consumerism, group think, and existentialism; and Logan's Run, which hammered away at Communism and state control versus the rights of an individual. Some of the film's references are quite heavyhanded- and reek of the then current Arab oil crisis and rampant inflation. A few jarred strawberries cost $150, and Soylent rations its assorted colored foods- Soylent Yellow, Soylent Red, and the new Soylent Green, reputedly made from 'the finest undersea growth,' in a manner not unlike the gas rationing of the time. Scenes of food riots are eerie echoes of the oil riots at many gas stations during the year of the film's release, and the scenes of crowding, and bodies, live and dead, lying all about are still chilling, as well as influential. A later film like Escape From New York is an obvious progeny. The rest of the script, by Stanley R. Greenberg, however, is rather pedestrian, and fairly standard for a dystopian flick, but Fleischer and cinematographer Richard H. Kline do a great job of filling the screen with interesting images and sounds, to spice things up. The use of soft, dimly lit visuals, murkily filtered, add a Stygian feel to the New York of the film, almost like a colorized version of Carl Theodor Dreyer's Vampyr. The only light in the film comes from artificial sources, and were it not for the fashion faux pas the film could truly seem timeless.<br /><br />The end of the film, where Thorn sneaks into the processing plant where human corpses are made into Soylent Green wafers, is both chilling, and oddly drama-less. In the end, the Soylent minions hunt Thorn down, but he survives long enough to utter the film's catchphrase to Chief Hatcher. Yet, one does not know if it is enough, for Hatcher has already been co-opted, and has a track record of taking the easy way out. Yet, that fact, and its ambiguity, shows that the film does not recapitulate its characters' dilemmas, and has a depth many later, better made films, sci fi or not, do not have. It is also why Soylent Green is still a film worth watching.",positive
"This is the Columbo that got directed by Steven Spielberg at an early point in his career. It's nothing sensational but some small hint of great things to come for Spielberg can be seen in this movie. The movie is basically in the same style as most of Spierlberg's '70's movies and TV works. So that means that some characters tend to show some quirkiness's and no I'm not just talking about the Columbo character alone. The kind of character quirkiness which perhaps can be best seen in the 1975 Spielberg movie ""Jaws"". But other than some small hints of typical early Spielberg elements, you can't call this movie the work of- and fine example of a rising director star. Not that its bad, of course it isn't but as I said earlier, it also isn't anything too sensational.<br /><br />This movie began really well and very promising but after it's fine opening, in which as always the murder occurred, the movie became sort of more slow and also dull to watch. Dull because it's mostly a Columbo movie by the book that doesn't have real memorable moments in it, not dull because it's a boring movie to watch.<br /><br />The murder itself was quite ingenious and the concept of having a crime story writer murdering his writing partner showed some great and interesting potential. The story however didn't really explored all of its possibilities. At least that's the feeling this movie left me with.<br /><br />The movie was still a good one to watch nevertheless thanks to the character of Jack Cassidy, who thinks he's smarter then Columbo, due to his mystery/crime writing experience and tries to give him all kinds of possible hints, leading away from himself. But of course Columbo knows better and he is his number one suspect from the first moment on but he as usual plays the game along.<br /><br />The movie does have a good overall style and uses some fine camera position and editing. Funny to see that also most of this was all mostly consistent with Spielberg's later work, especially some of the camera-angles.<br /><br />A fine and perfectly watchable Columbo movie but don't let the name of Spielberg attached to it rise your expectations for it too highly.<br /><br />7/10",positive
"During the brief period between Clint Eastwood's string of spaghetti westerns and his Dirty Harry films, he and director Don Siegel teamed up to make this unusual picture. Eastwood plays an injured Union Army corporal during the Civil War who is taken in by a southern school for girls until he recovers from his wounds. It has been a while since the young women (most of which seem to be teenagers) have had a man on the premises, so they are reluctant to turn him in to the local rebel soldiers. The resulting situations are often humorous, shocking, erotic, or even downright grotesque as Eastwood slowly regains his strength and begins to brood over the establishment.<br /><br />The basic storyline almost sounds like the makings of a porno film. We have a masculine male suddenly surrounded by young nubile women. Most of them are sexually attracted to him. And he is more than willing to spread the love amongst them. The material never really slips down to the level of ""tasteless"", however. Eastwood, Siegel, and cinematographer Bruce Surtees are such skilled filmmakers, that the film always retains its dignity.<br /><br />Eastwood's John McBurney is like no other character he has ever played. McBurney is an amoral, conniving, and lustful charlatan. He knows that most of the women, even the youngest want his bod, and he lets more than one of them have a shot at him. McBurney often uses flattery to butter the women up, then uses his rugged good looks to reel them in. He is like a drunken player at a cocktail party, often hitting on different women even in the same scene! Eventually, his lustful ways cause him great agony and loss in a way you must see for yourselves. This author would not dream of revealing the specific consequences of his actions, but there is little doubt he has them coming.<br /><br />Eastwood gives a typically great performance. He seems to be having a blast with the role until things turn really ugly, then he turns mean and ugly. Geraldine Page is a treat as the steely B*tch who runs the school. We know she wants McBurney as much as the other girls, but with her checkered past shown to us in flashbacks, we find out that isn't all she's after! Mae Mercer as a slave belonging to the school gives a great performance, too. She obviously knows McBurney is a skunk from the beginning, and she never lets his phony charm bring her guard down. This is a character you will want to know more about after the film is over. She seems to have a greater knowledge of the world than anyone else in the film.<br /><br />The Beguiled did poorly in its theatrical release. Nobody was quite sure what to make of it, and some of its content no doubt raised a few eyebrows in 1971. For example, in an early scene we see Eastwood romantically kiss a 12-yr-old girl. Is he just trying to keep her quiet when the rebel soldiers get close, or is he really enjoying it? Probably both! A fantasy sequence later on even shows Clint getting it on with not only Page, but her young assistant! Truly some interesting goings on in this one. It's a good thing Eastwood became the star he did, or this one might have been long forgotten.<br /><br />Highly recommended. 9 of 10 stars.<br /><br />The Hound.",positive
"""Most of us at least inhabit two worlds , the real world where we are at the mercy of circumstances and the world within ,the unconscious ,a safe place where we can escape ..."" With those words ,Mr .Gone introduces inside the world of ""The Maxx"" a fascinating world where the fantasy and the reality are combined . Inspired in the comic books of Sam Kieth, ""The Maxx "" is very faithful to the material in what it was inspired , not only in the story but also in the graphic style ,that look like the pages of the comic ,giving this show a surreal and unique appearance . But also ,the story it's interesting and entertaining .At moments it could turn too weird ,but when you got inside it ,it's hard to get out of it . The story and the characters are wonderfully developed . The music goes perfectly with the style of the show and give it the proper atmosphere . Unfortunately , like many good animated shows ,this one was short -lived . ""The Maxx"" is a must see . It 's one of my all -time favorites .",positive
"Ya know, I have no idea how everybody else's teenage life was, but this does not reflect the folks I knew and hung around with let alone, myself. And just in case if you're wondering..NO..we weren't pristine/clean cut/Pat Boone type teens. (If there was ever such a thing!!!!)<br /><br />Look, I'm NOT saying being a teenager is easy. The better, well actually the BEST teen movie of this time is ""Fast Times at Ridgemont High"". Now those kids I knew and were as realistic as it got back then (and maybe now).<br /><br />This was crap. This was a low rent version of Fast Times and even then it didn't do much for me. It had a few moments, but not enough for me to recommend this, or even claim ""this is how it was for teens back in 1982"". I couldn't relate. The lead girl (girls) did nothing for me and please if they really wanted to keep their virginity, they would have, in which case, this film would not have been made. Pure crap and a bad staple to be left behind as a time-capsule cinema for teens/young adults in the early '80's.",negative
"I wasted 35 minutes of my life on this turkey before I gave up. The main character is completely clueless and astoundingly unsympathetic, but there is no humor in his blundering. As soon as he arrives in Germany, the screenwriter pulls the old ""there's only one room in the hotel, you'll have to share a room with a pretty girl"" stunt. Come on, at least you could let them develop their relationship a bit first. Watch ""It Happened One Night"" to see how to do it right--or any of a thousand movies since then.<br /><br />The acting is consistently third-rate, and the improvised dialogue should have been left on the cutting-room floor. It meanders with no plan at all, despite the fact that the film telegraphs the relationship's destination from the moment Greta is introduced.<br /><br />The first song, in the boardroom, is mildly funny but badly sung. The rest of the songs (well, to be fair, I only heard those in the first half-hour) are just pointless and awful. Most of the singers are painfully out of tune, but not in any intentionally humorous sort of way.",negative
"After seeing Forever Hollywood, it would be natural to want to see a John Waters film. At least, one get to say that they have joined the legions of cinema cognoscenti who have experienced the unique cinematic stylings of perhaps the best known non-mainstream director. It's worth the effort, and PF is a lot better than Eraserhead,and there is a certain campiness about his films which his followers find addicting.",negative
"Just saw the World Preem of Fido at the Toronto International Film Festival and thoroughly enjoyed it. Here we have a welcome reworking of a genre widely thought to have been pioneered (certainly 'fleshed out' extensively and successfully) by George Romero. But this is a Canadian film by a Canadian Director and it's a Comedy! And, YES, I actually think it is better than 'Shawn of the Dead'. Thoroughly believable and, perhaps even more importantly, enjoyable performances by Dylan Baker, Carrie-Anne Moss and young actor K'Sun Ray, whom I suspect we'll be seeing a lot more of in future features. However, I must confess that I most enjoyed the delicious turn by Tim Blake Nelson as neighbour Mr. Theopolis, essentially playing a willing animated version of Victor Van Dort from the Corpse Bride (or, for those who've seen the film, wouldn't that read even better here as the Corpse Pride?) and, of course, Scotch actor Billy Connolly in his least animated, yet somehow deeply moving role as the titular character. Just think, he would not have gotten this role had it not been for Peter Stormare's commitments to Prison Break (as was revealed in the Q&A following Thursday night's screening). I can't help but speculate that the Screenwriters must have drawn a lot of inspiration from Day Of The Dead's Zombie 'Bub'.I am not keen on ever revealing plot details during a Comment and I won't start now. Suffice it to say that Fido is NOT one of those dour, graphically gory Zombie films you can rely on from Romero. Rather it is a film that will have you constantly chuckling and, although (and I did have to think back carefully to be sure) there is a fair dose of blood-letting and violence, the delectable humour, so well enhanced by the surreal milieu created by Director Currie and his co-screenwriters, goes a long way towards making this seem like a feature that ought to be rated PG-13. I urge you to go see this little Canuck gem. I'll certainly be buying the DVD once it emerges hopefully by next Summer.",positive
"I haven't read a biography of Lincoln, so maybe this was an accurate portrayal......<br /><br />And maybe it's because I'm used to the equally alienating and unrealistic worshiping portrayals that unnaturally deify Lincoln as brilliant, honorable, and the savior of our country......<br /><br />But why would they make a movie representing Lincoln as a buffoon? While Henry Fonda made an excellent Lincoln, his portrayal of him as an ""aw shucks, I'm just a simple guy"" seemed a little insulting.<br /><br />[Granted, that was Bushie Jr.'s whole campaign, to make us think he was ""just a regular guy"" so we wouldn't care that he's a rich & privileged moron -- but that's a whole other story.]<br /><br />Not only did the film show Lincoln as sort of a simple (almost simple-minded) kind of guy , the film states that Lincoln just sort of got into law by accident, and that he wasn't even that interested in the law - only with the falsely simplistic idea of the law being about rights & wrongs. In the film he's not a very good defense attorney (he lounges around with his feet on the table and makes fun of the witnesses), and the outcome is mostly determined by chance/luck.<br /><br />Furthermore, partly because this was financed by Republicans (in reaction to some play sponsored by Democrats that had come out) and partly because it was just the sentiment of the times, the film is unfortunately religious, racist and conservative.<br /><br />Don't waste your time on this film!",negative
"This isn't ""so bad it's good""--It's ""so bad, it violates the Geneva Convention's prohibition on cruel and unusual punishment""! Only by reading the Synopsis can you even figure out the ""plot"" of this Straight to Video disaster. It's a hodge-podge of grainy stock footage spliced together with some of the all-time worst acting you'll ever have the misfortune to see. Comparing this incompetent, turgid, humorless mess to ""Dead Men Don't Wear Plaid"" is like saying that ""Gigli"" is like ""Citizen Kane"". The talentless cast are costumed in cheap, J.C. Penney ""Goin' to Church"" clothes, and there isn't the slightest attempt at period hairstyles or make-up. If you really want to see how this sort of ""homage"" can work, check out ""The Lost Skeleton of Cadavra""--It's clever, well-written, and best of all, performed by actual actors who aren't such agony to watch. For that matter, seek out the work of Phoenix artist Paul Wilson whose Sci-Fi short ""The Attack of the 70 foot Courtesy Lady"" leaves this film in the dust. The people in Terror In the Tropics look and sound like they were pulled off the street and given their scripts to read during the one and only take. This is an insult to Bela Lugosi, Boris Karloff, Lon Chaney, and anyone else involved in the films they cannibalized to make this schlock-fest! Money isn't the problem--A lot can be accomplished with very little expense. A good script, decent actors, and above Z-Grade costumes and production design should have been a given before the so-called director created this stinky pile of cinematic offal. Let's hope the ""promise"" of a sequel doesn't come true--That was by far the scariest thing shown in the whole movie!!",negative
"This is what we can do to each other. This is the sort that everbody should see at least once.<br /><br />It does not glorify world. It shows that it is the everyday person who is killed, mained and debased by war. The person on the ""other side"" eats sleeps, laughs and cry just as we do.",positive
"There's so many negative reviews about ""Stay away, Joe"" in here I just can't stay quiet any longer and let this injustice happen. Here's a side you haven't heard yet.<br /><br />Elvis Presley's movies are my guilty pleasure for a simple reason: they are perfect films for a pure relaxation because I don't have to think when I watch them. That means I don't have to worry about missing a complex plot because there never is a proper plot to start with. I can just kick off my shoes, grab a beer, sit back, switch off my brains and enjoy all the general wackiness and catchy easy-going rock n' roll tunes from the grooviest decade of them all.<br /><br />In my books ""Stay away, Joe"" definitely falls into the ""so bad it's good""-category. Now if you're like me and appreciate ""the trash value"", this is the ultimate 1960's camp experience. It's so bad that it's almost surrealistic to watch and just when you think that it can't possibly get any worse it surprises you in the most imaginable ways. In the end you're so amazed by all the new levels of stupidity you just don't know whether to laugh or cry. In a nutshell: I love it because it's so damn amusing that there once was a generation that actually made films like this. I still give it 1 out of 10 though - once it hits the bottom 100 it will became an instant bad movie classic.",negative
"Although I'm a girl, thankfully I have a sense of humor and realize that this really IS a funny anime! Watching it does give you an overwhelming feeling that it's definitely a guy show but that doesn't take away from the fact that its hilarious! 10/10",positive
"This movie surprised me. Some things were ""clicheish"" and some technological elements reminded me of the movie ""Enemy of the State"" starring Will Smith. But for the most part very entertaining- good mix with Jamie Foxx and comedian Mike Epps and the 2 wannabe thugs Julio and Ramundo (providing some comic relief). This is a movie you can watch over again-say... some Wednesday night when nothing else is on. I gave it a 9 for entertainment value.",positive
"I enjoyed every moment of this beautiful film and was intrigued about this female painter I had never heard of before. So I set out exploring her life and work afterwards. As could be expected, I found out that the film was not exactly historically accurate. I was a little astounded however by the very negative comments on the film because of this inaccuracy. Come on, guys, a film isn't and shouldn't be a biography (nor a novel!). Any historical film distorts reality, because it should be a work of art in its own right. A film director is fully entitled to use elements from reality and history to create a world of his own. Artemisia is a wonderful film and I think it brought many people (including some that now give negative comments) to explore the life and work of this fascinating artist.",positive
"The superb star quality of Gerard Philipe, who died way too young, leaps from the screen in this witty, funny, sly swashbuckling comedy with plenty of sword fencing and knockabout antics. Charmingly loopy in its' storytelling, impossible to resist. A sweet romantic comedy with a very young Gina Lollobrigida as the love interest. A movie one will remember with great affection.",positive
"When one considers that Carson McCullers is one of the foremost literary figures of the 20th century, it seems that it needs a very great lack of talent to be able to ruin one of her stories, but this movie shows it can be done! How do actors ingratiate their way to becoming directors? Wooden, unatmospheric, unsympathetic, totally out of sync with the poetic compassion of McCullers' writing, my jaw dropped with horror and disbelief that such a mish-mash of a movie could ever have found finance and backers. The only redeeming features are some moderately good acting, (although that said, Vanessa Redgrave seems to permanently render much the same performance whatever character she plays), and some good cinematography in places, but otherwise it is a bitter, bitter disappointment, and it could, and indeed should, have been a contemporary masterpiece. Simon Callow should hang his head in shame and stick to acting!",negative
"Greetings again from the darkness. Director Alejandro Amenabar creates life against all odds in this based on a true story version of one man's struggle to control his destiny. The great Javier Bardem is fascinating to watch in his role as Ramon. His eyes and head movements leave little doubt what is going on in his mind. The dream and fantasy sequences are not overused so prove very effective in explaining why he wants what he wants. Rather than force us to answer the euthanasia question, the real question posed is , What is Love? At every turn we see people in love, looking for love or dying to be loved. The script is tight and keeps the film moving despite being filmed mostly in one room. The supporting cast is wonderful and we truly feel their pain and how each family member deals with Ramon's decision. This is a gem and deserves to be seen.",positive
"Narratives  whether written, visual or poetic epics  generally try to avoid too may characters; readers and viewers, after all, can be too easily overwhelmed by trying to keep track of who exactly is who. This is especially true in film, I think, simply because we cannot easily go back to refresh our memory in a cinema. Viewers like myself, however, don't have that problem because we see all our films on DVD or VHS.<br /><br />A year ago I was introduced to Audrey Tautou, a French actress, whom I first saw in The Fabulous Destiny of Amelie Poulain (2001) and later in A Very Long Engagement (2004), both of which were finely crafted and complex stories with a large cast of characters. This earlier offering exceeds the others in both ways: more characters and more complexity.<br /><br />Now, other directors have used those techniques before: Robert Altman with The Player (1992), Short Cuts (1993), Gosford Park (2001) and others; Paul Thomas Anderson did the same with Magnolia (1999). Stanley Kramer did it with A Mad, Mad, Mad, Mad World in 1963, a comedy of almost epic proportions. The difference with this film is, first the director lets us 'see' inside the head of some of the characters and second, some scenes are repeated as means to refresh the viewer's memory as the story flip-flops between different time periods.<br /><br />The basic  the core, so to speak  story concerns a young woman, Irene (Tautou) who is told, by a fellow commuter on a train, that she will meet her true love on that day. This occurs in the first few minutes of the film. The clever irony at this point is that Irene doesn't realize that the young man opposite (Gilbert Robin) may be that 'one true love'. And, nor does he...<br /><br />They go their separate ways with neither realizing the potential significance of their close encounter. However, chaos results throughout the rest of the day, not only for the two young people, but for the rest of the characters who appear in a series of cleverly constructed and interwoven vignettes that all seem to be going nowhere, and yet...<br /><br />If the story were simply that, it could tend to be boring, and even quite predictable. Not so. The script and the director rip into our expectations with a host of innovative scenes that are all too commonplace, but which are turned into believable, extraordinary events that allow the two possible lovers to meet again. For example, the next time some bird poo from the sky drops onto a book or paper of yours, consider your alternatives; two characters make an obvious choice that must occur before Irene and her man of destiny meet again. Or what about a stone chip flying onto your windscreen? Consider again what would happen...<br /><br />All of that is interesting enough. What was more interesting for me was assessing each new man who came along and trying to decide whether this guy was THE ONE for Irene, or whether it was, in fact, the young man on the train. That kept me guessing for a while.<br /><br />I'll let you think about that, should you see this delightful romp.<br /><br />Recommended for all.",positive
"Any time a movie is so myopic in its desire to present a particular ending or viewpoint that it simply doesn't bother with an actual story, it's annoying. Those are the types of movies where the ending or viewpoint is conceived first, and the story simply tacked on. For this reason we often talk of the story ""jumping through hoops"" as it twists about, trying in vain to progress to the preordained ending in a logical fashion.<br /><br />The story in ""Comet Over Broadway"" doesn't just jump through hoops, it's a three ring circus. It's so ludicrous, so ill-conceived, so disingenuous that, if you are prone to speaking aloud to the screen, you will be carrying on quite a rant before it's through.<br /><br />The central theme of this screenplay cesspool is that of a woman choosing between family and profession. Since it's all so horribly muddled it will end up offensive to people of either opinion. So, in the end there's no point to the story, the theme becomes irrelevant and, as is often the case with poor screenplays, the acting doesn't save a thing.",negative
"Arnold fans will holler in joy, fans of brainless action will holler in astonishment, and Catholics will just holler.<br /><br />Illogically written by Andrew W. Marlowe and ham-handedly directed by Peter Hyams, *End of Days* gets The Terminator out of his open-backed hospital gown (Arnold Schwarzenegger's return to the big screen after his heart operation), whilst blowing things up in Mysterious Ways and blaspheming Biblical verse to give Catholics something more to whine about.<br /><br />It is 1999 and doom-sayers the world over live in trepidation of their computers going fritz and losing their downloaded porn. Even as the technological stank of Y2K muttons the New York streets, ex-cop turned alcoholic security guard, Jericho Cane (Schwarzenegger, with the perfunctory ""dead-wife-and-kid"" back-story for Loose Cannon effect), must brave theological waters to save 20-year-old virgin Christine (Robin Tunney) from being conscripted as  wait for it  The Bride of Satan. Dun dah daaaarrrh! Stupidity ensues.<br /><br />For every anti-hero, there is his anti-Christ. Gabriel Byrne is the devil here  and he's out to party like it's 1999, on a mission to impregnate Christine with the Anti-Christ between 11 pm and 12 midnight, December 31, 1999  ironically, in the hour that all porn will be lost  thereby bringing about the End of Days. Being able to read minds, conjure hallucinations and employ limitless magic, it doesn't occur to Satan to expedite the impregnation process by appearing months in advance and courting Christine as a teen model and then closing the panty raid easily at the appointed time; instead, he appears on December 28th like a Keyser Soze Terminator and wonders why she doesn't welcome him with open thighs (See above comment re: stupidity.) Here is a movie where nothing makes sense the moment it is uttered, let alone after contemplating its veracity or mythology. A priest (Rod Steiger) tells Jericho that '666' is really '999' upside down with a '1' in front of it. So wait - *Prince* is the Anti-Christ?<br /><br />Satan Soze pursues Jericho and Christine (J and C  get it?) around town, at no point doing anything which would actually precipitate their capture. In one scene, Satan recreates Jericho's wife and child to tempt him into revealing where he hid Christine. But if he can see so deeply into Jericho's mind in recreating his family with enough nuance to inspire nostalgia, why can't he see where Jericho hid Christine not ten minutes ago? <br /><br />Satan can make an assassin talk without a tongue, yet he can't make that assassin unjam a semi-automatic weapon. And when Jericho shoots Satan at point blank range, Satan is courteous enough to open his shirt to reveal the wounds closing, so Jericho won't worry unduly about Satan's health - not sanitary to go about with open bullet wounds Matter of fact, instead of simply possessing Jericho himself to get close to Christine and rape her, Satan expends so much unnecessary energy on side-projects (crucifying the tongue-less guy, blowing up Jericho's partner (Kevin Pollak) and then saving him, and then blowing him up again, ridiculously battling Jericho when he could snuff him out with the effort of thought) that we wonder whether a more efficient assassin/lover shouldn't be put on the case  say, Antonio Banderas.<br /><br />What I find most precious about *End of Days* is Arnold's valiant attempts at The Method: ""sad"" means scrunching up his eyes and not blurting out anything in a foreign accent; ""depressed"" means raising a bottle to his lips and not blurting out anything in a foreign accent; ""deathly scared"" means widening his eyes and not blurting out anything in a foreign accent. There's definitely a pattern here, if we could only decipher it.<br /><br />In the end, the devil is dispatched not by the holy men whom Catholics pray to for deliverance from apocalypses such as these, but from the atheist Jericho. While the timid men of an impotent god exhort ""faith"" and quiver in their cells doing nothing about Satan actually walking amongst them, the Prince of Darkness is thwarted by a nullifidian with a big gun and a foreign accent. Which clearly says something that Catholics blindly refuse to hear: that even if the Devil were to exist, those who have been indoctrinated to unconditionally and irrationally fear him would be unable to conjure a belief in his downfall, let alone act towards it. Further, they might not truly WANT him defeated, for only through his contrary polarity does their god's existence become tenable.<br /><br />For it is written in the Book of Revelations: ""And the Prince of Darkness shall descendeth upon the Earth without any solid game plan, and impregnate a virgin on a date which won't have any significance until the Gregorian Calendar of the 1500s adopts the day numbering which will put it in sync with the equinoxes and the Anno Domine syntax which will annoy sensible people for millennia, by which time, Christians will have forgotten Christ's actual birth date and appropriated the pagan Saturnalia festival in its stead. And the Prince shall effect a Revolution through tight purple pants and ambiguously-lesbian band members"" I can believe the people being drained of blood and crucified, and the alcoholic built like a Mr. Universe; I can believe that a giant, supernatural monster can't kill a guy armed only with a foreign accent; I can even believe that the devil needs to perform some hokey thirteenth century Celtic Druid ritual as foreplay - but what I cannot believe is the 20-year-old virgin in New York City in 1999.<br /><br />Especially around Prince...",negative
"I always enjoy seeing movies that make you think, and don't just drip-feed the answers to their audience. ""Revolver"" is one of these films, and although many reviewers have stated that it is difficult to follow, with a bit of concentration and an open mind I got it. First time. True, it doesn't compare to other mind-mucks like ""The Usual Suspects"" or ""Memento"", but in its own right its an intelligent and thought-provoking film. <br /><br />Another thing I really liked about this film is how damn beautiful it is. Every scene, every camera angle seems to have been thought about for ages. If you see it you'll know what I mean.<br /><br />So, to conclude... watch it with an open mind and you may enjoy it. If not, well, no-one ever said ""Revolver"" is for everyone. And that's my 2 cents.",positive
"I first saw this movie as a younger child. My sister had told me about it and I thought it would be more of a kid's movie. However it remains to also be an incredible movie. True that the subject behind the movie is ruff but also true this movie will never stop touching your heart.<br /><br />I was only 6 when I first saw it and just yesterday, 7 years later, I saw it again. For the first time in a long time. Even after I knew how it ended, I knew that I had seen it a billion, bizillion times I wept like a teeny weeny little baby. When I saw it a few years back I finally got the idea and the seriousness of the film. So I stoped watching it for a while. But yesterday I didn't change the channel, I watched it. By the end I was astonished at how much it still made me laugh, cry, think, and above all, believe in mericals again. I haven't belived in a long time and this movie got me out of my shell and opened up my heart. This movie wasn't just impacting. I was also so impressed with the actors. Especially Bobby. So if you are wanting to see this movie for the first time I suggest seeing it alone. With tissues. And being ready to discover your young, sweet, innocent side and the side that still has hope. This movie touched my soul when I was only 6, and even in this time of trying to figure out who I am this movie helped me realize both what I don't and still do want to be in life.",positive
"Someone should teach the people who made this movie that there is a difference between ""presenting multiple twists"" and ""screwing the audience over"". They even use hypnosis as a tool to cover up the plot holes; whenever they can't find their way into or out of a scene, they just say ""she is regressing to her past now"" or ""she's snapping out of it now"", and they think that explains everything. This movie is a dishonest cheat and in the last 20 minutes becomes a full-blown fiasco. (*1/2)",negative
"Mickey Rourke is enjoying a renaissance at the moment... and fair play to him. I always liked his image and his acting ability in such fare as Angel Heart and Johnny Handsome. You know what you are going to get with Rourke - mean, moody, dirty. But this film gives you much more - and you don't want most of it.<br /><br />First and foremost - this whole thing just doesn't make sense. Rourke is a hardened IRA killer who after killing a bus-load of schoolchildren flees Ireland for London. He is on the run from the cops and from his own Army comrades. He has also vowed to never kill again. It looks like the bus full of kids finally did it for him.<br /><br />However, when he gets to London he is tracked down by a local mobster (Bates - looking like his eyebrows and hair came straight off a Burton's dummy) to kill his main competitor in turn for £50,000 and a boat trip to the US. Rourke reluctantly agrees to do it but is seen by a priest (Hoskins) and confesses the crime to him in the confessional in order to keep the priest's mouth shut. He figures it is better than killing him.<br /><br />A wealth of things arise here which just don't add up : 1. Why pick Rourke to off your competition? As is illustrated by a scene whereby an employee is pinned to a wall by a couple of heavies with what look like awls - these London guys are tough enough anyway to do their own killing. 2. Not only that but the Mobster gets a guy to follow Rourke and witness the killing with his own eyes. Why didn't that guy simply kill the competitor and save all the hassle of dealing with Rourke? 3. Hoskins sees the murder take place and the police let him go off - without protection, I may add - to take confession? No way. 4. Rourke hangs around the church (right next to where he carried out the murder ) immediately after the crime takes place to go to confession. Why aren't the cops checking the place out? 5. Rourke hangs around the church and Hoskin's blind niece in particular, for days afterwards without anybody bothering him. What? He's on the run and he stays put by the very place where he committed another murder? Stupid. 6. The cops actually meet Rourke in the church ""fixing"" the organ and have no idea who he is. Do they not know he is on the run for the school bus bombing? They don't even check up on him? 7. Why get Rourke to kill for you, and then tell him to wait around for a few days to get on the boat? You'd think you'd want to get rid of him immediately. Or kill him. One or the other? 8. Why does Bates' brother suddenly decide to rape the blind niece in the midst of all the waiting? Could he not restrain himself for a few days? At least until Rourke has been safely offed to the States? Ridiculous. 9. Rourke suddenly has inner turmoil after all his years of killing and wins over the blind niece immediately - even after she knows he is a killer, she still loves him? Again - utterly ludicrous. And besides - she falls in ""love"" with him in record time - a few days !!!! 10. The whole bomb thing at the end is just plain silly from Bates point of view. 11. Things happen in parts of this film that just do not make sense or are simply in there to help the storyline (and I say that in jest) along. Bates' houses Rourke in a whorehouse until the boat is ready to sail and Rourke suddenly displays a moral high ground to respect the whore in the house - but yet will bed a blind girl. 12. Rourke asks a henchman on the boat where Bates is - and the henchman practically spurts out the entire movements of his boss in less than 10 seconds. It was embarrassing - the guy was telling Rourke far more than he even asked. 13. Hoskin's priest is an ex-army guy and we see him beat up three henchmen behind a pub. Totally uncalled-for and yet another cringe-worthy scene.<br /><br />I'm gonna stop there at unlucky 13 without mentioning Rourke's hair (so falsely red it is laughable), his accent (which to be fair is not too bad sometimes but deteriorates to a barely heard mumble at other times), his clothes, walk, looks to the heavens etc. Nor will I mention the music and the choppy editing style.<br /><br />Oooppps - I have just mentioned them.<br /><br />Overall - a disaster of a film with some obvious religious imagery thrown in (Rourke on the cross, preaching from a pulpit) which would embarrass a first year film student never mind a top star and director.<br /><br />4/10.",negative
"I'm sure this is a show no one is that familiar of and might not think good of it; after all it is almost close to Baywatch Hawaii. With the cast, the location, style of the directing and its publicity  shows women walking around on the beach and all that. No wonder people have misconception and decide not to watch it.<br /><br />It was wrong of them to do that. Cause after I decide to watch the show, there are actually more thing going on, real juicy story and conflict, turn out to be really exciting to watch and pretty much  addictive.<br /><br />The story of the hotel clerks, the manager, the owner and their complicated love life. Also enter the troublesome hotel's visitor and powerful man trying to steal the hotel. It actually more exciting than it sounds here.<br /><br />I won't deny that the acting suck but it ain't that bad that you'll look away. The story is not so consistence but good enough. The soundtrack is fitting pretty well with the scenario and the action is all the time. I took me couple of episode before there is actually anything happen solidly so be patience.<br /><br />Recommendation: I Really Do Enjoy Watching This. Zillion Times Better Than Expected.<br /><br />Rating: 7.5/10 (Grade: B)<br /><br />Please Rate My Review After Reading It, Thanks.",positive
"Beautiful film set in 1962 Hong Kong about a man (Mr. Chow) and woman (Mrs. Chan) who become close friends when they suspect their spouses are having an affair. Stylistically, the film is also beautiful. Wong Kar-Wai uses a lot of slow motion and close-ups on parts of the body (feet, hands, waist). The film itself has a reticence and properness that suggests its time period. It's sexy without showing everything. Wong Kar-Wai also doesn't allow the audience to see what the spouses look like, suggesting that Mr. Chow and Mrs. Chan should be together. Smoking is even made to look elegant with close-ups of the curls of smoke. A really lovely film. Just prepare yourself for the ending.<br /><br />",positive
"Maybe it's just a personal affection for this screen version of the Mika Waltari novel, or a fondness for things Egyptian (I grew up loving to visit the mummies in Boston's Museum of Fine Arts) but I think Maltin is a tad tough on this rather good film. The production values are great regarding color and cinematography, and it appears some effort went into historical authenticity (much of it from the novel, I'm sure). Purdom is admittedly a bit stiff in the lead role, but one can accept this as part of Sinuhe's character. Victor Mature is, well, Victor Mature. Peter Ustinov is a delight to watch in this type of role, which he always did so well and so wittily. Bella Darvi's performance as Nefer is classically camp, and I find even Michael Wilding's rather dry portrayal of Akenaten to have its own appeal.<br /><br />The historical oddity of Akenaten's monotheism, a brief detour in ancient Egypt's theological history, is interesting, as is Akenaten himself, and well worth reading about; the religious wars portrayed here have a basis in fact.<br /><br />An interesting footnote regarding Darvi, whose birth name was Bayla Wegier: she was a Polish emigre who producer Darryl Zanuck and his wife Violet took under their wing (I believe they may even have adopted her). Her screen name Darvi is formed from Zannuck's and his wife's first names. She continued her acting career in France, but never achieved great success and, after a rather unhappy life, died at her own hand in 1971.<br /><br />Altogether this is an interesting film and enjoyable to watch for the visual values alone. American Movie Classics shows this occasionally in letterbox, which is essential to capturing the scope and sweep of the story.",positive
"I saw this back in '94 when it was finally released. Apparently because Orion pictures was in bankruptcy, I think, the movie had not been released a couple of years earlier.<br /><br />I have problem remembering details partly because I haven't seen it in a long time, but I do remember it as a very dull movie. I kept debating whether to walk out of it. The store was not at all interesting or engaging. Was a 3rd rate America Graffiti imitation. <br /><br />None of the performances make it worth watching either. One of the biggest disappointments since a local newspaper reviewer gave it a high rating.",negative
"This reminds me of when I was a born-again believer who was going to be a minister. I never actually thought I would be a minister or even graduate from high school because I was almost positive I would be raptured to Heaven before that would ever happen. That was before I discovered that Christianity was a bunch rubbish. I am now an atheist, and that just proves that the ""once saved always saved"" doctorine that Christians tell us is no more real than elves. If it were true then why did I leave after many years of being a devout born again believer? Yes, I really was saved. I prayed that silly sinners prayer with all my heart.<br /><br />If Christians were to read their Bible they would discover that their god thinks like rape, genocide, abortion, and many other atrocities are alright according to him. They might be surprised to learn that no where is the word ""rapture"" mentioned.",negative
"Guys and Dolls is a unique play based on the characters. Sky Masterson<br /><br />(Marlon Brando) is a high-class gambler who takes up a bet with Nathan Detroit (Frank Sinatra) for one-thousand dollars. Nathan needs the money so he can<br /><br />run his usual crap game and make a fortune. The bet was that Sky wouldn't be able to take just any girl to Havana, Cuba and the ""doll"" he chose was Sarah<br /><br />Brown (Jean Simmons) who was in charge of a missionary. Sky finally bribes<br /><br />Sarah enough to go to Havana with him. They end up falling in love with each other, but later she accuses him of something he had no part in. Nathan ran a crap game in the missionary the night they were gone. Nathan's 14 year fiancé Adelaide (Vivian Blaine) disapproves of Nathan's gambling and tries to stop him from doing it. However, when the movie ends it all ends happy with a double<br /><br />wedding.<br /><br />The songs in this movie are just wonderful no matter who sings it. Marlon<br /><br />Brando has no singing voice at all and true they could have dubbed him but it didn't really matter. He did a wonderful acting job (obviously seeing as it's Brando) and played his character very well. I have seen a few movies with Jean Simmons and thought that this movie was her weakest one, she also couldn't<br /><br />sing at all. However, the singing is made up by Frank Sinatra, Vivien Blaine, and Stubby Kaye. Vivien Blaine and Stubby Kaye was also in the original<br /><br />Broadway production of Guys and Dolls. Vivien Blaine had a terrific voice and was the perfect Adelaide. If you like musical, and even if you don't, i advise you to watch this.",positive
"No, no, no, no, no, no, NO! This is not a film, this is an excuse to show people dancing. This is just not good. Even the dancing is slow and not half as entertaining as the mediocre 'Dirty Dancing', let alone any other good dance movie.<br /><br />Is it a love story? Is it a musical? Is it a drama? Is it a comedy? It's not that this movie is a bit of all, it's that this movie fails at everything it attempts to be. The film turns out to be even more meaningless as the film progresses.<br /><br />Acting is terrible from all sides, the screenplay is definitely trying to tell us something about relationship but fails miserably.<br /><br />WATCH FOR THE MOMENT - When Patrick Stewart enters the scene and you think the film might get better as he brightens up the dull atmosphere. For a second.",negative
"Emma is a horribly flawed film based on Jane Austens classic novel. I have not read the book so I really didn't know that much about the plot, and yet I still predicted nearly the entire plot. There were also many scenes that frustrated me because of the bad writing or directing. The film is though for some reason very entertaining and I loved it. Of course there were all the scenes I disliked but the majority was well acted and funny. Gwyneth Paltrow gives one of her best performances as the heroine in Emma. The film also stars Toni Collette(Who has okay but has been much better) Ewan Mecgreger(Who has also been better but he is still very good here) Alan Cumming(Who I have never really been impressed with and is pretty much the same here) and Jeremy Northam(Who's performance is rather wooden at first look but actually fairly subtle, even if that was not what it needed) There have been much better adaptations of Jane Austen books but this one is still very entertaining and worth watching.",positive
"Generally it was a good movie with an ideal ending; the acting was spectacular and the characters didn't stray from their persons. I especially liked the plot, although you knew what was going to happen it still gave the element of surprise through out the entire movie. However, I find that coming on to the ending it could have been a little longer (extended maybe)- to me it seemed like it was rushed a bit; as if the writer was trying to take linens off the lines before the rain fell. For instance- What happened to Tristan's brother, Hayden? For all we know he died in the hospital. Maybe he was the one that setup the entire thing?! Who knows! Maybe there will be a sequel? Maybe? If there is.. I cant wait to see it.",positive
"I read a couple of good reviews on this board for ""Mr. Scarface"", but for anyone uninitiated in the genre of Italian gangster films like myself, the picture will probably make very little sense. Indeed, after the initial setup involving the ten million lira scam, the picture devolved into a fairly routine revenge flick with a minor twist in the identity of Rick's (Al Cliver) character. The whole gang war plot got muddied up for me with the inclusion of Vinchenzo Napoli (Vittorio Caprioli), but as most other viewers commented, he's about the only one who gave this picture any life with his often ineffective attempts at violence. I found it somewhat unbelievable that Manzari's goons who chased Tony through the streets didn't actually stroke out before Tony even laid a hand on them. For all of his buildup as the title character, Jack Palance was wasted rather unceremoniously in an anticlimactic near finale, making the U.S. working title, ""Mr. Scarface"", rather moot. I've seen enough spaghetti Westerns to know that they don't all work; I guess in this case, my first look at a spaghetti gangster flick didn't quite make it either.",negative
"This is the only full length feature film about the world of bridge. I found the first 10 minutes a bit slow, but after that, the movie is absolutely perfect in describing professional bridge players and how they go about earning a living. <br /><br />Some of the scenes are very funny. I don't think that a non-bridge player would get the charm of this movie. <br /><br />Some of the dresses are really beautiful, pity the movie is in black and white - I can only imagine what they would look like in colour. The way the media are portrayed is absolutely hilarious. There is no way on earth bridge will ever be like that. <br /><br />Watch it as soon as you can, and tell your friends about it.",positive
Everything about this film was terrible. To start with this film had a pretty good cast and I find it impossible to make such a great cast into the biggest disaster to the gangster film genre ever. The sound track was like one of a very bad slap stick comedy. It had this music through the whole film and it started to get quite irritating.<br /><br />PLEASE PLEASE PLEASE PLEASE PLEASE DO NOT INFLICT YOURSELF WITH THIS DISASTER YOU WILL ONLY BE HURT,negative
"The script for ""Scary Movie 2"" just wasn't ready to go. This is a problem with the film that is blatantly evident, to the actors and the audience alike. Director Keenan Ivory Wayans, and many of the actors are funny people; and so the movie isn't completely humorless. To their credit, the film has several funny moments. But as a whole, ""Scary Movie 2"" is not even close to being as clever and amusing as the original.<br /><br />The first ""Scary Movie"" was a laugh a minute film. It turned the smallest subtleties of the slasher film genre into comedic gold. The humor in ""Scary Movie 2"" is as heavy handed as it is un-original. They even miss obvious opportunities for parody. Two of the movies stars are former cast members of ""Beverly Hills 90210,"" and this was a show that was begging to be parodied! In the final analysis, ""Scary Movie 2"" is like a fine bottle of wine that was opened far too soon. The script needed a lot more time to age. 2 stars out of 5.",negative
"That is what this movie is. Good God the special effects suck in this movie. It is difficult for anything to suck more than this movie's plot, but the special effects manage to pull it off. Let me try to explain just how bad this movie is.<br /><br />First, there is the plot. There are four punk-ass teenage dirt bikers who are riding around in a forest in Duluth, MN. One of them is a dumb-ass and tries a ridiculous jump and breaks his leg. A paramedic comes to help him, but gets stranded with them when the helicopter breaks. Then all five realize that there is a forest fire, which we see is started by some guy dumping tons of gas all over the forest. All they show us is his boots, and they show scene after scene of this guys boots walking around dumping gas and starting fires. Meanwhile, the teenagers try to escape the fire, only to find that boot man has somehow managed to get ahead of them (while they were speeding through the forest on dirt bikes!), dump gas all over the area they were riding through, and start more fires. He does this several times, and the paramedic finally catches him and starts him on fire. I won't spoil the ending, but this guy's resilience will have you shouting ""WHAT THE BLOODY HELL?!?!"" at the screen. Anyway, they are now surrounded by fire, and their only escape is through a mine which is filled with methane gas. Yes, methane gas. I'm not even going to try to describe the ending, because it is too ridiculous, and you'll enjoy it more if you don't see it coming. Which you won't, because you can't possibly expect what happens. This is because of the second major problem with this movie: consistency.<br /><br />Is some semblance of consistence too much to ask for? Apparently so. I cannot even count the number of broken limbs in this movie (they keep breaking arms and legs while crashing their bikes). I think each character breaks at least one limb, and several more than one. They then limp around until the scene ends, and then forget that they're supposed to have broken limbs. There is one scene where three of them who are supposed to have broken legs start dancing. But then their injuries suddenly return when the plot needs them to.<br /><br />Finally, the CGI. If there is a hell, it consists of watching the fire in this movie. All they did for the forest fires is line the dirt paths with CGI fire. You can clearly see that the only CGI fire is along the paths, and all of the trees more than two feet from the path are left untouched. And then they zoom out and show the whole forest being engulfed in flames. It's hard to describe in words how ridiculous it looks, but I assure you that the ridiculousness is quite impressive.<br /><br />This movie is one of those so-bad-its-good types. There are some occasions where it descends into the painful-bad category, but for the most part it stays above the line and is laughably inept. I can't wait to check out the other Nature Unleashed movies that came in the four-pack with this one.",negative
"It's interesting how the train of research can flow. I started out looking at an article about Cristo's ""The Gates"" in Central Park. The article stated that the Maysles had been Cristo's filmographers for years. Hmmm... Then I got to looking at their body of work. I believe one of them has passed on but the other is still filming Cristo and Jean Claude in their stages of creation. Grey Gardens sounded very interesting. Video Station, in Boulder CO, is the place to look for the obscure or offbeat and of course they had it in stock. DVD and VHS. Edith and Edie are women living in the past, and oh what a glorious past it was. Edith had been well off, born a Bouvier, married well, had several wonderful relationships and became a singer when she was in her forties. Her daughter Edie had been a débutante, a fashion model and had many beaus. She never married and at some point in her thirties had come home to recuperate. She seems to have a nervous disorder of some kind. Worrying too much about things. It is only a shadow of the world they live in though, because Jackie O. came and spruced up the place so her aunt and cousin would not be evicted. It is a 28 room mansion that is worn down and worn out. But, in the film you will notice fresh paint on the walls. If you look carefully at the newspaper clippings you see it was very much a dirty mess. The outfits Edie comes up with a very clever and creative. The viewer gets the impression that Edith likes to go nude, but she doesn't in the movie. Edith was really quite beautiful and you can see the shadow of her beauty still as she sings ""Tea for Two"". Edie too was a beauty in her day and quite attractive at 56. It was a good movie, though not for everyone. When the cat is urinating behind Edith's portait she states, "" at least someone is doing what they want""!",positive
"It is like what the title of this thread say. Only impression I got from that movie is that Marlee Matlin's character was always angry, so cynical, and so pathetic. Her character's first date with William Hurt's character where they were dancing were dumb. All in all, I've tried to finish watching the movie four times, and of all four times I fell asleep. I would keep watching that movie with one intention... to beat my problem with insomnia, because all it do is to put me to sleep. Sweet dream.",negative
"I would highly recommend this movie! And I certainly shall be personally recommending it to my friends and family here and abroad! It was with excited anticipation, that I have just pre-ordered it online, I enjoyed it so much! It is not out until February/March 2008, but it will be well worth the wait! But first go and see it in the cinema if you can. There is nothing quite like the Cinema-Experience of a cinema-made movie! Insist that your local cinema puts it on! I went to see 'Seachd, the Inaccessible Pinacle' tonight, down here in London, and was really impressed. It is a marvel: a truly beautiful film set in the Scottish Highlands: you will laugh, you will cry, you will be moved in may different ways, you will be intrigued, and as the story within the stories is revealed, you will be amazed at that revelation.<br /><br />This movie is in Scottish Gaelic with English Subtitles, but do not let that detract you if you are not a speaker of the Gaelic: I am just starting, and my son does not, nor did many people there tonight, and it did not spoil it for us by any manner of means! Superlatives do not suffice! The photography is superb - there is no CGI here, and the movie is all the better for that- here you have true photography! The script is so skilfully and subtly written. The many-layered plot weaves the magic art of the ancient storytellers. The music is at times rousing, at times haunting, but always adding to the atmospheric ambiance. And the acting? ... it is to behold ... and the actors?... they the true weavers of this delightful yet profound film, particularly the two main actors, 'Padruig-the-young' and 'Padruig-the-elder' (A true bard, if ever there was!), who both carried a very heavy load! And the Direction? Well watch out Richard! And the Producer, responsible for raising funding, hiring key personnel, and arranging for distributors? A task well done! I hope that you will make sure that distribution goes out to our communities abroad! And the Gaelic community? Uill, without you it could not have happened! We were told that this movie was made on a low budget, but you would not know it, and I think it might well be because, for what they might have lacked in money, they more than made up for with the richness of the heart, and the warmth and co-operation of the local Scottish Gaelic community.<br /><br />A heartfelt thanks to all concerned in the making, and the sponsoring, of 'Seachd' - Mòran taing! (Many thanks!) From the Gaels to the World! From the World to the Gaels!",positive
"Every great gangster movie has under-currents of human drama. Don't expect an emotional story of guilt, retribution and despair from ""Scarface"". This is a tale of ferocious greed, corruption, and power. The darker side of the fabled ""American Dream"".<br /><br />Anybody complaining about the ""cheesiness"" of this film is missing the point. The superficial characters, cheesy music, and dated fashions further fuel the criticism of this life of diabolical excess. Nothing in the lives of these characters really matter, not on any human level at least. In fact the film practically borderlines satire, ironic considering all the gangsta rappers that were positively inspired by the lifestyle of Tony Montana.<br /><br />This isn't Brian DePalma's strongest directorial effort, it is occasionally excellent and well-handled (particularly the memorable finale), but frequently sinks to sloppy and misled. Thankfully, it is supported by a very strong script by Oliver Stone (probably good therapy for him, considering the coke habit he was tackling at the time). The themes are consistent, with the focus primarily on the life of Tony Montana, and the evolution of his character as he is consumed by greed and power. The dialogue is also excellent, see-sawing comfortably between humour and drama. There are many stand-out lines, which have since wormed their way into popular culture in one form or another.<br /><br />The cast help make it what it is as well, but this is really Pacino's film. One of his earlier less subtle performances (something much more common from him nowadays), this is a world entirely separate from Michael Corleone and Frank Serpico. Yet he is as watchable here as ever, in very entertaining (and intentionally over-the-top) form. It is hard to imagine another Tony Montana after seeing this film, in possibly one of the most mimicked performances ever. Pfeiffer stood out as dull and uncomfortable on first viewing, but I've come to realize how she plays out the part of the bored little wife. Not an exceptional effort, but unfairly misjudged. The supporting players are very good too, particularly Paul Shenar as the suave Alejandro Sosa.<br /><br />Powerful, occasionally humorous, sometimes shocking, and continually controversial. ""Scarface"" is one of the films of the eighties (whatever that might mean to you). An essential and accessible gangster flick, and a pop-culture landmark. 9/10",positive
"I rented this film on Netflix after it won all the Oscars, to see if it was really that good.<br /><br />The Hurt Locker is a very realistic portrayal (for the most part) of a group of soldier's rotation in Iraq. The film centers around Will James, a reckless soldier who gets his adrenaline fix from taking risks, and defusing bombs.<br /><br />Where this film seems to lack in my opinion is the Plot and Direction of the movie. This film has no clear plot unlike other films such as Black Hawk Down. What this film tries to do is focus more on the characters, and their different attitudes about the war. Bigelow does an okay job of focusing on the characters, but there are many points in the film where the dialogue seems to drag. Hurt Locker is 131 minutes long, yet it feels like a 3 hour movie.<br /><br />One scene in the movie that was particularly awful, and ruined the films perfect credibility, was the sniping scene halfway through the movie. It was both unrealistic, and very long.<br /><br />Overall, I thought this film was OKAY, but the reason I gave it a 6 instead of a 7, was because it was a major letdown for winning Best Picture at the Oscars. I felt like this film could have been so much better considering Saving Private Ryan lost Best Picture, but was much better than this film. Another notable mention is Black Hawk Down which only won 2 Oscars. I honestly do not know how this won best picture.<br /><br />If you are looking for an action packed war flick, rent Black Hawk Down. This film will be forgotten in a year or two.",negative
"I can't believe that anyone would green light this let alone voluntarily star in it. I will never be able to get that 90 mins of my life back.<br /><br />This has to be one of the worst films I have ever seen. Some films are so bad they're good. This has gone so far round again that's somehow it's so bad it's terrible. I was not exactly expecting much, it being a low budget, bandwagon jumping, rehash of a B Movie, but it still came in way under my expectation levels. Even TV movies have higher production values.<br /><br />There were (very) poor special effects, shocking dialogue, terrible acting and a completely unexplained plot. Who cursed her and why, why did the 6 inch snakes turn into 15 foot snakes, has anyone ever heard of highly venomous garter snakes or pythons? 100 passengers? 3,000 snakes? So many promises, none delivered. <br /><br />Some comments would have you believe that this film is worth watching for the last five minutes. It's not even worth a rental. Stay in and watch a low budget TV movie, you'll enjoy it a lot more. <br /><br />Why was this made? Oh yes, to shamelessly cash in on the internet phenomenon that is SOAP. Shame on you Mallachi Brothers, shame on you",negative
"Where oh where to begin in describing the comprehensive wretchedness of Neil LaBute's latest attempt at film making? <br /><br />There are many kinds of film fans out there, but by far the most annoying and shallow is Mr. Intriguing. You know Mr. Intriguing, don't you? <br /><br />He's the fellow that no matter how stupid, lame, and incomprehensibly dull a film is, he says ""Gee, I don't know why everyone hated it, I found it intriguing."" He's the kind of guy who finds the scent of dog poop intriguing. Especially when he smears it in the shape of a Hitler mustache on his upper lip and marches about the house ranting about the brilliance of science fiction that features thinly veiled references to Greek mythology. He's also the guy this version of The Wicker Man was made for. No one else could stand it.",negative
"Ringmaster, Jerry Springer's pathetic excuse for wasting film that should be recycled as toilet paper recently destroyed my confidence in the art of film. First of all, it was made. Second of all, people went to see it. Third, some people voted it the best movie they have ever seen. If a monkey could make a movie, i'm 100 percent sure that it would be 1 billion times as good. Most crappy movies have their moments, (even Godzilla had a few cool special effects) this film's moment was when I left the theater nauseated. The only thing that possibly could've made this movie any worse would be if Jerry Springer was the star. If I want to stare at crap for an hour and a half, i'll take a dump in a can. If anyone didn't utterly despise this movie, I pity you, and your children, and your children's children's children; however, contrary to Springer's beliefs, I clearly don't condone children having sex.",negative
"Two years ago at Sundance I loved Josh Kornbluth's directing debut-Haiku Tunnel. So I was looking forward to his brother (and frequent collaborator) Jacob's, The Best Thief in the World. This is a drama about a seemingly good kid growing up in a lower-class area of New York. The movie is not without its poignant moments. But at times it is as if Kornbluth is working way too hard to state the obvious: Life can be very difficult for some people. And life isn't fair.<br /><br />More subtle, and more important, is our understanding that despite all of these somewhat abhorrent cultural underpinnings and the anti-social behavior they may spawn, these characters have no shortage of goodness and humanity. We can recoil at their language and their living conditions, but we are cannot discount their intent. And in fact, their struggles to maintain a family under such adversity has a certain nobility that most of us can barely appreciate. Kornbluth grew up in this neighborhood, and his compassion for the people is evident throughout.<br /><br />Having said all this, The Best Thief in the World suffers from many painful flaws (including the title). The characters aren't very believable. The writing is uneven. And the plot-line is barely discernible. And for many the most disturbing is that Kornbluth uses two young black boys mimicking gangsta rap between scenes. To each his own: But while I don't question the potential realism of this phenomenon, it pains me to see 5-year-old children mf'ing and talking about having sex with a line-up of women. It's unnecessary shock value and is a forced bit of borrowed interest.",negative
My husband and I just got done watching this movie. I was not expecting it to be this good! I was really astonished at how great the story line was. I'm usually very good at figuring out twisty plots...but this one had me. I loved it! I'm going to have to watch it again before I take it back. I might even have to buy it. :),positive
"I'm not sure what version of the film I saw, but it was very entertaining.<br /><br />I did not know who the ""Twins"" were (Gillian Chung and Charlene Choi) before seeing this movie and I think the English translation of the title is somewhat misleading.<br /><br />The martial arts are very nicely done. I especially liked them, because there was a lot of judo/grappling that was filmed very nicely. Donnie Yen (see him in Hero, great performance) as a director is great as he knows how to shoot these scenes.<br /><br />Everything seemed to flow for me, except there is one scene where the girls are on the rooftop fighting with bamboo poles. It has really nothing to do with the plot, but it's still entertaining.<br /><br />Overall, this is one of the better (modern) HK action flicks I've seen in a while. Although cheesy in some respects, it still pulls it off.<br /><br />Definitely a 9/10",positive
"""Look, I know this may suck right now, but pain is temporary, film is forever. Whatever you do right now is burned into celluloid for all time and for thousands of years to come.""  Robert De Niro<br /><br />This was initially a film for Steven Spielberg, the director hiring several screenwriters to adjust the screenplay so that it more suited his themes. And so we have a dysfunctional family that is threatened by a deranged monster in the form of a recently released from prison Robert De Niro. Like ""Jurassic Park"", ""Poltergeist"" and ""War of the Worlds"", the dysfunctional family bands together to defeat the beast, the beast being the creation of the father, a lawyer who failed to defend De Niro during his trial. <br /><br />In typical Spielberg fashion, the father kills the monster that undermines the family and is then promptly absolved of his sins. Like Oscar Schindler, Robin Williams, Sam Niel, Tom Cruise and virtually every ""daddy"" figure in Spielberg land, the father reclaims his paternal duty in the kind of bittersweet coda that Spielberg so enjoys.<br /><br />But Spielberg eventually abandoned the picture and the project was instead turned over to Martin Scorsese, who at the time was seeking to try his hand at more commercial fare. The result is arguably the worst film in Scorsese's filmography, and, ironically, his most illuminating.<br /><br />An artist's failures or misfires are often very revealing, exposing the inner workings of their art. When the story doesn't work, the characters don't connect or the images don't sear, we find ourselves left with a kind of inner core. This  the remaining carcass- is what the director's cinema is about.<br /><br />Now ""Cape Fear"" is an impersonal film, so we won't find any thematic connections to the rest of Scorsese's filmography (""You already sacrificed me!"" De Niro yells, but the films themes of Catholic redemption are cookie cutter). What the film does, though, is expose the kind of language that his filmography hinges on. Watch how Scorsese's camera desperately whips back and forth, how he zooms frantically onto doorknobs and windows in an attempt to force tension and how his characters are all loud and screaming for attention. But more importantly, watch how the film makes no spatial sense. A showdown on a boat at the end of the film takes place on an obvious sound-stage, a street parade is claustrophobic and takes place within no larger context and the family's house doesn't seem to exist anywhere in particular. There is simply no geographical sense to anything in the picture, Scorsese unable to film space or create any kind of spatial environment. <br /><br />The reason for this is that Scorsese's camera always has to be bound, or intimately tethered, to his central character. For the world around the character to make sense, his camera has to be focused on the character. Resnais can take you around a French Hotel, Welles and Hitchcock can dance you down a street and up a building, Cameron can give you a tour of the Titanic, Scott can recreate an entire future cityscape, Lucas can give you an alien desert planet, and most other directors can create a sense of space by textbook ""close up-mid shot-wide shot"" combinations, but Scorsese can't do this. There's no poetry, no sense of tangible space in his films. He's all about the character. You break that tether, you leave that boxing ring, that taxi cab, you look away from De Niro, and everything collapses. He simply cannot break away from this very documentarian style of shooting, which, in a way, is a prerequisite for action film-making.<br /><br />Scorsese tried to rectify this problem with ""Gangs of New York"", where the space and the sets become the central character, but even this self consciously spatial experiment gets sabotaged by the magnetism of Daniel Day Lewis, the actor drawing Scorsese's camera inexorably toward him like a moth to a bulb.<br /><br />5/10  Even as a generic B-movie, this is an ugly, vulgar looking film. Look at the matte paintings, the inept attempts at tension, the silly rotorscoped special effects and hokey fistfight showdown. Still, we have Robert De Niro to pick up the slack. De Niro, who gives his body over to Scorsese like a tattooed Christ, gives the film its only great scene. In an improvised romantic sequence with young a Juliette Lewis, he sticks his thumb into her mouth and kisses her. A kind of symbolic rape, the girl runs away, both aroused and repelled by this man's interest.<br /><br />But De Niro's performance, so deliciously over the top, simply can't be imitated by Scorsese. You'd need the operatic tone and the baroque visuals of someone like De Palma to make this work. But Scorsese? Nope.<br /><br />Worth one viewing.",negative
"This is the best Emma in existence in my opinion. Having seen the other version (1996) which is also good, and read the book, I think I can safely say with confidence that this is the true interpretation and is the most faithful to Jane Austen's masterpiece. The 1996 movie with G. Paltrow is good too, it's just that it's almost like a different story altogether. It's very light and fluffy, you don't see the darker edges of the characters and if you just want a pleasant movie, that one would do fine but the intricacies of some of the plot points, such as the Churchill/Fairfax entanglement is so much glossed over as to be virtually non-existent. But if you want the characters fleshed out a bit, more real and multidimensional, the 1996 TV version is the superior. Emma is a remarkable person, but she is flawed. Kate Beckinsale is masterful at showing the little quirks of the character. You see her look casually disgusted at some of the more simple conversation of Harriet Smith, yet she shows no remorse for having ruined Harriet's proposal until that action has the effect of ruining her own marital happiness at the ending. You see her narcissism and it mirrors Frank Churchill's in that they would do harm to others to achieve their own aims. For Emma, it was playing matchmaker and having a new friend to while away the time with after having suffered the loss of her governess to marriage. For Frank Churchill, it is securing the promise of the woman he loves while treating her and others abominably to keep the secret. In the book, she realizes all of this in a crushing awakening to all the blunders she has made. Both Kate Beckinsale and Gyneth Paltrow are convincing in their remorse but Paltrow's is more childlike and stagnant while Beckinsale's awakening is rather real and serious and you see the transition from child-like, selfish behavior to kind and thoughtful adult. Both versions are very good but I prefer this one.",positive
"Darr is a great movie! Shahrukh plays an obsessed lover who will do almost anything to win over his lady which in this case is Juhi Chawla. Little does Juhi know in the film that Shahrukh has a MAJOR crush on her and is constantly stalking her. I have to admit, some of the things he did in this movie were pretty creepy... like the threatening phone calls. Never in my life will I forget the line, ""I love you K..k..k..Kiran!""<br /><br />It's just too bad that Shahrukh and Juhi weren't exactly ""together"" in the film. But Juhi and Sunny do make a fairly good couple in the movie. Though Shahrukh's role was pretty psychotic, I still think he did a great job of playing it and can't possibly imagine anyone else doing that role. No wonder he got an award for Darr in 94'!<br /><br />Juhi... what can I say??? She looks especially amazing in this film! It's not that she doesn't always look amazing in her other films, but Darr did give the public a wonderful image of her!<br /><br />As for the music... it was excellent! Especially ""Jaadu Teri Nazar,"" one of my all time favorite songs. I also thought ""Tu Mere Samne"" was quite nice also.<br /><br />A must see for everyone! Overall Darr deserves a 9/10!",positive
"If you love Chan-wook Park, you know what to expect. His films are brutal, poetic, tragic, and artistic, with splashes of very grim humor. THIRST is clearly Park's style, and I loved every second of it, from the cinematography (every shot is gorgeous and creative) to the story, which blends Shakespearean tragedy, murderous love, Gothic horror, and layered character drama. The characters are complex and there is plenty of moral ambiguity to go around. Even the most sociopathic character evokes sympathy. The direction is restrained and the performances are nuanced - like SYMPATHY FOR MR. VENGEANCE, there are too many subtleties to take in on the first viewing. Chan-wook Park is an intelligent, bold, consistently surprising filmmaker. It's unpredictable - scenes go from brutal and heart-wrenching to laugh-out-loud hilarious in an instant. This is closer to LADY VENGEANCE then SYMPATHY FOR MR. VENGEANCE as far as being over-the-top and comical. But, like LADY VENGEANCE, it's incredibly rich, thought-provoking, and rewarding.<br /><br />If you like beautifully told vampire stories (LET THE RIGHT ONE IN) or are a fan of Chan-wook Park, seeing THIRST should be obvious. Easily one of the best films of 2009.",positive
"After winning a championship fight, boxer John Garfield (as Johnnie Bradfield) celebrates with a drinking binge, which leads to the manslaughter of a pushy reporter. Although his manager killed the man, Mr. Garfield is blamed. When the manager dies in a car crash, wearing Garfield's stolen watch, authorities think the boxer is dead. Still a WANTED man, Garfield changes his identity to ""Jack Dorney"" and moves to an Arizona ranch. There, Garfield meets ""The Dead End Kids"": Billy Halop (as Tommy), Bobby Jordan (as Angel), Leo Gorcey (as Spit), Huntz Hall (as Dippy), Gabriel Dell (as T.B.), and Bernard Punsly (as Milt).<br /><br />Garfield bonds with the young ""Dead End"" lads, who were sent to stay with sweet ""Grandma Rafferty"" (May Robson) as an alternative to reform school, courtesy of her brother, deceased priest ""Father Rafferty"". Garfield falls in love with Halop's sister, pretty ""Peggy"" (Gloria Dickson), who is there to keep any eye on the kids. Of course, Garfield's past comes back to haunt him <br /><br />""John Garfield and The 'Dead End' Kids"" make beautiful (Max Steiner) music together, thanks to effective direction and photography, by Busby Berkeley and James Wong Howe. The story is predictably comfortable, with the Warner Brothers support team in fine form. Garfield and the ""Dead End"" kids are a winning combination; although Garfield made no further movies with the ""East Side"" gang, the studio had him re-team with both Billy Halop and Bobby Jordan, almost immediately, for ""Dust Be My Destiny"".<br /><br />The boxing scenes are nicely staged. But, the most exciting sequence has Garfield and four of the New York ""Kids"" (Halop, Jordan, Hall, and Punsly) climbing into a giant water tank for a swim - which unexpectedly puts their lives in danger. Other, more brief, highlights include floozy Ann Sheridan (as Goldie), boozy Barbara Pepper (as Budgie), and young Ronald Sinclair (as Douglas) losing at strip poker.<br /><br />******** They Made Me a Criminal (1/21/39) Busby Berkeley ~ John Garfield, Billy Halop, Bobby Jordan",positive
"I normally do not take the time to make comments that few people will read, about movies few will see. However, in this case, I feel I must warn all those who might consider wasting time on it. I just finished watching it only five minutes ago. This is, quite simply, one of the worst movies that I have ever seen in my life. The acting is horrible, a plot is nonexistent, and production values are poverty level at best. I know that even a low budget movie can be great, but not this one. There is only thing that could have saved this movie for any horror fan's purposes--more on-screen gore and slashing! The grand total of three times that this occurs is off-screen. While it is effective and reasonably disturbing when it happens--especially the end scene--there is simply not enough of it. The movie is just too long for it's minimal content, too dialogue heavy, and consequently almost impossible to watch. What happens? To put it all in a nutshell with room to spare, three teenage girls irresponsibly and knowingly go out driving through an isolated area where over 20 girls have previously been abducted and murdered. Their car, of course, breaks down, and they are taken to an old boring house inhabited by three crazy people--one of whom is the psychotic killer. All three are eventually murdered, one by one, off-screen, after what seems like an eternity of boring, slow-paced nonsense. As I said, the only things worth watching even once are the murders. Please don't buy it or rent it just for that, and don't be fooled like I was by the misleading box art and movie description. Save your money and your time.",negative
"I watched this last night for the first time in 40 years. It's bad. Really bad. But it has enough hilariously awful moments, that it's worth watching. First of all, was it deliberate to make the boy being babysat completely effeminate? He even says to Costello a la Mae West ""you fascinate me!"" as Costello does a double take. God only knows what would have have happened if the babysitter had been a hunk. THIS kid would have seduced him in a heartbeat! Then there's the principal male dancer. He is totally inept. Roar with laughter as he leaps and prances with no talent whatsoever over the giant's grave during He Never Looked Better in His Life. The two romantic leads are zeros, wastes. Abbott gets to sing one line and that was dubbed in by another singer. Geez, I guess he couldn't even carry a tune! Costello does manage to be charming in his I Fear Nothing number, and I guess very small children might like it, but there's not much to recommend it. But oh that seductive effeminate boy! THAT aspect alone blew me away! Plus the fact the family accepted anyone off the street with no references to babysit a child! Today, little femmy boy would be taken away from them!",negative
"Growing up with the Beast Wars transformers, I wasn't very familiar with the original Transformers, and now that I have seen the awesome movie, and now that I have seen the older cartoon on which it's based, I have to say I like the original cartoon and the live action movie more than Beast Wars.<br /><br />Not that I don't like the BW characters, I just think that characters like Optimus Prime are better than Optimus Primal.<br /><br />I mean, ""AUTOBOTS TRANSFORM AND ROLL OUT!"" sounds a lot better than ""MAXIMALS MAXIMIZE!"" The voice of the original Optimus Prime still makes me a strong believer that he's a real commander, more so than Optimus Primal.<br /><br />Besides, Powermaster Optimus Prime is a lot more powerful than Optimal Optimus. Just look on the web! <br /><br />Megatron in the BW character seemed more like a humorous version of the more evil version of him in the original series.<br /><br />Besides what's cooler, robots changing into animals or robots changing into vehicles and spaceships? Gimme the original Transformers any day over Beast Wars!",negative
"Considering 'A Star is Born' had been made twice already by the time the 1976 film came into production, the latest remake has a freshness about it that can be attributed to the fantastic chemistry between the entire acting ensemble. A viewer could be forgiven for believing that Kris Kristofferson & Barbara Streisand were a couple off screen as well as on, with their incredible displays of pure affection towards one another.<br /><br />The film has been described in the past as a 'Barbara Streisand concert on film, set to a soap opera storyline' however for anyone that enjoys watching a film that takes you beyond the living room into a world where the characters seem truly alive - A Star is Born is well worth the hiring price.<br /><br />With its incredible soundtrack, flawless acting and touching reality in regards to human emotions and the true frailty of life; A Star is Born is a film that draws you into the world of Esther Hoffman & the love of her life John Norman Howard.<br /><br />A film for anyone that sees the beauty in real love - the kind that keeps you devoted to a person even as they break your heart...",positive
"i can't believe how dumb this movie truly is. the storyline (written by keira knightley's mother) is what ruins the movie to the extreme. it is straight out dull, absurd, and makes absolutely no sense whatsoever...<br /><br />this movie lagged so bad for most of it, especially at the beginning. the story just kept going on and on about their everyday flirts with each other, often times seeming like a threesome. in this movie, you have an annoying deadbeat couple (the poet and his wife) who are complete total drunks from the start. the wife sleeps around with other men to make ends meet, while the poet is a pervert who thrives on cheap boos and women. the wife, who waaayyyyyy too quickly becomes friends with his former childhood lover (played by keira) suddenly gets jealous, knowing full well that the two were lovers since they were kids. something doesn't seem right here....i mean, come on... get with the program lady! what'd you expect.<br /><br />bottom line is: former lovers meet again with new wife embracing it, then gets jealous, then former woman lover gets married and her husband gets jealous, bombards the crazy drunk couple's home, crazy husband calls police, and they end up going to court for the man's attempted murder charges. that's it summed up in a nutshell...<br /><br />this movie had it's moments such as the quality and good acting by cillian murphy, but other than that, i cannot believe i watched it... i complained about it during the movie and some family members watching it with me fell asleep. i decided to give it a chance and i should have stuck to my first instincts.",negative
"right the hospital scene with Holly and Shannon was done brilliantly it starts off with Piper On A gurney looking very badly injured, the docs race her into a resuscitation room & they move her from the gurney onto a bed and Prue Holds Her Hand from that point on it is obvious that Piper is having a lot of trouble breathing and her lungs are failing, as she turns to beg of Prue to not leave her side she gaps ""don't go i love you and then her pulse drops and she goes into cardiac arrest & the monitor shows a clear flat line & the nurses go into full out trauma mode & bring in a defibrillator Prue Steps back from the bed in horror as the doctors desperately try to shock her dying sisters heart but there is no response and she is tragically pronounced dead well great scene well done girls",positive
"When I fist watched the movie, I said to myself, ""so a film can be made like this."" Wong Kar Wai's gorgeous poetic love story captured me throughout and even after the film. I must admit this is one of the best love movies, maybe the best of all, I have ever watched. The content and the form overlaps perfectly. As watching the secret love we see the characters in bounded frames that limits their movements as well as their feelings. Beautiful camera angles and the lighting makes the feelings and the blues even touchable. I want to congratulate Christopher Doyle and Pin Bing Lee for their fantastic cinematography which creates the mood for love. Also the music defines the sadness of the love which plays along the beautiful slow motion frames and shows the characters in despairing moods. And of course the performances of the actors which makes the love so real. Eventually, all the elements in the film combined in a perfect way under the direction of WKW and give the audience the feeling called love.",positive
"I am a chess player and I wanted to like this film. Trouble is, the content could have been fitted in a 30-minute documentary.<br /><br />There were lots of shots of corridors being walked down and Kasparov gazing out in the hall where he won the World Championship. There were other shots of Kasparov being walked round the site of the 1997 match and being told where he sat and where Deep Blue was located. This just looked like filler.<br /><br />Also, I didn't find it interesting to see in detail where Deep Blue was now and seeing an IBM techie trying, unsuccessfully to 'open' it. What would we have seen of interest inside anyway - a little grandmaster?<br /><br />Also, the recent match against Karpov. I no longer follow professional chess enough to know when and where this was. It would have been nice to have been told: was this a one-off 'just for the money'? Was it part of the world championship cycle? What was the final score? The nub of the film was the play in game two. Could/would IBM let Kasparov see 'inside' the machine? That's where the focus should have been.",negative
"My parents may enjoy this show, but I fail to find the humor in it. What is so funny about a dentist husband impregnating his hygienist assistant and the oldest daughter getting impregnated by the captain of the high school football team? Absolutely nothing! It's a shock to me sometimes what people think constitutes humor nowadays. Blame that on shows like ""The Dating Game"" and ""The Newlywed Game"" bringing the issue of sex to the forefront in the mid-1960s. Sure, the series has its touching moments, still that's no excuse for the content that otherwise went into this series. This is nothing like the family-oriented days of ""I Love Lucy"" some five decades before. <br /><br />An answer I would have to why this series plays on the Lifetime cable channel is because that channel's brass think women can relate to Reba's character! I absolutely dislike the character of Reba Hart's daughter, Kyra. She is best described as a ditsy and bitter teenager! Funny, I wonder if the actress who played Kyra; Scarlett Pomers, is like that in real life away from acting. Who plays the blockhead ex-husband dentist, Christopher Rich, is not much better. Barbara Jean, played by Melissa Peterman, is ditsy in herself! The characters of Van and Cheyenne are also very annoying.<br /><br />Something else that baffles me is why the dingbat-of-a-series creator, Allison M. Gibson, decided to set the series in where I live 25 miles away from; Houston, Texas! Reba McEntire isn't even from this state, she's an Oklahoman! Why is it during one season or more they decided to make the incidental music sound like a pig snorting? What I mean by that is where we hear this baritone saxophone being played with drums accompanying it, but the melodies are basically tuneless!",negative
"This third Darkman was definitely better than the second one, but still far worse than the original movie. What made this one better than D2 was the fact that The Bad Guy had been changed and Durant was not brought back again. Furthermore there was actually some hint of character development when it came to the bad guy's family and Darkman himself. This made my heart soften and I gave this flick as much as 4/10, i.e. **/*****.",negative
"This stuffy melodrama is quite easily the worst film starring Ingrid Bergman that I've seen. Even her luminous screen presence can't save this insufferably slow and meandering movie that's nearly impossible to sit through without fast-forwarding a lot of it.<br /><br />Only for die-hard Bergman fans; others are very likely to fall asleep. I suggest you to watch ""For Whom the Bell Tolls"" instead.",negative
"The very first talking picture has returned from oblivion, and now you can hear it and see it! In autumn of 1894, at the Edison lab complex in West Orange, New Jersey, Thomas Edison's associate William Dickson tried to combine two existing technologies (the phonograph and the kinetoscope) to record sound and image together. In the event, Dickson was unable to synchronise the playback of sound and image, so this experimental film was never released to paying audiences ... and consequently (unlike many silent films which Dickson made for Edison at this time) it has no official title. The silent image (recorded at 40 fps) has been in the Library of Congress for years, known to film historians as a mute curiosity. It was also known that the 'soundtrack' had been recorded on one of the crude wax cylinders languishing at the Edison National Historic Site ... although nobody knew which one.<br /><br />But now that's changed. Recently, curators located the wax cylinder, which had broken into several pieces. These were reassembled: a playback was obtained, and the sound was digitised. Hollywood's veteran soundtrack editor Walter Murch cleaned up the background noise and tweaked the digitisation to make it synch with the film image, which Murch had digitally compressed to 30 fps. Sound and image are synchronised at last!<br /><br />The film begins with an offscreen man's voice calling: 'The rest of you fellows ready? Go ahead!' (The unseen speaker remains unidentified, but was probably Dickson's assistant Fred Ott.) On screen, Dickson plays a violin into an immense funnel mounted on a tripod (one of Edison's sound-recording devices) while alongside him, in full view of the camera, two male lab assistants embrace each other for some quick ballroom dancing to the tempo of Dickson's music.<br /><br />The film lasts barely 17 seconds: just long enough for us to marvel at this crude technology before being provoked to laughter at the sight of two men waltzing in each other's arms. Speaking of which, here's a WARNING: a well-known but extremely inaccurate reference book ('The Celluloid Closet', by the late Vito Russo) includes a frame enlargement from this movie and identifies it as 'The Gay Brothers'. That's incorrect. 'The Gay Brothers' is an entirely different movie, made by Dickson at the Edison lab during this same period. 'The Gay Brothers' never had a soundtrack: it's a brief fiction film about two brothers who are NOT 'gay' in the sense Russo meant it. The deceased Mr Russo, for his own reasons, wanted us to perceive Dickson's experimental sound film (arguably the first movie musical!) as an artefact of 19th-century homoeroticism. (Hmm, what is it about gay men and musicals?) Sorry, but there's just no such content here.<br /><br />This vitally important film deserves a rating of 10 out of 10. I've often maintained that no 'lost' movie should ever be considered irretrievable unless it was deliberately destroyed: I'm delighted to report that this film is finally available to audiences as its producer intended it, more than a century after it was filmed!",positive
"What a mess--and I'm not referring to the ""destruction"" in the title. I could go on about the hackneyed plot, the lousy effects, the (actually notable) cast grimacing as they deliver the worst lines of their careers, etc. I'll just say there weren't any palm trees in Chicago the last time I checked, and leave it at that.<br /><br />Hmmm...need ten lines to get this posted on IMDb.. OK, well, I think a DVD release with outtakes could be interesting. Maybe Dennehy will reveal what favor got called in for him to appear in this thing. Maybe Dianne Weist will show us the bag of money it must have taken to get her involved. Maybe CBS execs will apologize...",negative
"....and now I'm up to episode #7. I really was hoping it'd be over by now (not to mention canceled, once everything connected with the show -including the actors - had been dumped along with some toxic waste in the middle of the ocean somewhere, never to be seen again), because this series really is dire. <br /><br />To have this program listed under the genre of 'comedy' is at best misleading! It's so hard to believe Ben Elton could write something this bad, maybe this points to a lot of input from the other writers in everything he's been connected with before. In some episodes I haven't even laughed once!<br /><br />Oh, and I can't believe Ardal O'Hanlon actually stopped doing 'My hero' & started doing this instead, his decision making skills were obviously impaired that day - perhaps he simply can't read, and didn't realise just how poor the scripts for 'Blessed' were. Don't get me wrong, 'My Hero' is not masterpiece, but it's a million times better than this piece of junk.<br /><br />And just to annoy me even more I bet this gets a DVD release as well, when there are so many great TV series' that aren't getting released!",negative
"I've been looking forward to the release of this movie since I first heard the concept two years ago, and I was not disappointed. I won't bother summarizing the story since everyone else has, but I will say that it was just plain entertaining throughout. The performances were great, as was the music, and the main characters were likeable.<br /><br />My only complaints are: (1) the story was definitely lacking; the movie wrapped up very abruptly- in fact the writing became pretty lax in the second half, as though the writers weren't sure what to do with the plot. Since the plot wasn't nearly as important as the music and the action, this didn't really affect the entertainment value of the film, so this is not as major a complaint as it would seem.<br /><br />(2) This is really nitpicky, but the music that the characters in the movie were listening to was sometimes dated after 1985, when the movie was set. INXS' Devil Inside was from 1987 and AC/DC's Are You Ready was from 1990, among other mistakes. This bothers me a bit, since they obviously went to lengths to make a good period piece, they could have checked the copyright date on these songs to make sure they were 1985 or earlier. Again, not a big deal.<br /><br />Oh, I thought of something else that was strange. The Steel Dragon band members were supposed to be English, but for some reason Dokken bassist Jeff Pilson and Ozzy guitarist Zakk Wylde played band members, and they each had a couple of speaking lines in AMERICAN accents. That was kind of lazy also, but it was still cool to see actual musicians playing musicians, so I will forgive that as well.<br /><br />I could probably nitpick all day, but I don't want to give the impression that this wasn't a super entertaining movie. I will probably buy the DVD when it comes out, and I will certainly buy the soundtrack CD simply for the six Steel Dragon songs (some of which were sung by the singer from the band Steelheart, if you remember them!). The highlight of the film was possibly a great outtake where Mark Wahlberg is lipsynching to a rock song on stage and suddenly someone plays ""Good Vibrations"" by Marky Mark and the Funky Bunch. The surprised look of Mark's face is priceless. Classic rock and roll flick! Score: 8/10 due to extreme entertainment",positive
"I was fortunate enough to see The Last Stop here where I live at the Moving Pictures Film Festival (for those of you that don't know, the Moving Pictures Film Festival is a tour of Canadian made film in Canada). I was told just before the movie started that it was the world premiere and that it was on the verge of getting an American distribution deal which added to my excitement.<br /><br />I'm a big horror movie fan, and yes, I love the Scream trilogy as well. So when I found out that Rose McGowan was doing a Ten Little Indians type of movie I knew that I was in for a treat. Rose McGowan was the biggest name actor/actress at the entire festival.<br /><br />The best way I can describe it without giving away too much of the plot is that it's not quite like Scream. And it certainly is worth seeing. It's set in the middle of a snowstorm (it was filmed in Vancouver, B.C., Canada) at a mountaintop motel, which adds to the suspense. Rose McGowan puts in a great performance as the-girl-next-door(?!) along with the rest of the cast. And as for what happens at the end, well, the only thing I'll say is that you'll never guess the ending.<br /><br />Sadly, it probably won't make it into mainstream North American theatres because the only decent money maker in it is Rose McGowan. But if you get the chance to see it I would recommend you do. And if worse comes to worst, there's always video.<br /><br />I gave it a 9 out of 10.",positive
"Ann-Margret did the best job she has ever done in her history of film making. I felt as if she WAS Mrs. Frey. There might be one or two films of Ann-Margret's I have not seen since her film debut in ""Pocket full of Miracles"" with Betty Davis in 1961. I feel she has been totally under-rated in the industry. Though she was nominated for an Emmy Award for this role in ""Who Will Love My Children,"" she was overlooked. Like she was nominated for an Academy Award for her roles in ""Carnal Knowledge"" and ""Tommy,"" she was snubbed. Over all, I think everyone did a superb acting job including all the children in ""Who Will Love My Children."" Yes, it is a sad movie (as true stories can be), but well worth the time. Thank you.",positive
"For me, North and South (Books I&II) is the ultimate TV series of the 80's. Just spotting all those cameo appearances was highly entertaining.Gene Kelly, James Stewart, Elisabeth Taylor, Olivia De Havilland, Robert Mitchum, even Johny Cash¡ No series has come close to this achievement.Have you ever seen anyone looking like Lincoln? Dick Smith's prosthetics made Hal Holbrock's powerful performance even more so. The crafted costumes, the jaw dropping locations, everything. It's clear that nowadays there are excellent and bright TV series (Desperate Housewives, Lost,24) but North & South was, and still is, one of its kind. Don't miss it. Only David Carradine's portrayal of the ultimate villain (you may call him just violent husband) worths the viewing. Maybe some characters and situations are too stereotyped, I admit it but the positive sides clearly cast a shadow over them. I'm so glad that finally is available on DVD in Spain.",positive
"I can't believe that I actually sat thru this entire film. A friend rented it because the jacket made it sound good. In it's defense, the jacket was correct; there was a supposed haunted room that someone slept in overnight. From the jacket, it sounded like this was on par with Freddy, Jason, or maybe ""The Shining."" It couldn't be farther from the truth.<br /><br />If you are a fan of minimalist and/or surrealist films, you may enjoy it. If you're looking for a good fright movie, or a couple of thrills, go rent Jason vs Freddy IV -- you'll have a much better night.",negative
"This movie is a shameful result of what happens when:<br /><br />A) It is written, directed and produced by an idiot. and/or B) It was rushed in production to satiate the poker/Stu Ungar craze. <br /><br />The story from beginning is uneven. Vidmer spends too much time on Ungar's childhood and not enough on some of the legendary tales -- such as counting cards, his blackjack escapades, the roll of money as id. He also leaves out mentions of other poker greats such as chip reese, brunson etc. The movie is a complete mess from beginning to end. <br /><br />If you want a more complete and accurate account, read the book One of a Kind. If you thought the movie was good, read the book and change your mind.",negative
"I can't remember the worst film I have watched.Total waste of actors and audience time.If you prefer sitting by your TV and think when will be this film over,then this is the right film for you.Maybe this film is recorded to make people believe that Moscow has some mystique past. But I must say I have not expect anything else from Rade Serbedzija,but I have expected more from Vincent Gallo.The film lacks a plot, character,development,denouement.Entire movie is about underground tunnels and how they are mystique.I must be fair there is some camera effect but even that is too poor.Over and over are the same pictures.Total waste of time.",negative
"This movie is not schlock, despite the lo fi production and its link to Troma productions. A dark fable for adults. Exploitation is a theme of Sugar Cookies, and one wonders if the cast has not fallen prey to said theme. A weird movie with enticing visuals: shadows and contrast are prominent. Definitely worth a look, especially from fans of Warhol and stylish decadence. Through all the cruelty and wickedness, a moral, albeit twisted, can be gleamed.",positive
"I really don't understand who this movie is aimed at. From just the absurdity of it, not to mention the ridiculously bad acting, cheesy dialogue, and the fact that the villain is a child, I'd assume this was meant to be a children's movie... but I think there may be more swear words than Pulp Fiction, not to mention constant references to drugs and general mayhem and killing-so which demographic is it trying to please? This movie is too schizophrenic, like trying to combine Country music with Heavy metal, in the end no one is going to like it because it's a bloody paradox. I would recommend this movie because it's so funny (in a bad way) except the actors are so patently unbearable that I wouldn't want to suggest otherwise.<br /><br />I'm completely serious when I say that I could not watch more than 15 minutes of this. Terrrrrrrrrrrrrrrriiiiiiiiiiiible",negative
"""Landscape after a battle"" opens with escaping prisoners over a snowy field full of fences - in rather funny movements accompanied by Vivaldis Four Seasons. A touching opening. But we soon enough learn to know these prisoners as a mob, and when they (also treated humouristic) burry a man alive, the protagonist stops for a moment, but is soon more engaged in finding books from the turndowned camp than caring about his neighbour.<br /><br />The rest of the film is set in an American camp from where the prisoners are not released, in some kind of semi freedom, semi camp. A perfect set for a study of war criminality, American camps, Polish nationalism, Catholisism, grief and human misery in general.<br /><br />Film makes an important turn. In comes women, and with them film changes light, colour and temper. At the same time it turns out that these prisoners were slaves in Holocaust. I think a main underlying political theme of the film must mankind's treatments of Jews under and after the world war, and not only the Nazi exterminations, but mankind letting it happen - and even forcing them out of Europe after the war. On an emotional level the film is about grief and the problem with letting grief come, how environment makes grief difficult, and how difficult it can be to share grief for people with different experiences. <br /><br />But the film is a carpet of underlying contradictions,humour, irony and sudden beauty. A couple of times during the film a gypsy prisoner plays on an harp, an emotional tune brutally rejected (filmatically speaking) by the protagonist. That example picks up an important essence of the film's style and theme. When it comes to humour its very comic how the protagonist constantly looses and finds back his glasses, in crowds, in hay stacks etc.<br /><br />Its not hard to understand Spielberg's respect of Wajda when you see this film. The great treatment of light can be compared with Spielberg on his best. The Grunwald intermezzo speaks for itself. Narrativly it only brings the film out of the camp, but filmatically it brings the film to dream and eternity with profound beauty. Anyhow, there is also another scene I can't let go without comment. Its the Christian Supper. Undoubtly ironical, but simultaneously deeply religious we see the transsubstantiation moment, everybody falling on their knees, while the protagonist is saved from isolation by the priest to serve as a comic altar boy. His bells are mocking the scene, but also gives it emotion and love. When Nina gets her bread, sun light falls upon her and bells ring spheric, its the peak moment of the film.<br /><br />Main actors are excellent in their roles. Olbrychski as the perfect Wajda protagonist - the doubting reflecting mind, unable to put all the aspects of his mind and emotion into life. Beautiful Celinska is with great body acting debuting in a character unable to express all her inner in her proud movements.<br /><br />Those who try to describe everything, often are unable to take nothing in consideration. This is what Wajda manages. His films are either very moving, deep or beautifully shot, but pays attention to life's and society's particularity. A moment of joy for one, is the moment of irony for a second, the moment of grief for the third, a moment of nothing for the fourth.<br /><br />There is at least two reasons to pay attention to Wajdas films of this period. First is the remarkable free expression of deep political impact. This country was the first to overthrow communism twenty years later. Second is the development of a filmatic and narrative language that Kusturica has rose to grandeur.",positive
"STAR RATING: ***** Saturday Night **** Friday Night *** Friday Morning ** Sunday Night * Monday Morning <br /><br />Alice, having defeated Freddy at the end of the last film, is now trying to re-adjust her life. But her unborn child is carrying a demonous presence- Freddy, trying to come out into their world again.<br /><br />It's interesting to note the directors who got their big breaks directing Freddy films- Charles Russell (Eraser, The Mask) Renny Harlin (The Long Kiss Goodnight, Cutthroat Island, Cliffhanger, Die Hard 2) and here Stephen Hopkins (Lost in Space, Predator 2.) But while Russell and Harlin made a good job of it, Hopkins IMO has made something of a podge with this entry, that should be quickly forgotten.<br /><br />The story is clearly being stretched as far as it can go here, with Freddy ludicrously a father himself and the ridiculous looking demon baby. Even at about an hour and a half, it all gets rather tiresome, and of course, not scary at all.<br /><br />The ""bon appetit, bitch"" catch-phrase is the only memorable point of this other wise very forgettable entry. *",negative
"I thought this had the right blend of character, plot, futuristic stuff and special effects without going over board. It will take a while to get going, but the acting was good and I was intrigued by the angel who is not to hard to look at. I like the attitude too! Certainly not like other attempts at futuristic stories.",positive
"I had two reasons for watching this swashbuckler when it aired on Danish television yesterday. First of all, I wanted to see Gina Lollobrigida - and here I wasn't disappointed. She looked gorgeous. Second of all, through reading about the film I had gotten the impression that it featured absurd humor not unlike that which can be found in Philippe de Broca's films. On this account, however, I was sadly disappointed. I found the jokes predictable (apart from a few witty remarks on the topic of war) and the characters completely one-dimensional. Also, the action scenes were done in a strangely mechanical and uninspired fashion, with no sense of drama at all. I kept watching until the end, but I got bored very quickly and just sat there, waiting for the scenes with Lollobrigida.",negative
"This movie is horrible, but you have to see it because of that. I'm not here to discuss the entire film, just the greatest chase scene ever. When Eddie dumbs milk on Tim, he gets chased down the hallway. Eddie puts obstacles in the jocks way with hilarious consequences (like a cymbal nailing a trumpet player; buy the DVD and watch it slow). The best obstacle is a knocked over mop bucket which one jock jumps over but proceeds to slide on the ground out a door. But when he slides he picks up speed thus defying physics (mainly friction); yet what lies behind the door is supreme. The steepest stair case in any school ever, which this jock proceeds to CLEAR in the air. In reality he probably would die of a broken neck. Not only does he defy all concepts of reality, he makes the funniest noise ever made in that situation. Go and buy this one. Trust me this scene is worth your 6 bucks.",positive
I am almost tempted to demand my money back from the video store. This movie plumbs the depths of inanity and is almost completely unwatchable. I NEVER bail out of a film early but this was painful to view. A thorough waste of celluloid. My vote 1/10 (it would have been zero).,negative
"We don't know why this extraordinary film was never made available officially on DVD... Anthony Quinn's performance alone makes this a must-see. There are relatively few films in which an actor identifies so profoundly with his character, a phenomenon always unique for us, moviegoers.<br /><br />But Quinn's powerful portrayal of an innocent Romanian, literally dragged out of his house and everyday life by forces he cannot comprehend, is only part of what makes this film great. The script is based on a book published in Paris by a Romanian priest who fled the Communist take-over of his country, and the film succeeds to go deep into a little known area of East-European history. Told as a succession of Kafka-esquire twists of fate, the misadventures of Johann Moritz (told openly and honestly, without any of the political correctness currently so precious in Hollywood) are in fact a eulogy for the lost innocence of the Romanian people... it is devilishly ironic that this eulogy is signed by a French director, working with the American money of an Italian producer, and overseeing a multinational cast fronted by an extraordinary Mexican-born thespian.<br /><br />I've seen mentions of VCDs of this film in various Asian internet stores, and I was fortunate to take possession of a digital recording of this film, broadcast on the British version of TCM. But it's a shame that ""The 25th Hour"" isn't anywhere on the future DVD release map of MGM studios.",positive
I saw this movie with very low expectations. I didn't know a lot about it so I wasn't sure if it was going to be worth it.<br /><br />The story did an OK job of getting you curious about these ruins they travel to. The suspense continues when the Mayans show up and force them to stay at the ruins.<br /><br />Then the movie turns from somewhat suspenseful to pointless. The amount of gore found in this movie did not balance out compared to whether it was truly necessary or used more for shock value.<br /><br />The fact that they didn't make any attempt to fight the vines from hell. They had fire and didn't try to burn it nor did they try to cut it with a knife to see if they could destroy it or not. They quickly jumped into a victim role and their helpless attitude was not real. It reminded me of the old horror movies where the people just scream and yell and don't have half a brain to try to fight back.,negative
"This film fails on every count. For a start it is pretentious, striving to be ""significant"" and failing miserably. The script was banal in the extreme, nobody at any time said anything remotely interesting. It was impossible to care about any of the characters. Knightly was a self-regarding waste of time whilst Sienna Miller was just a waste of time. The bit about the soldier who went off to war was a cliché even before the film Atonement used it. The use of the Second World War as a backdrop was in itself a cliché...the bombs, the sheltering in tube stations etc...employed to import a bit of much-needed drama. Why anybody thought for a moment that this film was worth making is quite beyond my comprehension. It was yet another case of ""let's get the costumes looking authentic, never mind about the story, the script or the acting!""",negative
"""Deliverance"" is one of the best exploitation films to come out of that wonderful 1970's decade from whence so many other exploitation films came.<br /><br />A group of friends sets out on a canoe trip down a river in the south and they become victimized by a bunch of toothless hillbillies who pretty much try to ruin their lives. It's awesome.<br /><br />We are treated to anal rape, vicious beatings, bow and arrow killings, shootings, broken bones, etc... A lot like 1974's ""Texas Chainsaw Massacre,"" to say that ""Deliverance"" is believable would be immature. This would never and could never happen, even in the dark ages of 1972.<br /><br />""Deliverance"" is a very entertaining ride and packed full of action. It is one in a huge pile of exploitation films to come from the early 70's and it (arguably) sits on top of that pile with it's great acting, superb cinematography and excellent writing.<br /><br />8 out of 10, kids.",positive
"This film is mildly entertaining if one neglects to acknowledge its numerous incongruities of plot and sheer lack of believability. Bruce Willis as ""The Jackal"" never seems to live up to his reputation as a cunning mastermind of the underworld. Instead, he bumbles about in broad daylight, parading a mishmash of shoddy disguises. Why this man has never been captured before (or even identified) is beyond me. Not once is the audience impressed by his cleverness or daring; considering the price he demands for his services (an exorbitant $70 million), his methods are decidedly low-budget and stupid.<br /><br />As for those in pursuit of him, they are at least as ridiculous in their behavior. They show no sense of expertise, instead relying on half-baked conjecture which sends them traversing across the country at their whim. Incredibly, these far-fetched guesses (maybe he bought a boat, maybe he's in Chicago, etc etc) invariably lead them straight to the Jackal, who yet again escapes their clumsy grasp.<br /><br />Richard Gere, whose Irish accent fades in and out like a distant radio station, plays the inexplicable role of an imprisoned convict who is released from jail to work alongside the FBI. He actually makes a compatible partner, if only because his means are as amateurish and inept as his professional pals. At one point, he actually confronts the infamous Jackal, but unfortunately the FBI, although they trust him enough to leave him out of their sight, fail to equip him with a weapon or any means of communication. What kind of operation are they running here?<br /><br />The film also appears overly reliant on gruesome violence, which is entirely superfluous and provides no suspense whatsoever. The supposedly stealthy Jackal acts more like a demented and senseless serial killer, eliminating people for sport and writing on a victim's cheek with blood.<br /><br />The film's action scenes are both predictable and unrealistic, and many moments are ruined with melodrama. This movie is poorly executed on many levels, the one bright spot being the ever consistent Sidney Poitier. Avoid this movie if you are in the mood to think as you watch it.<br /><br />",negative
"****SPOILER ALERT**** All throughout Australia the summer turned into a deluge of rain and hail stones the size of baseballs that was causing havoc in coastal cities like Sydney. It's under these hectic conditions that tax lawyer David Burton, Richard Chamberlain,got involved in a case, as a defense attorney, involving the death of a local aborigine who was found dead outside a Sydney bar. <br /><br />Having five fellow aborigines arrested for Billy Cormans,Athol Compton, death it's determined by the police coroner that Billy died of drowning not by violence even though he had bruises on his neck and shoulders. Yet the court decided to prosecute the five for his death charging them with manslaughter instead of murder.<br /><br />David defending the five gets no help from them in their defense with the accused assailants opting to remain quite and keep what happened to Billy to themselves and take what's coming to them from the court. One of the defendants Chris, David Gulpili, begin to somehow invades David's dreams as if he want's to tell him what was really behind Billy's death.<br /><br />David at first not taking his dreams of Chris seriously begins to sense that their real when he meet him at the courthouse. Chris confirms David's dreams by showing him a strange looking black rock that David saw Chris have in his dreams. Later meeting Chris and, what turns out to be an aborigine shaman, Charlie (Nandjiwarna Amagula) who came to his house that evening David is told that he, like Charlie, has spiritual powers that he inherited from his mother's grandfather. Those powers will reveal to him the future that has to do with the strange weather conditions that are flooding the Australian continent. The earth,Chris tells David, is going through a gigantic cleansing cycle with the old world about to be washed away and the new world ready to take it's place.<br /><br />David is confused about what both Chris and Charlie are telling him but as the rains continue to increase and the ocean waves start to rise he feels that something terrible is going to happen. David want's to know if it's all aborigine folklore or there's some scientific facts, or logic, behind their end of world-like revelations.<br /><br />By now it's obvious that both Chris and Charlie are members of an aborigine tribe right in the heart of modern Sydney. That alone can get Chris off, as well as his four friends, for the murder of Billy. Since the Australian government will not prosecute tribal aborigines, leaving any justice to be done by the tribes themselves. Still Chris refuses to admit he's a member of a native tribe and he and his four friends are convicted of manslaughter in Billy's death with the sentences to be handed down by the judge within days.<br /><br />David now determined to find out what was the reason for Chris' silence, and why Billy had to die, is taken by Chris to the scene of the crime. It's there that David finds out that Billy betrayed Chris' tribe members by going there with Billy not being a member of Chris's aborigine tribe. It's also revealed to David that he himself has some kind of spiritual connection with the Austrailan aborigines as both Charlie and his step-father Rev. Burton,David Parslow, told him. <br /><br />The stage is now set for the great and final cleansing cycle that David's been seeing in both his night-time dreams and day-time visions. It comes in the form of a massive tidal wave rolling out of the Pacific Ocean into the Australian coast city of Sydney and then submerges the entire continent.",positive
"When you go at an open air cinema under the Greek summer night you usually don't care what the movie is! Edison started really good with some good effort from the singers-who-want-to-be actors and a once again great Morgan Freeman but... (In a movie there is usually a good start to catch audience,done, a bit boring yet story filling middle of the movie that is more about characters and less about action ,done, and the third part is something really good so that you can remember the movie...) when you see 30 elite police officers (packed with weapons that can demolish a building) shoot at a guy behind a car, fail to hit him even once while he kills all (but 3) and then the guy takes out a flame thrower (to kill the rest 3) ,you realise that the Greek summer sky filled with stars is way too good to be distracted by a movie like this!",negative
"Wealthy widower Anthony Steffen (as Alan Cunningham) is a sadomasochistic lover, and British Lord. He brings sexy red-haired women to his castle, where he whips and murders them. Black-booted stripper Erika Blanc (as Susie) gets away, temporarily. Mr. Steffen is haunted by wife ""Evelyn"", who died in childbirth. As therapy, he decides to marry again, after meeting pretty blonde Marina Malfatti (as Gladys). By the end of the movie, they will have had to dig a few more graves. ""The Night Evelyn Came Out of the Grave"" is great title, at least.<br /><br />** La notte che Evelyn uscì dalla tomba (1971) Emilio Miraglia ~ Anthony Steffen, Marina Malfatti, Erika Blanc",negative
This movie is so bad that it actually gets funny. One of the worst movies I've ever seen in my entire life. The funny thing was that the trailer had scenes in it that wasn't in the movie. Just by watching the trailer I would have saved a lot of my time. It actually showed everything that happened in the movie except for the conclusion and that was also so obvious.<br /><br />It's honestly hard to think of a reason why this movie was made. This is just so bad. Horrible. <br /><br />I would give it 0 out of 10 if that would be possible. There is nothing else to say about this movie.,negative
"Treading Water is a very beautiful movie. I would put it straight under the wonderful short movie : Cosa bella from Fiona MacKenzie. It's not only about coming out but also about tolerance and acceptance in general. I am looking forward to seeing more of Laurel Himmel's work in the future. The actors, Angie Redman and Nina Landey are quite good. The main characters relationship could have been strenghtened a bit as we understand there is a very strong bond between them but maybe this could have been explained a bit. I am surprised that Angie Redman doesn't appear much in other movies. A great first step as a director for Laurel Himmel, I am sure there's more to see from her skills.",positive
"Despite Louis B. Mayer reportedly not being interested in signing the young Greta Garbo to a contract, this first American and MGM film for the actress looked quite beautiful. It's obvious that the film was assigned some amazing talent to film the production and make matte paintings, as it has all the nice polish and artfulness you'd expect from the best pictures the studio could produce. It simply looks beautiful--even 84 years later.<br /><br />As for Garbo herself, like her other very early American films she, too, looks different. While she's quite recognizable, her makeup is much softer than it would become just a year later--giving her a less severe look and a gentleness about her you just didn't see in subsequent films. I kind of wish they'd kept this look, but considering how famous she'd become with the trademark look, who am I to say they shouldn't have gone that route?! The film is about Garbo and how she and her family are unfairly forced off their land by the landlord. While the landlady, the much esteemed Doña Bernarda, claims it's because the bank has demanded payment, it's because her son has fallen for Garbo--and what better way to get rid of her than to force them out on the streets! Nice lady, huh?! Years pass and by now Garbo has become a new singing sensation who is world-famous. When she returns to her hometown years later, her old boyfriend (who HAD promised to marry her but wimped out when his mother, Doña Bernarda, refused to allow it) sees her. His new love for another lady is now tested--will he be content to marry this lady who is the heir to a huge pig fortune or will he want his old flame? And, more importantly, will Garbo even take him back after he behaved so spinelessly? In the meantime, a huge rainstorm hits. The land begins to flood and homes soon are being washed away by the deluge. Cortez and a friend make a mad dash as the dam breaks! In a scene where they obviously superimposed his row boat over the cascading stream, he eventually makes it out alive and to the home where Garbo is now staying. She welcomes them inside and they stay with her until the storm passes. Then, he admits that he still loves her and had braved the storm to make sure that she was safe. She tells him to get lost! Next, you see Ricardo about to get married to his second choice, the daughter of the Pork King. He obviously has little enthusiasm for this--and you feel sorry for the lady, as she did nothing wrong. Soon, Cortez is seen wandering back to Garbo's home--he's love-sick and needs her. In this scene, Garbo is quite luminous and can't tell him to leave--as they dissolve in each other's arms. Once again, he tells her of his love for her.<br /><br />When Doña Bernarda learns of this, she is not pleased. Evidently, a Pork Queen is a better catch than an internationally known singer. Because of the meddling of this nasty old lady, Garbo leaves--unwilling to come between the mother and her wimpy son. But, Cortez comes running--announcing he MUST have her and won't rest until he has her as his wife. Moments after making this proclamation, a family friend talks to Cortez and convinces him to give her up for the good of his career and reputation. So much for ""won't rest until he has her for his wife"", huh?! Despite Cortez being a wimp through and through, for some reason she cannot bring herself to hate him. And so, he marries the Pork Queen and lives a very dull life. When years later Garbo meets Cortez again, he is a dull looking middle-aged man--while she is as beautiful as ever. And, not surprisingly, she tells him, once again, to get lost.<br /><br />At the time this film was made, Garbo was not a star in the US and Cortez was. So, in light of this, it's surprising they gave Cortez such an unlikable character to play. Instead of the usual confident Valentino-like role they'd been giving him, here he is an indecisive wimp--a HUGE wimp. And, from here on, his career was on a slow downward spiral. As for Garbo, the role helped establish her as a big star--as she was THE focus of the film and played a character much like her later personas.<br /><br />As for the film, the new music composed for it was very nice, though a tad repetitive. The print, oddly, was nearly perfect throughout except for the intertitle cards--which could use some restoration.<br /><br />A most enjoyable film--expertly constructed, wistful and worth seeing. And, for one of the few times I can think of it, I have no real complaints in this excellent film.",positive
"Yowsa! If you REALLY want some ACTION, check out the babes and bombs on this non-stop thriller! Veteran star MARTIN SHEEN leads a trio of supermodels on a mission to stop nuclear terrorism... but director Dean Hamilton doesn't let this heavy plotline get in the way of massive doses of TEENSY-SWIMSUIT scenes, jiggly beach jogs, hubba-hubba hot tubs and the like! Want action? You'll get more of it here than in PEARL HARBOR. Want babes? You'll get an eyeful every two minutes. Want more? Go out and BUY THIS VIDEO! Yowsa, Yowsa, Yowsa! That's some mighty spicy meatballs!!!",positive
"When I started watching ""Fay Grim"", I had no idea that it was a sequel to ""Henry Fool"". Now, the latter was not a movie that I envisioned as having a sequel. But one has arrived, and it's quite good. I assume that you've seen the original, so I won't explain it. This one starts with Fay (Parker Posey) living with her son whom she had with deadbeat Henry (Thomas Jay Ryan). Simon (James Urbaniak) is still in jail. One day, the son gets expelled for bringing a pornographic toy to school. But this is no ordinary toy. It holds a secret that explains much of what happened in the first movie. And this secret delves deeper into geopolitics than ""Syriana"".<br /><br />I must say that I'm quite impressed with what Hal Hartley has accomplished here. Maybe this one doesn't quite reach the original's quality, but it certainly takes a good look at what's going on in the world. And the end leaves open the possibility for another sequel.<br /><br />Also starring Jeff Goldblum.",positive
"In the opinion of several of my friends and family members, including myself, this is the finest of the entire gamut of Tarzan movies. Johnny Weissmuller never played the part as well in the following issues in the series. It definitely rates a ""10"" in my collection of films.",positive
"This is an excellent anime movie. It is well animated, has a good intricate plot and very good music. I understand that some may think of it as a little long, but I think that it is a good length and the animation is good traditional anime.<br /><br />THREE CHARACTERS:<br /><br />The way they use Tenkai is masterly. For example the body double showing up at all these locations adds to the ominous tone of the movie. The design of Tenkai is good too, the way he looks as a monk and in the end scene the armour he is wearing.<br /><br />The old man Andou is down to earth and a very likable character. When Jiro meets him it's a turning point in the movie.<br /><br />Sanpei, the Satsuma Shinobi who infiltrated Tenkais clan saves Jiros life twice. He stays in the background most of the movie though, but he is really one of the heroes of the movie.<br /><br />THE PLOT: The plot is good. It is traditional without being unoriginal. The historical time it is acted out in is interesting, The meiji restoration. The treasure is sought after by Tenkai to restore the shogunate while when Jiro finds it he uses it to help the anti-shogunate forces overthrow the shogunate.<br /><br />The way Tenkai tricks Jiro is interesting and has sort of a ""Hamlet"" feel to it. There is also a sweet irony to the fact that if Tenkai had not gotten Jiro to become a shinobi I don't think that he had been able to kill him in the end(Maybe by firearm, but not hand to hand combat weapons).<br /><br />The plot with all the death makes it mostly very dark, but there's some light moments when we see some of Jiros childhood memories. All in all it's a good, dark, intricate plot.<br /><br />THE MUSIC: The opening theme for example is very good with the electric guitar and drums. They occasionally in that piece use what I believe to be taiko drums, but i'm not sure.<br /><br />There is a lot of good music. Like the one played while they are traveling to the Iga shinobi. I believe the piece is called ""Numatou"" and has an incredible flute in it. The flute might be a pan flute, but more probably a shakuhachi.<br /><br />The end theme ""Kamui no komoriuta"" is calm and delicate. The vocals are beautiful and so is the song in general.<br /><br />THE ANIMATION:<br /><br />The animation, while good, is not perfect and the blood that runs down the characters do sometimes appear to be orange. The transitions are interesting and I think some transitions are very nice. One example of a nice transition is when Jiro and the Iga shinobi are running, there is the sunset in the background and the music is playing. The transition is simple, but effective and has a nice feeling too it.<br /><br />MY FINAL WORDS: I think that the plot, the animation, the music and the characters make this into one of the best anime movies I have ever seen.",positive
"""Showtime"" falls somewhere north of what some critics have been saying, and a little south of what I expected months ago when I first heard about Eddie Murphy and Robert Di Niro teaming up for a comedy. Overall, it was pretty good! As ""real life"" crime or cops go-- and plot, for that matter-- it is pretty illogical, but DUH--- this is a comedy. Also, while the special effects, chases, aerial shots, and skyscrapers blowing up were present but lower key than a Schwartzenegger movie, I found it a bit tiresome and overdone. 9/11 sensibilities aside, for myself, all that pyro-techno hyper-effect stuff had been getting really old these past few years. It seemed a lame substitute for characterization, story, and engaging emotions. I hope the lesser quantity of it in ""Showtime"" is an indicator of a trend in Hollywood. A trend downwards, of less use of the silly, less use of the exploding building.<br /><br />Di Niro and Murphy are two of my favorites. Their screen presence and charisma-- and even their character depth-- have been ""a joy to behold"" for many years. That can't be dismissed here--- they are engaging actors, and entertaining and appealing in this movie. I can't put my finger on it, but perhaps the explosions, the excessive FX, and all of that diminished the final product??? Perhaps, or perhaps it was something else, or a combination of factors that gives one the sense that the movie didn't achieve its highest potential. Whatever it was, ""Showtime"" was entertaining-- I probably will buy the DVD when it comes out-- but I had the vibe that it nonetheless wasn't all it could have been. At least not all I had hoped for.<br /><br />Very good movie, but not a great movie. I gave it an 8 out of 10.",positive
